{"type":"FeatureCollection","name":"kijunten_merged","features":[{"type":"Feature","geometry":{"type":"Point","coordinates":[131.7016556111,32.6744515833]},"properties":{"_markerType":"Icon","_iconUrl":"https://service.gsi.go.jp/kijunten/contents/screen/point/images/Public/TR1.png","_iconSize":[20,20],"name":"10-1-01","成果ID":"904757","種別":"基準点","作業内容":"座標変換（ソフトウェア）","等級":"1級","水準点兼用コード":"兼用なし","点名":"10-1-01","成果区分":"世界測地系（測地成果2011）","閲覧・謄本交付の可否":"閲覧・謄本交付可","成果状態":"正常（新設）","ワンストップ可否":"○","助言番号":"H14I0457","計画機関名":"国土交通省九州地方整備局延岡河川国道事務所","_sourceFile":"20260505_202211_Public.geojson","_sourceKind":"Public"}},{"type":"Feature","geometry":{"type":"Point","coordinates":[131.6968504167,32.6760172778]},"properties":{"_markerType":"Icon","_iconUrl":"https://service.gsi.go.jp/kijunten/contents/screen/point/images/Public/TR2.png","_iconSize":[20,20],"name":"基-１","成果ID":"904758","種別":"基準点","作業内容":"新設","等級":"2級","水準点兼用コード":"兼用なし","点名":"基-１","成果区分":"世界測地系（測地成果2011）","閲覧・謄本交付の可否":"閲覧・謄本交付可","成果状態":"正常（新設）","ワンストップ可否":"○","助言番号":"H14I0457","計画機関名":"国土交通省九州地方整備局延岡河川国道事務所","_sourceFile":"20260505_202211_Public.geojson","_sourceKind":"Public"}},{"type":"Feature","geometry":{"type":"Point","coordinates":[131.7027658889,32.7084817222]},"properties":{"_markerType":"Icon","_iconUrl":"https://service.gsi.go.jp/kijunten/contents/screen/point/images/Public/TR2.png","_iconSize":[20,20],"name":"基Ⅱ-7","成果ID":"905425","種別":"基準点","作業内容":"新設","等級":"2級","水準点兼用コード":"兼用なし","点名":"基Ⅱ-7","成果区分":"世界測地系（測地成果2011）","閲覧・謄本交付の可否":"閲覧・謄本交付可","成果状態":"正常（新設）","ワンストップ可否":"×","助言番号":"H15I0050","計画機関名":"宮崎県","_sourceFile":"20260505_202211_Public.geojson","_sourceKind":"Public"}},{"type":"Feature","geometry":{"type":"Point","coordinates":[131.7005805278,32.7076190556]},"properties":{"_markerType":"Icon","_iconUrl":"https://service.gsi.go.jp/kijunten/contents/screen/point/images/Public/TR2.png","_iconSize":[20,20],"name":"基Ⅱ-8","成果ID":"905426","種別":"基準点","作業内容":"新設","等級":"2級","水準点兼用コード":"兼用なし","点名":"基Ⅱ-8","成果区分":"世界測地系（測地成果2011）","閲覧・謄本交付の可否":"閲覧・謄本交付可","成果状態":"正常（新設）","ワンストップ可否":"×","助言番号":"H15I0050","計画機関名":"宮崎県","_sourceFile":"20260505_202211_Public.geojson","_sourceKind":"Public"}},{"type":"Feature","geometry":{"type":"Point","coordinates":[131.7023639444,32.7113760278]},"properties":{"_markerType":"Icon","_iconUrl":"https://service.gsi.go.jp/kijunten/contents/screen/point/images/Public/TR2.png","_iconSize":[20,20],"name":"基Ⅱ-6","成果ID":"905427","種別":"基準点","作業内容":"新設","等級":"2級","水準点兼用コード":"兼用なし","点名":"基Ⅱ-6","成果区分":"世界測地系（測地成果2011）","閲覧・謄本交付の可否":"閲覧・謄本交付可","成果状態":"正常（新設）","ワンストップ可否":"×","助言番号":"H15I0050","計画機関名":"宮崎県","_sourceFile":"20260505_202211_Public.geojson","_sourceKind":"Public"}},{"type":"Feature","geometry":{"type":"Point","coordinates":[131.7140162778,32.6793591944]},"properties":{"_markerType":"Icon","_iconUrl":"https://service.gsi.go.jp/kijunten/contents/screen/point/images/Public/TR2.png","_iconSize":[20,20],"name":"基Ⅱ-10","成果ID":"905428","種別":"基準点","作業内容":"新設","等級":"2級","水準点兼用コード":"兼用なし","点名":"基Ⅱ-10","成果区分":"世界測地系（測地成果2011）","閲覧・謄本交付の可否":"閲覧・謄本交付可","成果状態":"正常（新設）","ワンストップ可否":"×","助言番号":"H15I0051","計画機関名":"宮崎県","_sourceFile":"20260505_202211_Public.geojson","_sourceKind":"Public"}},{"type":"Feature","geometry":{"type":"Point","coordinates":[131.7083656944,32.6753708333]},"properties":{"_markerType":"Icon","_iconUrl":"https://service.gsi.go.jp/kijunten/contents/screen/point/images/Public/TR2.png","_iconSize":[20,20],"name":"基Ⅱ-12","成果ID":"905429","種別":"基準点","作業内容":"新設","等級":"2級","水準点兼用コード":"兼用なし","点名":"基Ⅱ-12","成果区分":"世界測地系（測地成果2011）","閲覧・謄本交付の可否":"閲覧・謄本交付可","成果状態":"正常（新設）","ワンストップ可否":"×","助言番号":"H15I0051","計画機関名":"宮崎県","_sourceFile":"20260505_202211_Public.geojson","_sourceKind":"Public"}},{"type":"Feature","geometry":{"type":"Point","coordinates":[131.7093417778,32.6771526944]},"properties":{"_markerType":"Icon","_iconUrl":"https://service.gsi.go.jp/kijunten/contents/screen/point/images/Public/TR2.png","_iconSize":[20,20],"name":"基Ⅱ-11","成果ID":"905430","種別":"基準点","作業内容":"新設","等級":"2級","水準点兼用コード":"兼用なし","点名":"基Ⅱ-11","成果区分":"世界測地系（測地成果2011）","閲覧・謄本交付の可否":"閲覧・謄本交付可","成果状態":"正常（新設）","ワンストップ可否":"×","助言番号":"H15I0051","計画機関名":"宮崎県","_sourceFile":"20260505_202211_Public.geojson","_sourceKind":"Public"}},{"type":"Feature","geometry":{"type":"Point","coordinates":[131.7106266944,32.6791380278]},"properties":{"_markerType":"Icon","_iconUrl":"https://service.gsi.go.jp/kijunten/contents/screen/point/images/Public/TR2.png","_iconSize":[20,20],"name":"基Ⅱ-9","成果ID":"905431","種別":"基準点","作業内容":"新設","等級":"2級","水準点兼用コード":"兼用なし","点名":"基Ⅱ-9","成果区分":"世界測地系（測地成果2011）","閲覧・謄本交付の可否":"閲覧・謄本交付可","成果状態":"正常（新設）","ワンストップ可否":"×","助言番号":"H15I0051","計画機関名":"宮崎県","_sourceFile":"20260505_202211_Public.geojson","_sourceKind":"Public"}},{"type":"Feature","geometry":{"type":"Point","coordinates":[131.7107762778,32.6637321667]},"properties":{"_markerType":"Icon","_iconUrl":"https://service.gsi.go.jp/kijunten/contents/screen/point/images/Public/TR2.png","_iconSize":[20,20],"name":"基Ⅱ-13","成果ID":"909795","種別":"基準点","作業内容":"新設","等級":"2級","水準点兼用コード":"兼用なし","点名":"基Ⅱ-13","成果区分":"世界測地系（測地成果2011）","閲覧・謄本交付の可否":"閲覧・謄本交付可","成果状態":"正常（新設）","ワンストップ可否":"×","助言番号":"H16I0034","計画機関名":"宮崎県","_sourceFile":"20260505_202211_Public.geojson","_sourceKind":"Public"}},{"type":"Feature","geometry":{"type":"Point","coordinates":[131.6993284167,32.66257825]},"properties":{"_markerType":"Icon","_iconUrl":"https://service.gsi.go.jp/kijunten/contents/screen/point/images/Public/TR2.png","_iconSize":[20,20],"name":"基Ⅱ-14","成果ID":"909796","種別":"基準点","作業内容":"新設","等級":"2級","水準点兼用コード":"兼用なし","点名":"基Ⅱ-14","成果区分":"世界測地系（測地成果2011）","閲覧・謄本交付の可否":"閲覧・謄本交付可","成果状態":"正常（新設）","ワンストップ可否":"×","助言番号":"H16I0034","計画機関名":"宮崎県","_sourceFile":"20260505_202211_Public.geojson","_sourceKind":"Public"}},{"type":"Feature","geometry":{"type":"Point","coordinates":[131.7035985833,32.661967]},"properties":{"_markerType":"Icon","_iconUrl":"https://service.gsi.go.jp/kijunten/contents/screen/point/images/Public/TR2.png","_iconSize":[20,20],"name":"基Ⅱ-15","成果ID":"909797","種別":"基準点","作業内容":"新設","等級":"2級","水準点兼用コード":"兼用なし","点名":"基Ⅱ-15","成果区分":"世界測地系（測地成果2011）","閲覧・謄本交付の可否":"閲覧・謄本交付可","成果状態":"正常（新設）","ワンストップ可否":"×","助言番号":"H16I0034","計画機関名":"宮崎県","_sourceFile":"20260505_202211_Public.geojson","_sourceKind":"Public"}},{"type":"Feature","geometry":{"type":"Point","coordinates":[131.7088137778,32.6613564167]},"properties":{"_markerType":"Icon","_iconUrl":"https://service.gsi.go.jp/kijunten/contents/screen/point/images/Public/TR2.png","_iconSize":[20,20],"name":"基Ⅱ-16","成果ID":"909798","種別":"基準点","作業内容":"新設","等級":"2級","水準点兼用コード":"兼用なし","点名":"基Ⅱ-16","成果区分":"世界測地系（測地成果2011）","閲覧・謄本交付の可否":"閲覧・謄本交付可","成果状態":"正常（新設）","ワンストップ可否":"×","助言番号":"H16I0034","計画機関名":"宮崎県","_sourceFile":"20260505_202211_Public.geojson","_sourceKind":"Public"}},{"type":"Feature","geometry":{"type":"Point","coordinates":[131.69590775,32.66059825]},"properties":{"_markerType":"Icon","_iconUrl":"https://service.gsi.go.jp/kijunten/contents/screen/point/images/Public/TR2.png","_iconSize":[20,20],"name":"基Ⅱ-17","成果ID":"909799","種別":"基準点","作業内容":"新設","等級":"2級","水準点兼用コード":"兼用なし","点名":"基Ⅱ-17","成果区分":"世界測地系（測地成果2011）","閲覧・謄本交付の可否":"閲覧・謄本交付可","成果状態":"正常（新設）","ワンストップ可否":"×","助言番号":"H16I0034","計画機関名":"宮崎県","_sourceFile":"20260505_202211_Public.geojson","_sourceKind":"Public"}},{"type":"Feature","geometry":{"type":"Point","coordinates":[131.8225137222,32.7124358333]},"properties":{"_markerType":"Icon","_iconUrl":"https://service.gsi.go.jp/kijunten/contents/screen/point/images/Public/TR2.png","_iconSize":[20,20],"name":"ＮＯ.１","成果ID":"910238","種別":"基準点","作業内容":"新設","等級":"2級","水準点兼用コード":"兼用なし","点名":"ＮＯ.１","成果区分":"世界測地系（測地成果2011）","閲覧・謄本交付の可否":"閲覧・謄本交付可","成果状態":"正常（新設）","ワンストップ可否":"×","助言番号":"H16I0197","計画機関名":"宮崎県延岡土木事務所","_sourceFile":"20260505_202211_Public.geojson","_sourceKind":"Public"}},{"type":"Feature","geometry":{"type":"Point","coordinates":[131.8275355278,32.70639]},"properties":{"_markerType":"Icon","_iconUrl":"https://service.gsi.go.jp/kijunten/contents/screen/point/images/Public/TR2.png","_iconSize":[20,20],"name":"ＮＯ.２","成果ID":"910239","種別":"基準点","作業内容":"新設","等級":"2級","水準点兼用コード":"兼用なし","点名":"ＮＯ.２","成果区分":"世界測地系（測地成果2011）","閲覧・謄本交付の可否":"閲覧・謄本交付可","成果状態":"正常（新設）","ワンストップ可否":"×","助言番号":"H16I0197","計画機関名":"宮崎県延岡土木事務所","_sourceFile":"20260505_202211_Public.geojson","_sourceKind":"Public"}},{"type":"Feature","geometry":{"type":"Point","coordinates":[131.8226257778,32.7053271389]},"properties":{"_markerType":"Icon","_iconUrl":"https://service.gsi.go.jp/kijunten/contents/screen/point/images/Public/TR2.png","_iconSize":[20,20],"name":"ＮＯ.３","成果ID":"910240","種別":"基準点","作業内容":"新設","等級":"2級","水準点兼用コード":"兼用なし","点名":"ＮＯ.３","成果区分":"世界測地系（測地成果2011）","閲覧・謄本交付の可否":"閲覧・謄本交付可","成果状態":"正常（新設）","ワンストップ可否":"×","助言番号":"H16I0197","計画機関名":"宮崎県延岡土木事務所","_sourceFile":"20260505_202211_Public.geojson","_sourceKind":"Public"}},{"type":"Feature","geometry":{"type":"Point","coordinates":[131.8270333611,32.7292786389]},"properties":{"_markerType":"Icon","_iconUrl":"https://service.gsi.go.jp/kijunten/contents/screen/point/images/Public/TR2.png","_iconSize":[20,20],"name":"NO.2005-02","成果ID":"912652","種別":"基準点","作業内容":"新設","等級":"2級","水準点兼用コード":"兼用なし","点名":"NO.2005-02","成果区分":"世界測地系（測地成果2011）","閲覧・謄本交付の可否":"閲覧・謄本交付可","成果状態":"正常（新設）","ワンストップ可否":"×","助言番号":"H17I0067","計画機関名":"NEXCO西日本九州支社延岡工事事務所","_sourceFile":"20260505_202211_Public.geojson","_sourceKind":"Public"}},{"type":"Feature","geometry":{"type":"Point","coordinates":[131.8248538611,32.7247065]},"properties":{"_markerType":"Icon","_iconUrl":"https://service.gsi.go.jp/kijunten/contents/screen/point/images/Public/TR2.png","_iconSize":[20,20],"name":"NO.2005-03","成果ID":"912653","種別":"基準点","作業内容":"新設","等級":"2級","水準点兼用コード":"兼用なし","点名":"NO.2005-03","成果区分":"世界測地系（測地成果2011）","閲覧・謄本交付の可否":"閲覧・謄本交付可","成果状態":"正常（新設）","ワンストップ可否":"×","助言番号":"H17I0067","計画機関名":"NEXCO西日本九州支社延岡工事事務所","_sourceFile":"20260505_202211_Public.geojson","_sourceKind":"Public"}},{"type":"Feature","geometry":{"type":"Point","coordinates":[131.8235688889,32.7232765556]},"properties":{"_markerType":"Icon","_iconUrl":"https://service.gsi.go.jp/kijunten/contents/screen/point/images/Public/TR2.png","_iconSize":[20,20],"name":"NO.2005-04","成果ID":"912654","種別":"基準点","作業内容":"新設","等級":"2級","水準点兼用コード":"兼用なし","点名":"NO.2005-04","成果区分":"世界測地系（測地成果2011）","閲覧・謄本交付の可否":"閲覧・謄本交付可","成果状態":"正常（新設）","ワンストップ可否":"×","助言番号":"H17I0067","計画機関名":"NEXCO西日本九州支社延岡工事事務所","_sourceFile":"20260505_202211_Public.geojson","_sourceKind":"Public"}},{"type":"Feature","geometry":{"type":"Point","coordinates":[131.8213102222,32.7198042778]},"properties":{"_markerType":"Icon","_iconUrl":"https://service.gsi.go.jp/kijunten/contents/screen/point/images/Public/TR2.png","_iconSize":[20,20],"name":"NO.2005-05","成果ID":"912655","種別":"基準点","作業内容":"新設","等級":"2級","水準点兼用コード":"兼用なし","点名":"NO.2005-05","成果区分":"世界測地系（測地成果2011）","閲覧・謄本交付の可否":"閲覧・謄本交付可","成果状態":"正常（新設）","ワンストップ可否":"×","助言番号":"H17I0067","計画機関名":"NEXCO西日本九州支社延岡工事事務所","_sourceFile":"20260505_202211_Public.geojson","_sourceKind":"Public"}},{"type":"Feature","geometry":{"type":"Point","coordinates":[131.8196530833,32.7161435278]},"properties":{"_markerType":"Icon","_iconUrl":"https://service.gsi.go.jp/kijunten/contents/screen/point/images/Public/TR2.png","_iconSize":[20,20],"name":"NO.2005-06","成果ID":"912656","種別":"基準点","作業内容":"新設","等級":"2級","水準点兼用コード":"兼用なし","点名":"NO.2005-06","成果区分":"世界測地系（測地成果2011）","閲覧・謄本交付の可否":"閲覧・謄本交付可","成果状態":"正常（新設）","ワンストップ可否":"×","助言番号":"H17I0067","計画機関名":"NEXCO西日本九州支社延岡工事事務所","_sourceFile":"20260505_202211_Public.geojson","_sourceKind":"Public"}},{"type":"Feature","geometry":{"type":"Point","coordinates":[131.8182802222,32.7130551944]},"properties":{"_markerType":"Icon","_iconUrl":"https://service.gsi.go.jp/kijunten/contents/screen/point/images/Public/TR2.png","_iconSize":[20,20],"name":"NO.2005-07","成果ID":"912657","種別":"基準点","作業内容":"新設","等級":"2級","水準点兼用コード":"兼用なし","点名":"NO.2005-07","成果区分":"世界測地系（測地成果2011）","閲覧・謄本交付の可否":"閲覧・謄本交付可","成果状態":"正常（新設）","ワンストップ可否":"×","助言番号":"H17I0067","計画機関名":"NEXCO西日本九州支社延岡工事事務所","_sourceFile":"20260505_202211_Public.geojson","_sourceKind":"Public"}},{"type":"Feature","geometry":{"type":"Point","coordinates":[131.8152399167,32.7116853611]},"properties":{"_markerType":"Icon","_iconUrl":"https://service.gsi.go.jp/kijunten/contents/screen/point/images/Public/TR2.png","_iconSize":[20,20],"name":"NO.2005-08","成果ID":"912658","種別":"基準点","作業内容":"新設","等級":"2級","水準点兼用コード":"兼用なし","点名":"NO.2005-08","成果区分":"世界測地系（測地成果2011）","閲覧・謄本交付の可否":"閲覧・謄本交付可","成果状態":"正常（新設）","ワンストップ可否":"×","助言番号":"H17I0067","計画機関名":"NEXCO西日本九州支社延岡工事事務所","_sourceFile":"20260505_202211_Public.geojson","_sourceKind":"Public"}},{"type":"Feature","geometry":{"type":"Point","coordinates":[131.8196075556,32.7095800278]},"properties":{"_markerType":"Icon","_iconUrl":"https://service.gsi.go.jp/kijunten/contents/screen/point/images/Public/TR2.png","_iconSize":[20,20],"name":"NO.2005-09","成果ID":"912659","種別":"基準点","作業内容":"新設","等級":"2級","水準点兼用コード":"兼用なし","点名":"NO.2005-09","成果区分":"世界測地系（測地成果2011）","閲覧・謄本交付の可否":"閲覧・謄本交付可","成果状態":"正常（新設）","ワンストップ可否":"×","助言番号":"H17I0067","計画機関名":"NEXCO西日本九州支社延岡工事事務所","_sourceFile":"20260505_202211_Public.geojson","_sourceKind":"Public"}},{"type":"Feature","geometry":{"type":"Point","coordinates":[131.814401,32.7083788056]},"properties":{"_markerType":"Icon","_iconUrl":"https://service.gsi.go.jp/kijunten/contents/screen/point/images/Public/TR2.png","_iconSize":[20,20],"name":"NO.2005-10","成果ID":"912660","種別":"基準点","作業内容":"新設","等級":"2級","水準点兼用コード":"兼用なし","点名":"NO.2005-10","成果区分":"世界測地系（測地成果2011）","閲覧・謄本交付の可否":"閲覧・謄本交付可","成果状態":"正常（新設）","ワンストップ可否":"×","助言番号":"H17I0067","計画機関名":"NEXCO西日本九州支社延岡工事事務所","_sourceFile":"20260505_202211_Public.geojson","_sourceKind":"Public"}},{"type":"Feature","geometry":{"type":"Point","coordinates":[131.8114123889,32.7071502222]},"properties":{"_markerType":"Icon","_iconUrl":"https://service.gsi.go.jp/kijunten/contents/screen/point/images/Public/TR2.png","_iconSize":[20,20],"name":"NO.2005-11","成果ID":"912661","種別":"基準点","作業内容":"新設","等級":"2級","水準点兼用コード":"兼用なし","点名":"NO.2005-11","成果区分":"世界測地系（測地成果2011）","閲覧・謄本交付の可否":"閲覧・謄本交付可","成果状態":"正常（新設）","ワンストップ可否":"×","助言番号":"H17I0067","計画機関名":"NEXCO西日本九州支社延岡工事事務所","_sourceFile":"20260505_202211_Public.geojson","_sourceKind":"Public"}},{"type":"Feature","geometry":{"type":"Point","coordinates":[131.8186963611,32.7036161389]},"properties":{"_markerType":"Icon","_iconUrl":"https://service.gsi.go.jp/kijunten/contents/screen/point/images/Public/TR2.png","_iconSize":[20,20],"name":"NO.2005-01","成果ID":"912662","種別":"基準点","作業内容":"新設","等級":"2級","水準点兼用コード":"兼用なし","点名":"NO.2005-01","成果区分":"世界測地系（測地成果2011）","閲覧・謄本交付の可否":"閲覧・謄本交付可","成果状態":"正常（新設）","ワンストップ可否":"×","助言番号":"H17I0067","計画機関名":"NEXCO西日本九州支社延岡工事事務所","_sourceFile":"20260505_202211_Public.geojson","_sourceKind":"Public"}},{"type":"Feature","geometry":{"type":"Point","coordinates":[131.7864556667,32.6962569722]},"properties":{"_markerType":"Icon","_iconUrl":"https://service.gsi.go.jp/kijunten/contents/screen/point/images/Public/TR2.png","_iconSize":[20,20],"name":"NO.2005-12","成果ID":"912663","種別":"基準点","作業内容":"新設","等級":"2級","水準点兼用コード":"兼用なし","点名":"NO.2005-12","成果区分":"世界測地系（測地成果2011）","閲覧・謄本交付の可否":"閲覧・謄本交付可","成果状態":"正常（新設）","ワンストップ可否":"×","助言番号":"H17I0067","計画機関名":"NEXCO西日本九州支社延岡工事事務所","_sourceFile":"20260505_202211_Public.geojson","_sourceKind":"Public"}},{"type":"Feature","geometry":{"type":"Point","coordinates":[131.7874775556,32.6902457222]},"properties":{"_markerType":"Icon","_iconUrl":"https://service.gsi.go.jp/kijunten/contents/screen/point/images/Public/TR2.png","_iconSize":[20,20],"name":"NO.2005-13","成果ID":"912664","種別":"基準点","作業内容":"新設","等級":"2級","水準点兼用コード":"兼用なし","点名":"NO.2005-13","成果区分":"世界測地系（測地成果2011）","閲覧・謄本交付の可否":"閲覧・謄本交付可","成果状態":"正常（新設）","ワンストップ可否":"×","助言番号":"H17I0067","計画機関名":"NEXCO西日本九州支社延岡工事事務所","_sourceFile":"20260505_202211_Public.geojson","_sourceKind":"Public"}},{"type":"Feature","geometry":{"type":"Point","coordinates":[131.7828913611,32.6918122778]},"properties":{"_markerType":"Icon","_iconUrl":"https://service.gsi.go.jp/kijunten/contents/screen/point/images/Public/TR2.png","_iconSize":[20,20],"name":"NO.2005-14","成果ID":"912665","種別":"基準点","作業内容":"新設","等級":"2級","水準点兼用コード":"兼用なし","点名":"NO.2005-14","成果区分":"世界測地系（測地成果2011）","閲覧・謄本交付の可否":"閲覧・謄本交付可","成果状態":"正常（新設）","ワンストップ可否":"×","助言番号":"H17I0068","計画機関名":"NEXCO西日本九州支社延岡工事事務所","_sourceFile":"20260505_202211_Public.geojson","_sourceKind":"Public"}},{"type":"Feature","geometry":{"type":"Point","coordinates":[131.7815679444,32.6898651944]},"properties":{"_markerType":"Icon","_iconUrl":"https://service.gsi.go.jp/kijunten/contents/screen/point/images/Public/TR2.png","_iconSize":[20,20],"name":"NO.2005-15","成果ID":"912666","種別":"基準点","作業内容":"新設","等級":"2級","水準点兼用コード":"兼用なし","点名":"NO.2005-15","成果区分":"世界測地系（測地成果2011）","閲覧・謄本交付の可否":"閲覧・謄本交付可","成果状態":"正常（新設）","ワンストップ可否":"×","助言番号":"H17I0068","計画機関名":"NEXCO西日本九州支社延岡工事事務所","_sourceFile":"20260505_202211_Public.geojson","_sourceKind":"Public"}},{"type":"Feature","geometry":{"type":"Point","coordinates":[131.7799804722,32.686477]},"properties":{"_markerType":"Icon","_iconUrl":"https://service.gsi.go.jp/kijunten/contents/screen/point/images/Public/TR2.png","_iconSize":[20,20],"name":"NO.2005-16","成果ID":"912667","種別":"基準点","作業内容":"新設","等級":"2級","水準点兼用コード":"兼用なし","点名":"NO.2005-16","成果区分":"世界測地系（測地成果2011）","閲覧・謄本交付の可否":"閲覧・謄本交付可","成果状態":"正常（新設）","ワンストップ可否":"×","助言番号":"H17I0068","計画機関名":"NEXCO西日本九州支社延岡工事事務所","_sourceFile":"20260505_202211_Public.geojson","_sourceKind":"Public"}},{"type":"Feature","geometry":{"type":"Point","coordinates":[131.7718731111,32.6844400556]},"properties":{"_markerType":"Icon","_iconUrl":"https://service.gsi.go.jp/kijunten/contents/screen/point/images/Public/TR2.png","_iconSize":[20,20],"name":"NO.2005-17","成果ID":"912668","種別":"基準点","作業内容":"新設","等級":"2級","水準点兼用コード":"兼用なし","点名":"NO.2005-17","成果区分":"世界測地系（測地成果2011）","閲覧・謄本交付の可否":"閲覧・謄本交付可","成果状態":"正常（新設）","ワンストップ可否":"×","助言番号":"H17I0068","計画機関名":"NEXCO西日本九州支社延岡工事事務所","_sourceFile":"20260505_202211_Public.geojson","_sourceKind":"Public"}},{"type":"Feature","geometry":{"type":"Point","coordinates":[131.7775256111,32.6787579167]},"properties":{"_markerType":"Icon","_iconUrl":"https://service.gsi.go.jp/kijunten/contents/screen/point/images/Public/TR2.png","_iconSize":[20,20],"name":"NO.2005-18","成果ID":"912669","種別":"基準点","作業内容":"新設","等級":"2級","水準点兼用コード":"兼用なし","点名":"NO.2005-18","成果区分":"世界測地系（測地成果2011）","閲覧・謄本交付の可否":"閲覧・謄本交付可","成果状態":"正常（新設）","ワンストップ可否":"×","助言番号":"H17I0068","計画機関名":"NEXCO西日本九州支社延岡工事事務所","_sourceFile":"20260505_202211_Public.geojson","_sourceKind":"Public"}},{"type":"Feature","geometry":{"type":"Point","coordinates":[131.7655099167,32.6773246944]},"properties":{"_markerType":"Icon","_iconUrl":"https://service.gsi.go.jp/kijunten/contents/screen/point/images/Public/TR2.png","_iconSize":[20,20],"name":"NO.2005-19","成果ID":"912670","種別":"基準点","作業内容":"新設","等級":"2級","水準点兼用コード":"兼用なし","点名":"NO.2005-19","成果区分":"世界測地系（測地成果2011）","閲覧・謄本交付の可否":"閲覧・謄本交付可","成果状態":"正常（新設）","ワンストップ可否":"×","助言番号":"H17I0068","計画機関名":"NEXCO西日本九州支社延岡工事事務所","_sourceFile":"20260505_202211_Public.geojson","_sourceKind":"Public"}},{"type":"Feature","geometry":{"type":"Point","coordinates":[131.7622373611,32.6718985556]},"properties":{"_markerType":"Icon","_iconUrl":"https://service.gsi.go.jp/kijunten/contents/screen/point/images/Public/TR2.png","_iconSize":[20,20],"name":"NO.2005-20","成果ID":"912671","種別":"基準点","作業内容":"新設","等級":"2級","水準点兼用コード":"兼用なし","点名":"NO.2005-20","成果区分":"世界測地系（測地成果2011）","閲覧・謄本交付の可否":"閲覧・謄本交付可","成果状態":"正常（新設）","ワンストップ可否":"×","助言番号":"H17I0068","計画機関名":"NEXCO西日本九州支社延岡工事事務所","_sourceFile":"20260505_202211_Public.geojson","_sourceKind":"Public"}},{"type":"Feature","geometry":{"type":"Point","coordinates":[131.7587797222,32.6778254167]},"properties":{"_markerType":"Icon","_iconUrl":"https://service.gsi.go.jp/kijunten/contents/screen/point/images/Public/TR2.png","_iconSize":[20,20],"name":"NO.2005-21","成果ID":"912672","種別":"基準点","作業内容":"新設","等級":"2級","水準点兼用コード":"兼用なし","点名":"NO.2005-21","成果区分":"世界測地系（測地成果2011）","閲覧・謄本交付の可否":"閲覧・謄本交付可","成果状態":"正常（新設）","ワンストップ可否":"×","助言番号":"H17I0068","計画機関名":"NEXCO西日本九州支社延岡工事事務所","_sourceFile":"20260505_202211_Public.geojson","_sourceKind":"Public"}},{"type":"Feature","geometry":{"type":"Point","coordinates":[131.7434294722,32.6777863611]},"properties":{"_markerType":"Icon","_iconUrl":"https://service.gsi.go.jp/kijunten/contents/screen/point/images/Public/TR2.png","_iconSize":[20,20],"name":"NO.2005-22","成果ID":"912673","種別":"基準点","作業内容":"新設","等級":"2級","水準点兼用コード":"兼用なし","点名":"NO.2005-22","成果区分":"世界測地系（測地成果2011）","閲覧・謄本交付の可否":"閲覧・謄本交付可","成果状態":"正常（新設）","ワンストップ可否":"×","助言番号":"H17I0068","計画機関名":"NEXCO西日本九州支社延岡工事事務所","_sourceFile":"20260505_202211_Public.geojson","_sourceKind":"Public"}},{"type":"Feature","geometry":{"type":"Point","coordinates":[131.7352646944,32.6744766389]},"properties":{"_markerType":"Icon","_iconUrl":"https://service.gsi.go.jp/kijunten/contents/screen/point/images/Public/TR2.png","_iconSize":[20,20],"name":"NO.2005-23","成果ID":"912674","種別":"基準点","作業内容":"新設","等級":"2級","水準点兼用コード":"兼用なし","点名":"NO.2005-23","成果区分":"世界測地系（測地成果2011）","閲覧・謄本交付の可否":"閲覧・謄本交付可","成果状態":"正常（新設）","ワンストップ可否":"×","助言番号":"H17I0068","計画機関名":"NEXCO西日本九州支社延岡工事事務所","_sourceFile":"20260505_202211_Public.geojson","_sourceKind":"Public"}},{"type":"Feature","geometry":{"type":"Point","coordinates":[131.7309638889,32.6734303611]},"properties":{"_markerType":"Icon","_iconUrl":"https://service.gsi.go.jp/kijunten/contents/screen/point/images/Public/TR2.png","_iconSize":[20,20],"name":"NO.2005-24","成果ID":"912675","種別":"基準点","作業内容":"新設","等級":"2級","水準点兼用コード":"兼用なし","点名":"NO.2005-24","成果区分":"世界測地系（測地成果2011）","閲覧・謄本交付の可否":"閲覧・謄本交付可","成果状態":"正常（新設）","ワンストップ可否":"×","助言番号":"H17I0068","計画機関名":"NEXCO西日本九州支社延岡工事事務所","_sourceFile":"20260505_202211_Public.geojson","_sourceKind":"Public"}},{"type":"Feature","geometry":{"type":"Point","coordinates":[131.7268173889,32.6749075833]},"properties":{"_markerType":"Icon","_iconUrl":"https://service.gsi.go.jp/kijunten/contents/screen/point/images/Public/TR2.png","_iconSize":[20,20],"name":"NO.2005-25","成果ID":"912676","種別":"基準点","作業内容":"新設","等級":"2級","水準点兼用コード":"兼用なし","点名":"NO.2005-25","成果区分":"世界測地系（測地成果2011）","閲覧・謄本交付の可否":"閲覧・謄本交付可","成果状態":"正常（新設）","ワンストップ可否":"×","助言番号":"H17I0068","計画機関名":"NEXCO西日本九州支社延岡工事事務所","_sourceFile":"20260505_202211_Public.geojson","_sourceKind":"Public"}},{"type":"Feature","geometry":{"type":"Point","coordinates":[131.7228310556,32.6726324722]},"properties":{"_markerType":"Icon","_iconUrl":"https://service.gsi.go.jp/kijunten/contents/screen/point/images/Public/TR2.png","_iconSize":[20,20],"name":"NO.2005-26","成果ID":"912677","種別":"基準点","作業内容":"新設","等級":"2級","水準点兼用コード":"兼用なし","点名":"NO.2005-26","成果区分":"世界測地系（測地成果2011）","閲覧・謄本交付の可否":"閲覧・謄本交付可","成果状態":"正常（新設）","ワンストップ可否":"×","助言番号":"H17I0068","計画機関名":"NEXCO西日本九州支社延岡工事事務所","_sourceFile":"20260505_202211_Public.geojson","_sourceKind":"Public"}},{"type":"Feature","geometry":{"type":"Point","coordinates":[131.7156358611,32.6729885278]},"properties":{"_markerType":"Icon","_iconUrl":"https://service.gsi.go.jp/kijunten/contents/screen/point/images/Public/TR2.png","_iconSize":[20,20],"name":"NO.2005-27","成果ID":"912678","種別":"基準点","作業内容":"新設","等級":"2級","水準点兼用コード":"兼用なし","点名":"NO.2005-27","成果区分":"世界測地系（測地成果2011）","閲覧・謄本交付の可否":"閲覧・謄本交付可","成果状態":"正常（新設）","ワンストップ可否":"×","助言番号":"H17I0068","計画機関名":"NEXCO西日本九州支社延岡工事事務所","_sourceFile":"20260505_202211_Public.geojson","_sourceKind":"Public"}},{"type":"Feature","geometry":{"type":"Point","coordinates":[131.7157786944,32.6682562778]},"properties":{"_markerType":"Icon","_iconUrl":"https://service.gsi.go.jp/kijunten/contents/screen/point/images/Public/TR2.png","_iconSize":[20,20],"name":"NO.2005-28","成果ID":"912679","種別":"基準点","作業内容":"新設","等級":"2級","水準点兼用コード":"兼用なし","点名":"NO.2005-28","成果区分":"世界測地系（測地成果2011）","閲覧・謄本交付の可否":"閲覧・謄本交付可","成果状態":"正常（新設）","ワンストップ可否":"×","助言番号":"H17I0068","計画機関名":"NEXCO西日本九州支社延岡工事事務所","_sourceFile":"20260505_202211_Public.geojson","_sourceKind":"Public"}},{"type":"Feature","geometry":{"type":"Point","coordinates":[131.7117261111,32.6708012778]},"properties":{"_markerType":"Icon","_iconUrl":"https://service.gsi.go.jp/kijunten/contents/screen/point/images/Public/TR2.png","_iconSize":[20,20],"name":"NO.2005-29","成果ID":"912680","種別":"基準点","作業内容":"新設","等級":"2級","水準点兼用コード":"兼用なし","点名":"NO.2005-29","成果区分":"世界測地系（測地成果2011）","閲覧・謄本交付の可否":"閲覧・謄本交付可","成果状態":"正常（新設）","ワンストップ可否":"×","助言番号":"H17I0068","計画機関名":"NEXCO西日本九州支社延岡工事事務所","_sourceFile":"20260505_202211_Public.geojson","_sourceKind":"Public"}},{"type":"Feature","geometry":{"type":"Point","coordinates":[131.708476,32.6675793611]},"properties":{"_markerType":"Icon","_iconUrl":"https://service.gsi.go.jp/kijunten/contents/screen/point/images/Public/TR2.png","_iconSize":[20,20],"name":"NO.2005-30","成果ID":"912681","種別":"基準点","作業内容":"新設","等級":"2級","水準点兼用コード":"兼用なし","点名":"NO.2005-30","成果区分":"世界測地系（測地成果2011）","閲覧・謄本交付の可否":"閲覧・謄本交付可","成果状態":"正常（新設）","ワンストップ可否":"×","助言番号":"H17I0068","計画機関名":"NEXCO西日本九州支社延岡工事事務所","_sourceFile":"20260505_202211_Public.geojson","_sourceKind":"Public"}},{"type":"Feature","geometry":{"type":"Point","coordinates":[131.4920626389,32.5952165]},"properties":{"_markerType":"Icon","_iconUrl":"https://service.gsi.go.jp/kijunten/contents/screen/point/images/Public/TR2.png","_iconSize":[20,20],"name":"基.1-1","成果ID":"916990","種別":"基準点","作業内容":"新設","等級":"2級","水準点兼用コード":"兼用なし","点名":"基.1-1","成果区分":"世界測地系（測地成果2011）","閲覧・謄本交付の可否":"閲覧・謄本交付可","成果状態":"正常（新設）","ワンストップ可否":"○","助言番号":"H18I0118","計画機関名":"国土交通省九州地方整備局延岡河川国道事務所","_sourceFile":"20260505_202211_Public.geojson","_sourceKind":"Public"}},{"type":"Feature","geometry":{"type":"Point","coordinates":[131.5003663333,32.5937295]},"properties":{"_markerType":"Icon","_iconUrl":"https://service.gsi.go.jp/kijunten/contents/screen/point/images/Public/TR2.png","_iconSize":[20,20],"name":"基.1-2","成果ID":"916991","種別":"基準点","作業内容":"新設","等級":"2級","水準点兼用コード":"兼用なし","点名":"基.1-2","成果区分":"世界測地系（測地成果2011）","閲覧・謄本交付の可否":"閲覧・謄本交付可","成果状態":"正常（新設）","ワンストップ可否":"○","助言番号":"H18I0118","計画機関名":"国土交通省九州地方整備局延岡河川国道事務所","_sourceFile":"20260505_202211_Public.geojson","_sourceKind":"Public"}},{"type":"Feature","geometry":{"type":"Point","coordinates":[131.5055139167,32.5884683889]},"properties":{"_markerType":"Icon","_iconUrl":"https://service.gsi.go.jp/kijunten/contents/screen/point/images/Public/TR2.png","_iconSize":[20,20],"name":"基.1-3","成果ID":"916992","種別":"基準点","作業内容":"新設","等級":"2級","水準点兼用コード":"兼用なし","点名":"基.1-3","成果区分":"世界測地系（測地成果2011）","閲覧・謄本交付の可否":"閲覧・謄本交付可","成果状態":"正常（新設）","ワンストップ可否":"○","助言番号":"H18I0118","計画機関名":"国土交通省九州地方整備局延岡河川国道事務所","_sourceFile":"20260505_202211_Public.geojson","_sourceKind":"Public"}},{"type":"Feature","geometry":{"type":"Point","coordinates":[131.5110029444,32.5873095278]},"properties":{"_markerType":"Icon","_iconUrl":"https://service.gsi.go.jp/kijunten/contents/screen/point/images/Public/TR2.png","_iconSize":[20,20],"name":"基.1-4","成果ID":"916993","種別":"基準点","作業内容":"新設","等級":"2級","水準点兼用コード":"兼用なし","点名":"基.1-4","成果区分":"世界測地系（測地成果2011）","閲覧・謄本交付の可否":"閲覧・謄本交付可","成果状態":"正常（新設）","ワンストップ可否":"○","助言番号":"H18I0118","計画機関名":"国土交通省九州地方整備局延岡河川国道事務所","_sourceFile":"20260505_202211_Public.geojson","_sourceKind":"Public"}},{"type":"Feature","geometry":{"type":"Point","coordinates":[131.5162182778,32.5827426944]},"properties":{"_markerType":"Icon","_iconUrl":"https://service.gsi.go.jp/kijunten/contents/screen/point/images/Public/TR2.png","_iconSize":[20,20],"name":"基.1-5","成果ID":"916994","種別":"基準点","作業内容":"新設","等級":"2級","水準点兼用コード":"兼用なし","点名":"基.1-5","成果区分":"世界測地系（測地成果2011）","閲覧・謄本交付の可否":"閲覧・謄本交付可","成果状態":"正常（新設）","ワンストップ可否":"○","助言番号":"H18I0118","計画機関名":"国土交通省九州地方整備局延岡河川国道事務所","_sourceFile":"20260505_202211_Public.geojson","_sourceKind":"Public"}},{"type":"Feature","geometry":{"type":"Point","coordinates":[131.5204966111,32.5787131111]},"properties":{"_markerType":"Icon","_iconUrl":"https://service.gsi.go.jp/kijunten/contents/screen/point/images/Public/TR2.png","_iconSize":[20,20],"name":"基.1-6","成果ID":"916995","種別":"基準点","作業内容":"新設","等級":"2級","水準点兼用コード":"兼用なし","点名":"基.1-6","成果区分":"世界測地系（測地成果2011）","閲覧・謄本交付の可否":"閲覧・謄本交付可","成果状態":"正常（新設）","ワンストップ可否":"○","助言番号":"H18I0118","計画機関名":"国土交通省九州地方整備局延岡河川国道事務所","_sourceFile":"20260505_202211_Public.geojson","_sourceKind":"Public"}},{"type":"Feature","geometry":{"type":"Point","coordinates":[131.5242060833,32.5756246667]},"properties":{"_markerType":"Icon","_iconUrl":"https://service.gsi.go.jp/kijunten/contents/screen/point/images/Public/TR2.png","_iconSize":[20,20],"name":"基.1-7","成果ID":"916996","種別":"基準点","作業内容":"新設","等級":"2級","水準点兼用コード":"兼用なし","点名":"基.1-7","成果区分":"世界測地系（測地成果2011）","閲覧・謄本交付の可否":"閲覧・謄本交付可","成果状態":"正常（新設）","ワンストップ可否":"○","助言番号":"H18I0118","計画機関名":"国土交通省九州地方整備局延岡河川国道事務所","_sourceFile":"20260505_202211_Public.geojson","_sourceKind":"Public"}},{"type":"Feature","geometry":{"type":"Point","coordinates":[131.5296265556,32.5755331111]},"properties":{"_markerType":"Icon","_iconUrl":"https://service.gsi.go.jp/kijunten/contents/screen/point/images/Public/TR2.png","_iconSize":[20,20],"name":"基.1-8","成果ID":"916997","種別":"基準点","作業内容":"新設","等級":"2級","水準点兼用コード":"兼用なし","点名":"基.1-8","成果区分":"世界測地系（測地成果2011）","閲覧・謄本交付の可否":"閲覧・謄本交付可","成果状態":"正常（新設）","ワンストップ可否":"○","助言番号":"H18I0118","計画機関名":"国土交通省九州地方整備局延岡河川国道事務所","_sourceFile":"20260505_202211_Public.geojson","_sourceKind":"Public"}},{"type":"Feature","geometry":{"type":"Point","coordinates":[131.5334590278,32.5721196111]},"properties":{"_markerType":"Icon","_iconUrl":"https://service.gsi.go.jp/kijunten/contents/screen/point/images/Public/TR2.png","_iconSize":[20,20],"name":"基.1-9","成果ID":"916998","種別":"基準点","作業内容":"新設","等級":"2級","水準点兼用コード":"兼用なし","点名":"基.1-9","成果区分":"世界測地系（測地成果2011）","閲覧・謄本交付の可否":"閲覧・謄本交付可","成果状態":"正常（新設）","ワンストップ可否":"○","助言番号":"H18I0118","計画機関名":"国土交通省九州地方整備局延岡河川国道事務所","_sourceFile":"20260505_202211_Public.geojson","_sourceKind":"Public"}},{"type":"Feature","geometry":{"type":"Point","coordinates":[131.6809148056,32.5819838056]},"properties":{"_markerType":"Icon","_iconUrl":"https://service.gsi.go.jp/kijunten/contents/screen/point/images/Public/TR2.png","_iconSize":[20,20],"name":"248K660","成果ID":"920231","種別":"基準点","作業内容":"新設","等級":"2級","水準点兼用コード":"兼用なし","点名":"248K660","成果区分":"世界測地系（測地成果2011）","閲覧・謄本交付の可否":"閲覧・謄本交付可","成果状態":"正常（新設）","ワンストップ可否":"○","助言番号":"H19I0371","計画機関名":"国土交通省九州地方整備局延岡河川国道事務所","_sourceFile":"20260505_202211_Public.geojson","_sourceKind":"Public"}},{"type":"Feature","geometry":{"type":"Point","coordinates":[131.6831575556,32.5783015]},"properties":{"_markerType":"Icon","_iconUrl":"https://service.gsi.go.jp/kijunten/contents/screen/point/images/Public/TR2.png","_iconSize":[20,20],"name":"249K120","成果ID":"920232","種別":"基準点","作業内容":"新設","等級":"2級","水準点兼用コード":"兼用なし","点名":"249K120","成果区分":"世界測地系（測地成果2011）","閲覧・謄本交付の可否":"閲覧・謄本交付可","成果状態":"正常（新設）","ワンストップ可否":"○","助言番号":"H19I0371","計画機関名":"国土交通省九州地方整備局延岡河川国道事務所","_sourceFile":"20260505_202211_Public.geojson","_sourceKind":"Public"}},{"type":"Feature","geometry":{"type":"Point","coordinates":[131.6834898889,32.5737795556]},"properties":{"_markerType":"Icon","_iconUrl":"https://service.gsi.go.jp/kijunten/contents/screen/point/images/Public/TR2.png","_iconSize":[20,20],"name":"249K620","成果ID":"920233","種別":"基準点","作業内容":"新設","等級":"2級","水準点兼用コード":"兼用なし","点名":"249K620","成果区分":"世界測地系（測地成果2011）","閲覧・謄本交付の可否":"閲覧・謄本交付可","成果状態":"正常（新設）","ワンストップ可否":"○","助言番号":"H19I0371","計画機関名":"国土交通省九州地方整備局延岡河川国道事務所","_sourceFile":"20260505_202211_Public.geojson","_sourceKind":"Public"}},{"type":"Feature","geometry":{"type":"Point","coordinates":[131.6837842778,32.5696990278]},"properties":{"_markerType":"Icon","_iconUrl":"https://service.gsi.go.jp/kijunten/contents/screen/point/images/Public/TR2.png","_iconSize":[20,20],"name":"250K080","成果ID":"920234","種別":"基準点","作業内容":"新設","等級":"2級","水準点兼用コード":"兼用なし","点名":"250K080","成果区分":"世界測地系（測地成果2011）","閲覧・謄本交付の可否":"閲覧・謄本交付可","成果状態":"正常（新設）","ワンストップ可否":"○","助言番号":"H19I0371","計画機関名":"国土交通省九州地方整備局延岡河川国道事務所","_sourceFile":"20260505_202211_Public.geojson","_sourceKind":"Public"}},{"type":"Feature","geometry":{"type":"Point","coordinates":[131.6819993889,32.5644630556]},"properties":{"_markerType":"Icon","_iconUrl":"https://service.gsi.go.jp/kijunten/contents/screen/point/images/Public/TR2.png","_iconSize":[20,20],"name":"250K680","成果ID":"920235","種別":"基準点","作業内容":"新設","等級":"2級","水準点兼用コード":"兼用なし","点名":"250K680","成果区分":"世界測地系（測地成果2011）","閲覧・謄本交付の可否":"閲覧・謄本交付可","成果状態":"正常（新設）","ワンストップ可否":"○","助言番号":"H19I0371","計画機関名":"国土交通省九州地方整備局延岡河川国道事務所","_sourceFile":"20260505_202211_Public.geojson","_sourceKind":"Public"}},{"type":"Feature","geometry":{"type":"Point","coordinates":[131.6813291111,32.5618808056]},"properties":{"_markerType":"Icon","_iconUrl":"https://service.gsi.go.jp/kijunten/contents/screen/point/images/Public/TR2.png","_iconSize":[20,20],"name":"250K970","成果ID":"920236","種別":"基準点","作業内容":"新設","等級":"2級","水準点兼用コード":"兼用なし","点名":"250K970","成果区分":"世界測地系（測地成果2011）","閲覧・謄本交付の可否":"閲覧・謄本交付可","成果状態":"正常（新設）","ワンストップ可否":"○","助言番号":"H19I0371","計画機関名":"国土交通省九州地方整備局延岡河川国道事務所","_sourceFile":"20260505_202211_Public.geojson","_sourceKind":"Public"}},{"type":"Feature","geometry":{"type":"Point","coordinates":[131.6834729722,32.6091854167]},"properties":{"_markerType":"Icon","_iconUrl":"https://service.gsi.go.jp/kijunten/contents/screen/point/images/Public/TR2.png","_iconSize":[20,20],"name":"245K240","成果ID":"920237","種別":"基準点","作業内容":"新設","等級":"2級","水準点兼用コード":"兼用なし","点名":"245K240","成果区分":"世界測地系（測地成果2011）","閲覧・謄本交付の可否":"閲覧・謄本交付可","成果状態":"正常（新設）","ワンストップ可否":"○","助言番号":"H19I0371","計画機関名":"国土交通省九州地方整備局延岡河川国道事務所","_sourceFile":"20260505_202211_Public.geojson","_sourceKind":"Public"}},{"type":"Feature","geometry":{"type":"Point","coordinates":[131.6772591389,32.5350957778]},"properties":{"_markerType":"Icon","_iconUrl":"https://service.gsi.go.jp/kijunten/contents/screen/point/images/Public/TR2.png","_iconSize":[20,20],"name":"254K080","成果ID":"922767","種別":"基準点","作業内容":"改測","等級":"2級","水準点兼用コード":"兼用なし","点名":"254K080","成果区分":"世界測地系（測地成果2011）","閲覧・謄本交付の可否":"閲覧・謄本交付可","成果状態":"正常（新設）","ワンストップ可否":"○","助言番号":"H20I0255","計画機関名":"国土交通省九州地方整備局延岡河川国道事務所","_sourceFile":"20260505_202211_Public.geojson","_sourceKind":"Public"}},{"type":"Feature","geometry":{"type":"Point","coordinates":[131.6748035833,32.5341883333]},"properties":{"_markerType":"Icon","_iconUrl":"https://service.gsi.go.jp/kijunten/contents/screen/point/images/Public/TR2.png","_iconSize":[20,20],"name":"254K320","成果ID":"922768","種別":"基準点","作業内容":"新設","等級":"2級","水準点兼用コード":"兼用なし","点名":"254K320","成果区分":"世界測地系（測地成果2011）","閲覧・謄本交付の可否":"閲覧・謄本交付可","成果状態":"正常（新設）","ワンストップ可否":"○","助言番号":"H20I0255","計画機関名":"国土交通省九州地方整備局延岡河川国道事務所","_sourceFile":"20260505_202211_Public.geojson","_sourceKind":"Public"}},{"type":"Feature","geometry":{"type":"Point","coordinates":[131.6697897222,32.5326503611]},"properties":{"_markerType":"Icon","_iconUrl":"https://service.gsi.go.jp/kijunten/contents/screen/point/images/Public/TR2.png","_iconSize":[20,20],"name":"254K830","成果ID":"922769","種別":"基準点","作業内容":"新設","等級":"2級","水準点兼用コード":"兼用なし","点名":"254K830","成果区分":"世界測地系（測地成果2011）","閲覧・謄本交付の可否":"閲覧・謄本交付可","成果状態":"正常（新設）","ワンストップ可否":"○","助言番号":"H20I0255","計画機関名":"国土交通省九州地方整備局延岡河川国道事務所","_sourceFile":"20260505_202211_Public.geojson","_sourceKind":"Public"}},{"type":"Feature","geometry":{"type":"Point","coordinates":[131.6799485,32.5347703889]},"properties":{"_markerType":"Icon","_iconUrl":"https://service.gsi.go.jp/kijunten/contents/screen/point/images/Public/TR2.png","_iconSize":[20,20],"name":"254K525","成果ID":"922770","種別":"基準点","作業内容":"改測","等級":"2級","水準点兼用コード":"兼用なし","点名":"254K525","成果区分":"世界測地系（測地成果2011）","閲覧・謄本交付の可否":"閲覧・謄本交付可","成果状態":"正常（新設）","ワンストップ可否":"○","助言番号":"H20I0255","計画機関名":"国土交通省九州地方整備局延岡河川国道事務所","_sourceFile":"20260505_202211_Public.geojson","_sourceKind":"Public"}},{"type":"Feature","geometry":{"type":"Point","coordinates":[131.6794479167,32.5380745833]},"properties":{"_markerType":"Icon","_iconUrl":"https://service.gsi.go.jp/kijunten/contents/screen/point/images/Public/TR2.png","_iconSize":[20,20],"name":"253K680","成果ID":"922771","種別":"基準点","作業内容":"改測","等級":"2級","水準点兼用コード":"兼用なし","点名":"253K680","成果区分":"世界測地系（測地成果2011）","閲覧・謄本交付の可否":"閲覧・謄本交付可","成果状態":"正常（新設）","ワンストップ可否":"○","助言番号":"H20I0255","計画機関名":"国土交通省九州地方整備局延岡河川国道事務所","_sourceFile":"20260505_202211_Public.geojson","_sourceKind":"Public"}},{"type":"Feature","geometry":{"type":"Point","coordinates":[131.6806910278,32.5322172778]},"properties":{"_markerType":"Icon","_iconUrl":"https://service.gsi.go.jp/kijunten/contents/screen/point/images/Public/TR2.png","_iconSize":[20,20],"name":"254K820","成果ID":"922772","種別":"基準点","作業内容":"改測","等級":"2級","水準点兼用コード":"兼用なし","点名":"254K820","成果区分":"世界測地系（測地成果2011）","閲覧・謄本交付の可否":"閲覧・謄本交付可","成果状態":"正常（新設）","ワンストップ可否":"○","助言番号":"H20I0255","計画機関名":"国土交通省九州地方整備局延岡河川国道事務所","_sourceFile":"20260505_202211_Public.geojson","_sourceKind":"Public"}},{"type":"Feature","geometry":{"type":"Point","coordinates":[131.6817055556,32.5291918333]},"properties":{"_markerType":"Icon","_iconUrl":"https://service.gsi.go.jp/kijunten/contents/screen/point/images/Public/TR2.png","_iconSize":[20,20],"name":"255K165","成果ID":"922773","種別":"基準点","作業内容":"改測","等級":"2級","水準点兼用コード":"兼用なし","点名":"255K165","成果区分":"世界測地系（測地成果2011）","閲覧・謄本交付の可否":"閲覧・謄本交付可","成果状態":"正常（新設）","ワンストップ可否":"○","助言番号":"H20I0255","計画機関名":"国土交通省九州地方整備局延岡河川国道事務所","_sourceFile":"20260505_202211_Public.geojson","_sourceKind":"Public"}},{"type":"Feature","geometry":{"type":"Point","coordinates":[131.6822522778,32.5269309444]},"properties":{"_markerType":"Icon","_iconUrl":"https://service.gsi.go.jp/kijunten/contents/screen/point/images/Public/TR2.png","_iconSize":[20,20],"name":"255K420","成果ID":"922774","種別":"基準点","作業内容":"改測","等級":"2級","水準点兼用コード":"兼用なし","点名":"255K420","成果区分":"世界測地系（測地成果2011）","閲覧・謄本交付の可否":"閲覧・謄本交付可","成果状態":"正常（新設）","ワンストップ可否":"○","助言番号":"H20I0255","計画機関名":"国土交通省九州地方整備局延岡河川国道事務所","_sourceFile":"20260505_202211_Public.geojson","_sourceKind":"Public"}},{"type":"Feature","geometry":{"type":"Point","coordinates":[131.5379628333,32.5742768056]},"properties":{"_markerType":"Icon","_iconUrl":"https://service.gsi.go.jp/kijunten/contents/screen/point/images/Public/TR2.png","_iconSize":[20,20],"name":"NO.1","成果ID":"2076357","種別":"基準点","作業内容":"新設","等級":"2級","水準点兼用コード":"兼用なし","点名":"NO.1","成果区分":"世界測地系（測地成果2011）","閲覧・謄本交付の可否":"閲覧・謄本交付可","成果状態":"正常（新設）","ワンストップ可否":"○","助言番号":"H20I0301","計画機関名":"九州地方整備局延岡河川国道事務所","_sourceFile":"20260505_202211_Public.geojson","_sourceKind":"Public"}},{"type":"Feature","geometry":{"type":"Point","coordinates":[131.5385249167,32.5714620556]},"properties":{"_markerType":"Icon","_iconUrl":"https://service.gsi.go.jp/kijunten/contents/screen/point/images/Public/TR2.png","_iconSize":[20,20],"name":"NO.2","成果ID":"2076358","種別":"基準点","作業内容":"新設","等級":"2級","水準点兼用コード":"兼用なし","点名":"NO.2","成果区分":"世界測地系（測地成果2011）","閲覧・謄本交付の可否":"閲覧・謄本交付可","成果状態":"正常（新設）","ワンストップ可否":"○","助言番号":"H20I0301","計画機関名":"九州地方整備局延岡河川国道事務所","_sourceFile":"20260505_202211_Public.geojson","_sourceKind":"Public"}},{"type":"Feature","geometry":{"type":"Point","coordinates":[131.54653275,32.5690670556]},"properties":{"_markerType":"Icon","_iconUrl":"https://service.gsi.go.jp/kijunten/contents/screen/point/images/Public/TR2.png","_iconSize":[20,20],"name":"NO.3","成果ID":"2076359","種別":"基準点","作業内容":"新設","等級":"2級","水準点兼用コード":"兼用なし","点名":"NO.3","成果区分":"世界測地系（測地成果2011）","閲覧・謄本交付の可否":"閲覧・謄本交付可","成果状態":"正常（新設）","ワンストップ可否":"○","助言番号":"H20I0301","計画機関名":"九州地方整備局延岡河川国道事務所","_sourceFile":"20260505_202211_Public.geojson","_sourceKind":"Public"}},{"type":"Feature","geometry":{"type":"Point","coordinates":[131.5529720278,32.568395]},"properties":{"_markerType":"Icon","_iconUrl":"https://service.gsi.go.jp/kijunten/contents/screen/point/images/Public/TR2.png","_iconSize":[20,20],"name":"NO.4","成果ID":"2076360","種別":"基準点","作業内容":"新設","等級":"2級","水準点兼用コード":"兼用なし","点名":"NO.4","成果区分":"世界測地系（測地成果2011）","閲覧・謄本交付の可否":"閲覧・謄本交付可","成果状態":"正常（新設）","ワンストップ可否":"○","助言番号":"H20I0301","計画機関名":"九州地方整備局延岡河川国道事務所","_sourceFile":"20260505_202211_Public.geojson","_sourceKind":"Public"}},{"type":"Feature","geometry":{"type":"Point","coordinates":[131.5590970833,32.5697593889]},"properties":{"_markerType":"Icon","_iconUrl":"https://service.gsi.go.jp/kijunten/contents/screen/point/images/Public/TR2.png","_iconSize":[20,20],"name":"NO.5","成果ID":"2076361","種別":"基準点","作業内容":"新設","等級":"2級","水準点兼用コード":"兼用なし","点名":"NO.5","成果区分":"世界測地系（測地成果2011）","閲覧・謄本交付の可否":"閲覧・謄本交付可","成果状態":"正常（新設）","ワンストップ可否":"○","助言番号":"H20I0301","計画機関名":"九州地方整備局延岡河川国道事務所","_sourceFile":"20260505_202211_Public.geojson","_sourceKind":"Public"}},{"type":"Feature","geometry":{"type":"Point","coordinates":[131.56514975,32.5720615278]},"properties":{"_markerType":"Icon","_iconUrl":"https://service.gsi.go.jp/kijunten/contents/screen/point/images/Public/TR2.png","_iconSize":[20,20],"name":"NO.6","成果ID":"2076362","種別":"基準点","作業内容":"新設","等級":"2級","水準点兼用コード":"兼用なし","点名":"NO.6","成果区分":"世界測地系（測地成果2011）","閲覧・謄本交付の可否":"閲覧・謄本交付可","成果状態":"正常（新設）","ワンストップ可否":"○","助言番号":"H20I0301","計画機関名":"九州地方整備局延岡河川国道事務所","_sourceFile":"20260505_202211_Public.geojson","_sourceKind":"Public"}},{"type":"Feature","geometry":{"type":"Point","coordinates":[131.5731303056,32.5744473333]},"properties":{"_markerType":"Icon","_iconUrl":"https://service.gsi.go.jp/kijunten/contents/screen/point/images/Public/TR2.png","_iconSize":[20,20],"name":"NO.7","成果ID":"2076363","種別":"基準点","作業内容":"新設","等級":"2級","水準点兼用コード":"兼用なし","点名":"NO.7","成果区分":"世界測地系（測地成果2011）","閲覧・謄本交付の可否":"閲覧・謄本交付可","成果状態":"正常（新設）","ワンストップ可否":"○","助言番号":"H20I0301","計画機関名":"九州地方整備局延岡河川国道事務所","_sourceFile":"20260505_202211_Public.geojson","_sourceKind":"Public"}},{"type":"Feature","geometry":{"type":"Point","coordinates":[131.57977075,32.5760360556]},"properties":{"_markerType":"Icon","_iconUrl":"https://service.gsi.go.jp/kijunten/contents/screen/point/images/Public/TR2.png","_iconSize":[20,20],"name":"NO.8","成果ID":"2076364","種別":"基準点","作業内容":"新設","等級":"2級","水準点兼用コード":"兼用なし","点名":"NO.8","成果区分":"世界測地系（測地成果2011）","閲覧・謄本交付の可否":"閲覧・謄本交付可","成果状態":"正常（新設）","ワンストップ可否":"○","助言番号":"H20I0301","計画機関名":"九州地方整備局延岡河川国道事務所","_sourceFile":"20260505_202211_Public.geojson","_sourceKind":"Public"}},{"type":"Feature","geometry":{"type":"Point","coordinates":[131.5867369722,32.5763596667]},"properties":{"_markerType":"Icon","_iconUrl":"https://service.gsi.go.jp/kijunten/contents/screen/point/images/Public/TR2.png","_iconSize":[20,20],"name":"NO.9","成果ID":"2076365","種別":"基準点","作業内容":"新設","等級":"2級","水準点兼用コード":"兼用なし","点名":"NO.9","成果区分":"世界測地系（測地成果2011）","閲覧・謄本交付の可否":"閲覧・謄本交付可","成果状態":"正常（新設）","ワンストップ可否":"○","助言番号":"H20I0301","計画機関名":"九州地方整備局延岡河川国道事務所","_sourceFile":"20260505_202211_Public.geojson","_sourceKind":"Public"}},{"type":"Feature","geometry":{"type":"Point","coordinates":[131.592746,32.5752608889]},"properties":{"_markerType":"Icon","_iconUrl":"https://service.gsi.go.jp/kijunten/contents/screen/point/images/Public/TR2.png","_iconSize":[20,20],"name":"NO.10","成果ID":"2076366","種別":"基準点","作業内容":"新設","等級":"2級","水準点兼用コード":"兼用なし","点名":"NO.10","成果区分":"世界測地系（測地成果2011）","閲覧・謄本交付の可否":"閲覧・謄本交付可","成果状態":"正常（新設）","ワンストップ可否":"○","助言番号":"H20I0301","計画機関名":"九州地方整備局延岡河川国道事務所","_sourceFile":"20260505_202211_Public.geojson","_sourceKind":"Public"}},{"type":"Feature","geometry":{"type":"Point","coordinates":[131.5977834167,32.5740749722]},"properties":{"_markerType":"Icon","_iconUrl":"https://service.gsi.go.jp/kijunten/contents/screen/point/images/Public/TR2.png","_iconSize":[20,20],"name":"NO.11","成果ID":"2076367","種別":"基準点","作業内容":"新設","等級":"2級","水準点兼用コード":"兼用なし","点名":"NO.11","成果区分":"世界測地系（測地成果2011）","閲覧・謄本交付の可否":"閲覧・謄本交付可","成果状態":"正常（新設）","ワンストップ可否":"○","助言番号":"H20I0301","計画機関名":"九州地方整備局延岡河川国道事務所","_sourceFile":"20260505_202211_Public.geojson","_sourceKind":"Public"}},{"type":"Feature","geometry":{"type":"Point","coordinates":[131.603325,32.5734662222]},"properties":{"_markerType":"Icon","_iconUrl":"https://service.gsi.go.jp/kijunten/contents/screen/point/images/Public/TR2.png","_iconSize":[20,20],"name":"NO.12","成果ID":"2076368","種別":"基準点","作業内容":"新設","等級":"2級","水準点兼用コード":"兼用なし","点名":"NO.12","成果区分":"世界測地系（測地成果2011）","閲覧・謄本交付の可否":"閲覧・謄本交付可","成果状態":"正常（新設）","ワンストップ可否":"○","助言番号":"H20I0301","計画機関名":"九州地方整備局延岡河川国道事務所","_sourceFile":"20260505_202211_Public.geojson","_sourceKind":"Public"}},{"type":"Feature","geometry":{"type":"Point","coordinates":[131.7012840278,32.7053566667]},"properties":{"_markerType":"Icon","_iconUrl":"https://service.gsi.go.jp/kijunten/contents/screen/point/images/Public/TR2.png","_iconSize":[20,20],"name":"基Ⅱ-18","成果ID":"8117867","種別":"基準点","作業内容":"新設","等級":"2級","水準点兼用コード":"兼用なし","点名":"基Ⅱ-18","成果区分":"世界測地系（測地成果2011）","閲覧・謄本交付の可否":"閲覧・謄本交付可","成果状態":"正常（新設）","ワンストップ可否":"×","助言番号":"H24I0066","計画機関名":"宮崎県延岡市","_sourceFile":"20260505_202211_Public.geojson","_sourceKind":"Public"}},{"type":"Feature","geometry":{"type":"Point","coordinates":[131.6980604722,32.7025174444]},"properties":{"_markerType":"Icon","_iconUrl":"https://service.gsi.go.jp/kijunten/contents/screen/point/images/Public/TR2.png","_iconSize":[20,20],"name":"基Ⅱ-19","成果ID":"8117868","種別":"基準点","作業内容":"新設","等級":"2級","水準点兼用コード":"兼用なし","点名":"基Ⅱ-19","成果区分":"世界測地系（測地成果2011）","閲覧・謄本交付の可否":"閲覧・謄本交付可","成果状態":"正常（新設）","ワンストップ可否":"×","助言番号":"H24I0066","計画機関名":"宮崎県延岡市","_sourceFile":"20260505_202211_Public.geojson","_sourceKind":"Public"}},{"type":"Feature","geometry":{"type":"Point","coordinates":[131.7004126944,32.6988008056]},"properties":{"_markerType":"Icon","_iconUrl":"https://service.gsi.go.jp/kijunten/contents/screen/point/images/Public/TR2.png","_iconSize":[20,20],"name":"基Ⅱ-20","成果ID":"8117869","種別":"基準点","作業内容":"新設","等級":"2級","水準点兼用コード":"兼用なし","点名":"基Ⅱ-20","成果区分":"世界測地系（測地成果2011）","閲覧・謄本交付の可否":"閲覧・謄本交付可","成果状態":"正常（新設）","ワンストップ可否":"×","助言番号":"H24I0066","計画機関名":"宮崎県延岡市","_sourceFile":"20260505_202211_Public.geojson","_sourceKind":"Public"}},{"type":"Feature","geometry":{"type":"Point","coordinates":[131.5271346388889,32.64624111111111]},"properties":{"_markerType":"Icon","_iconUrl":"https://service.gsi.go.jp/kijunten/contents/screen/point/images/Public/TR2.png","_iconSize":[20,20],"name":"板下NO.1","成果ID":"8424395","種別":"基準点","作業内容":"新設","等級":"2級","水準点兼用コード":"兼用なし","点名":"板下NO.1","成果区分":"世界測地系（測地成果2024）","閲覧・謄本交付の可否":"閲覧・謄本交付可","成果状態":"正常（新設）","ワンストップ可否":"×","助言番号":"R07I0065","計画機関名":"宮崎県延岡土木事務所","_sourceFile":"20260505_202211_Public.geojson","_sourceKind":"Public"}},{"type":"Feature","geometry":{"type":"Point","coordinates":[131.52591983333335,32.64138808333333]},"properties":{"_markerType":"Icon","_iconUrl":"https://service.gsi.go.jp/kijunten/contents/screen/point/images/Public/TR2.png","_iconSize":[20,20],"name":"板下NO.2","成果ID":"8424396","種別":"基準点","作業内容":"新設","等級":"2級","水準点兼用コード":"兼用なし","点名":"板下NO.2","成果区分":"世界測地系（測地成果2024）","閲覧・謄本交付の可否":"閲覧・謄本交付可","成果状態":"正常（新設）","ワンストップ可否":"×","助言番号":"R07I0065","計画機関名":"宮崎県延岡土木事務所","_sourceFile":"20260505_202211_Public.geojson","_sourceKind":"Public"}},{"type":"Feature","geometry":{"type":"Point","coordinates":[131.52804477777778,32.63803986111111]},"properties":{"_markerType":"Icon","_iconUrl":"https://service.gsi.go.jp/kijunten/contents/screen/point/images/Public/TR2.png","_iconSize":[20,20],"name":"板下NO.3","成果ID":"8424397","種別":"基準点","作業内容":"新設","等級":"2級","水準点兼用コード":"兼用なし","点名":"板下NO.3","成果区分":"世界測地系（測地成果2024）","閲覧・謄本交付の可否":"閲覧・謄本交付可","成果状態":"正常（新設）","ワンストップ可否":"×","助言番号":"R07I0065","計画機関名":"宮崎県延岡土木事務所","_sourceFile":"20260505_202211_Public.geojson","_sourceKind":"Public"}},{"type":"Feature","geometry":{"type":"Point","coordinates":[131.5327826666667,32.635042194444445]},"properties":{"_markerType":"Icon","_iconUrl":"https://service.gsi.go.jp/kijunten/contents/screen/point/images/Public/TR2.png","_iconSize":[20,20],"name":"板下NO.4","成果ID":"8424398","種別":"基準点","作業内容":"新設","等級":"2級","水準点兼用コード":"兼用なし","点名":"板下NO.4","成果区分":"世界測地系（測地成果2024）","閲覧・謄本交付の可否":"閲覧・謄本交付可","成果状態":"正常（新設）","ワンストップ可否":"×","助言番号":"R07I0065","計画機関名":"宮崎県延岡土木事務所","_sourceFile":"20260505_202211_Public.geojson","_sourceKind":"Public"}},{"type":"Feature","geometry":{"type":"Point","coordinates":[131.534969,32.63141402777778]},"properties":{"_markerType":"Icon","_iconUrl":"https://service.gsi.go.jp/kijunten/contents/screen/point/images/Public/TR2.png","_iconSize":[20,20],"name":"板下NO.5","成果ID":"8424399","種別":"基準点","作業内容":"新設","等級":"2級","水準点兼用コード":"兼用なし","点名":"板下NO.5","成果区分":"世界測地系（測地成果2024）","閲覧・謄本交付の可否":"閲覧・謄本交付可","成果状態":"正常（新設）","ワンストップ可否":"×","助言番号":"R07I0065","計画機関名":"宮崎県延岡土木事務所","_sourceFile":"20260505_202211_Public.geojson","_sourceKind":"Public"}},{"type":"Feature","geometry":{"type":"Point","coordinates":[131.53687405555556,32.62682363888889]},"properties":{"_markerType":"Icon","_iconUrl":"https://service.gsi.go.jp/kijunten/contents/screen/point/images/Public/TR2.png","_iconSize":[20,20],"name":"板下NO.6","成果ID":"8424400","種別":"基準点","作業内容":"新設","等級":"2級","水準点兼用コード":"兼用なし","点名":"板下NO.6","成果区分":"世界測地系（測地成果2024）","閲覧・謄本交付の可否":"閲覧・謄本交付可","成果状態":"正常（新設）","ワンストップ可否":"×","助言番号":"R07I0065","計画機関名":"宮崎県延岡土木事務所","_sourceFile":"20260505_202211_Public.geojson","_sourceKind":"Public"}},{"type":"Feature","geometry":{"type":"Point","coordinates":[131.53870941666668,32.622786472222224]},"properties":{"_markerType":"Icon","_iconUrl":"https://service.gsi.go.jp/kijunten/contents/screen/point/images/Public/TR2.png","_iconSize":[20,20],"name":"板下NO.7","成果ID":"8424401","種別":"基準点","作業内容":"新設","等級":"2級","水準点兼用コード":"兼用なし","点名":"板下NO.7","成果区分":"世界測地系（測地成果2024）","閲覧・謄本交付の可否":"閲覧・謄本交付可","成果状態":"正常（新設）","ワンストップ可否":"×","助言番号":"R07I0065","計画機関名":"宮崎県延岡土木事務所","_sourceFile":"20260505_202211_Public.geojson","_sourceKind":"Public"}},{"type":"Feature","geometry":{"type":"Point","coordinates":[131.54028033333333,32.61820647222222]},"properties":{"_markerType":"Icon","_iconUrl":"https://service.gsi.go.jp/kijunten/contents/screen/point/images/Public/TR2L.png","_iconSize":[20,20],"name":"板下NO.8","成果ID":"8424402","種別":"基準点","作業内容":"新設","等級":"2級","水準点兼用コード":"水準点兼用（3級）","点名":"板下NO.8","成果区分":"世界測地系（測地成果2024）","閲覧・謄本交付の可否":"閲覧・謄本交付可","成果状態":"正常（新設）","ワンストップ可否":"×","助言番号":"R07I0065","計画機関名":"宮崎県延岡土木事務所","_sourceFile":"20260505_202211_Public.geojson","_sourceKind":"Public"}},{"type":"Feature","geometry":{"type":"Point","coordinates":[131.8222952778,32.7087897778]},"properties":{"_markerType":"Icon","_iconUrl":"https://service.gsi.go.jp/kijunten/contents/screen/point/images/Public/TR3.png","_iconSize":[20,20],"name":"ＮＯ.１","成果ID":"910242","種別":"基準点","作業内容":"新設","等級":"3級","水準点兼用コード":"兼用なし","点名":"ＮＯ.１","成果区分":"世界測地系（測地成果2011）","閲覧・謄本交付の可否":"閲覧・謄本交付可","成果状態":"正常（新設）","ワンストップ可否":"×","助言番号":"H16I0197","計画機関名":"宮崎県延岡土木事務所","_sourceFile":"20260505_202211_Public.geojson","_sourceKind":"Public"}},{"type":"Feature","geometry":{"type":"Point","coordinates":[131.8233912222,32.7065890556]},"properties":{"_markerType":"Icon","_iconUrl":"https://service.gsi.go.jp/kijunten/contents/screen/point/images/Public/TR3.png","_iconSize":[20,20],"name":"ＮＯ.２","成果ID":"910243","種別":"基準点","作業内容":"新設","等級":"3級","水準点兼用コード":"兼用なし","点名":"ＮＯ.２","成果区分":"世界測地系（測地成果2011）","閲覧・謄本交付の可否":"閲覧・謄本交付可","成果状態":"正常（新設）","ワンストップ可否":"×","助言番号":"H16I0197","計画機関名":"宮崎県延岡土木事務所","_sourceFile":"20260505_202211_Public.geojson","_sourceKind":"Public"}},{"type":"Feature","geometry":{"type":"Point","coordinates":[131.8247016667,32.7049979722]},"properties":{"_markerType":"Icon","_iconUrl":"https://service.gsi.go.jp/kijunten/contents/screen/point/images/Public/TR3.png","_iconSize":[20,20],"name":"ＮＯ.３","成果ID":"910244","種別":"基準点","作業内容":"新設","等級":"3級","水準点兼用コード":"兼用なし","点名":"ＮＯ.３","成果区分":"世界測地系（測地成果2011）","閲覧・謄本交付の可否":"閲覧・謄本交付可","成果状態":"正常（新設）","ワンストップ可否":"×","助言番号":"H16I0197","計画機関名":"宮崎県延岡土木事務所","_sourceFile":"20260505_202211_Public.geojson","_sourceKind":"Public"}},{"type":"Feature","geometry":{"type":"Point","coordinates":[131.4954498333,32.5951439722]},"properties":{"_markerType":"Icon","_iconUrl":"https://service.gsi.go.jp/kijunten/contents/screen/point/images/Public/TR3.png","_iconSize":[20,20],"name":"基.1-1","成果ID":"916999","種別":"基準点","作業内容":"新設","等級":"3級","水準点兼用コード":"兼用なし","点名":"基.1-1","成果区分":"世界測地系（測地成果2011）","閲覧・謄本交付の可否":"閲覧・謄本交付可","成果状態":"正常（新設）","ワンストップ可否":"○","助言番号":"H18I0118","計画機関名":"国土交通省九州地方整備局延岡河川国道事務所","_sourceFile":"20260505_202211_Public.geojson","_sourceKind":"Public"}},{"type":"Feature","geometry":{"type":"Point","coordinates":[131.497045,32.5945005]},"properties":{"_markerType":"Icon","_iconUrl":"https://service.gsi.go.jp/kijunten/contents/screen/point/images/Public/TR3.png","_iconSize":[20,20],"name":"基.1-2","成果ID":"917000","種別":"基準点","作業内容":"新設","等級":"3級","水準点兼用コード":"兼用なし","点名":"基.1-2","成果区分":"世界測地系（測地成果2011）","閲覧・謄本交付の可否":"閲覧・謄本交付可","成果状態":"正常（新設）","ワンストップ可否":"○","助言番号":"H18I0118","計画機関名":"国土交通省九州地方整備局延岡河川国道事務所","_sourceFile":"20260505_202211_Public.geojson","_sourceKind":"Public"}},{"type":"Feature","geometry":{"type":"Point","coordinates":[131.4992219444,32.5935824444]},"properties":{"_markerType":"Icon","_iconUrl":"https://service.gsi.go.jp/kijunten/contents/screen/point/images/Public/TR3.png","_iconSize":[20,20],"name":"基.1-3","成果ID":"917001","種別":"基準点","作業内容":"新設","等級":"3級","水準点兼用コード":"兼用なし","点名":"基.1-3","成果区分":"世界測地系（測地成果2011）","閲覧・謄本交付の可否":"閲覧・謄本交付可","成果状態":"正常（新設）","ワンストップ可否":"○","助言番号":"H18I0118","計画機関名":"国土交通省九州地方整備局延岡河川国道事務所","_sourceFile":"20260505_202211_Public.geojson","_sourceKind":"Public"}},{"type":"Feature","geometry":{"type":"Point","coordinates":[131.5063325833,32.5899605556]},"properties":{"_markerType":"Icon","_iconUrl":"https://service.gsi.go.jp/kijunten/contents/screen/point/images/Public/TR3.png","_iconSize":[20,20],"name":"基.1-4","成果ID":"917002","種別":"基準点","作業内容":"新設","等級":"3級","水準点兼用コード":"兼用なし","点名":"基.1-4","成果区分":"世界測地系（測地成果2011）","閲覧・謄本交付の可否":"閲覧・謄本交付可","成果状態":"正常（新設）","ワンストップ可否":"○","助言番号":"H18I0118","計画機関名":"国土交通省九州地方整備局延岡河川国道事務所","_sourceFile":"20260505_202211_Public.geojson","_sourceKind":"Public"}},{"type":"Feature","geometry":{"type":"Point","coordinates":[131.5090797778,32.58734975]},"properties":{"_markerType":"Icon","_iconUrl":"https://service.gsi.go.jp/kijunten/contents/screen/point/images/Public/TR3.png","_iconSize":[20,20],"name":"基.1-5","成果ID":"917003","種別":"基準点","作業内容":"新設","等級":"3級","水準点兼用コード":"兼用なし","点名":"基.1-5","成果区分":"世界測地系（測地成果2011）","閲覧・謄本交付の可否":"閲覧・謄本交付可","成果状態":"正常（新設）","ワンストップ可否":"○","助言番号":"H18I0118","計画機関名":"国土交通省九州地方整備局延岡河川国道事務所","_sourceFile":"20260505_202211_Public.geojson","_sourceKind":"Public"}},{"type":"Feature","geometry":{"type":"Point","coordinates":[131.5107180833,32.5861623333]},"properties":{"_markerType":"Icon","_iconUrl":"https://service.gsi.go.jp/kijunten/contents/screen/point/images/Public/TR3.png","_iconSize":[20,20],"name":"基.1-6","成果ID":"917004","種別":"基準点","作業内容":"新設","等級":"3級","水準点兼用コード":"兼用なし","点名":"基.1-6","成果区分":"世界測地系（測地成果2011）","閲覧・謄本交付の可否":"閲覧・謄本交付可","成果状態":"正常（新設）","ワンストップ可否":"○","助言番号":"H18I0118","計画機関名":"国土交通省九州地方整備局延岡河川国道事務所","_sourceFile":"20260505_202211_Public.geojson","_sourceKind":"Public"}},{"type":"Feature","geometry":{"type":"Point","coordinates":[131.5125190556,32.5850603056]},"properties":{"_markerType":"Icon","_iconUrl":"https://service.gsi.go.jp/kijunten/contents/screen/point/images/Public/TR3.png","_iconSize":[20,20],"name":"基.1-7","成果ID":"917005","種別":"基準点","作業内容":"新設","等級":"3級","水準点兼用コード":"兼用なし","点名":"基.1-7","成果区分":"世界測地系（測地成果2011）","閲覧・謄本交付の可否":"閲覧・謄本交付可","成果状態":"正常（新設）","ワンストップ可否":"○","助言番号":"H18I0118","計画機関名":"国土交通省九州地方整備局延岡河川国道事務所","_sourceFile":"20260505_202211_Public.geojson","_sourceKind":"Public"}},{"type":"Feature","geometry":{"type":"Point","coordinates":[131.5178901389,32.5812909167]},"properties":{"_markerType":"Icon","_iconUrl":"https://service.gsi.go.jp/kijunten/contents/screen/point/images/Public/TR3.png","_iconSize":[20,20],"name":"基.1-8","成果ID":"917006","種別":"基準点","作業内容":"新設","等級":"3級","水準点兼用コード":"兼用なし","点名":"基.1-8","成果区分":"世界測地系（測地成果2011）","閲覧・謄本交付の可否":"閲覧・謄本交付可","成果状態":"正常（新設）","ワンストップ可否":"○","助言番号":"H18I0118","計画機関名":"国土交通省九州地方整備局延岡河川国道事務所","_sourceFile":"20260505_202211_Public.geojson","_sourceKind":"Public"}},{"type":"Feature","geometry":{"type":"Point","coordinates":[131.5193228056,32.57982975]},"properties":{"_markerType":"Icon","_iconUrl":"https://service.gsi.go.jp/kijunten/contents/screen/point/images/Public/TR3.png","_iconSize":[20,20],"name":"基.1-9","成果ID":"917007","種別":"基準点","作業内容":"新設","等級":"3級","水準点兼用コード":"兼用なし","点名":"基.1-9","成果区分":"世界測地系（測地成果2011）","閲覧・謄本交付の可否":"閲覧・謄本交付可","成果状態":"正常（新設）","ワンストップ可否":"○","助言番号":"H18I0118","計画機関名":"国土交通省九州地方整備局延岡河川国道事務所","_sourceFile":"20260505_202211_Public.geojson","_sourceKind":"Public"}},{"type":"Feature","geometry":{"type":"Point","coordinates":[131.5229064722,32.5769570278]},"properties":{"_markerType":"Icon","_iconUrl":"https://service.gsi.go.jp/kijunten/contents/screen/point/images/Public/TR3.png","_iconSize":[20,20],"name":"基.1-10","成果ID":"917008","種別":"基準点","作業内容":"新設","等級":"3級","水準点兼用コード":"兼用なし","点名":"基.1-10","成果区分":"世界測地系（測地成果2011）","閲覧・謄本交付の可否":"閲覧・謄本交付可","成果状態":"正常（新設）","ワンストップ可否":"○","助言番号":"H18I0118","計画機関名":"国土交通省九州地方整備局延岡河川国道事務所","_sourceFile":"20260505_202211_Public.geojson","_sourceKind":"Public"}},{"type":"Feature","geometry":{"type":"Point","coordinates":[131.5314112222,32.5755210833]},"properties":{"_markerType":"Icon","_iconUrl":"https://service.gsi.go.jp/kijunten/contents/screen/point/images/Public/TR3.png","_iconSize":[20,20],"name":"基.1-11","成果ID":"917009","種別":"基準点","作業内容":"新設","等級":"3級","水準点兼用コード":"兼用なし","点名":"基.1-11","成果区分":"世界測地系（測地成果2011）","閲覧・謄本交付の可否":"閲覧・謄本交付可","成果状態":"正常（新設）","ワンストップ可否":"○","助言番号":"H18I0118","計画機関名":"国土交通省九州地方整備局延岡河川国道事務所","_sourceFile":"20260505_202211_Public.geojson","_sourceKind":"Public"}},{"type":"Feature","geometry":{"type":"Point","coordinates":[131.5317521944,32.5734306389]},"properties":{"_markerType":"Icon","_iconUrl":"https://service.gsi.go.jp/kijunten/contents/screen/point/images/Public/TR3.png","_iconSize":[20,20],"name":"基.1-12","成果ID":"917010","種別":"基準点","作業内容":"新設","等級":"3級","水準点兼用コード":"兼用なし","点名":"基.1-12","成果区分":"世界測地系（測地成果2011）","閲覧・謄本交付の可否":"閲覧・謄本交付可","成果状態":"正常（新設）","ワンストップ可否":"○","助言番号":"H18I0118","計画機関名":"国土交通省九州地方整備局延岡河川国道事務所","_sourceFile":"20260505_202211_Public.geojson","_sourceKind":"Public"}},{"type":"Feature","geometry":{"type":"Point","coordinates":[131.7611283333,32.6748141667]},"properties":{"_markerType":"Icon","_iconUrl":"https://service.gsi.go.jp/kijunten/contents/screen/point/images/Public/TR3.png","_iconSize":[20,20],"name":"NO.2006-08","成果ID":"917970","種別":"基準点","作業内容":"新設","等級":"3級","水準点兼用コード":"兼用なし","点名":"NO.2006-08","成果区分":"世界測地系（測地成果2011）","閲覧・謄本交付の可否":"閲覧・謄本交付可","成果状態":"正常（新設）","ワンストップ可否":"○","助言番号":"H18I0209","計画機関名":"国土交通省九州地方整備局延岡河川国道事務所","_sourceFile":"20260505_202211_Public.geojson","_sourceKind":"Public"}},{"type":"Feature","geometry":{"type":"Point","coordinates":[131.7638213889,32.6679985278]},"properties":{"_markerType":"Icon","_iconUrl":"https://service.gsi.go.jp/kijunten/contents/screen/point/images/Public/TR3.png","_iconSize":[20,20],"name":"NO.2006-09","成果ID":"917971","種別":"基準点","作業内容":"新設","等級":"3級","水準点兼用コード":"兼用なし","点名":"NO.2006-09","成果区分":"世界測地系（測地成果2011）","閲覧・謄本交付の可否":"閲覧・謄本交付可","成果状態":"正常（新設）","ワンストップ可否":"○","助言番号":"H18I0209","計画機関名":"国土交通省九州地方整備局延岡河川国道事務所","_sourceFile":"20260505_202211_Public.geojson","_sourceKind":"Public"}},{"type":"Feature","geometry":{"type":"Point","coordinates":[131.7667739722,32.6655575278]},"properties":{"_markerType":"Icon","_iconUrl":"https://service.gsi.go.jp/kijunten/contents/screen/point/images/Public/TR3.png","_iconSize":[20,20],"name":"NO.2006-10","成果ID":"917972","種別":"基準点","作業内容":"新設","等級":"3級","水準点兼用コード":"兼用なし","点名":"NO.2006-10","成果区分":"世界測地系（測地成果2011）","閲覧・謄本交付の可否":"閲覧・謄本交付可","成果状態":"正常（新設）","ワンストップ可否":"○","助言番号":"H18I0209","計画機関名":"国土交通省九州地方整備局延岡河川国道事務所","_sourceFile":"20260505_202211_Public.geojson","_sourceKind":"Public"}},{"type":"Feature","geometry":{"type":"Point","coordinates":[131.7404433889,32.6771249722]},"properties":{"_markerType":"Icon","_iconUrl":"https://service.gsi.go.jp/kijunten/contents/screen/point/images/Public/TR3.png","_iconSize":[20,20],"name":"NO.2006-11","成果ID":"917973","種別":"基準点","作業内容":"新設","等級":"3級","水準点兼用コード":"兼用なし","点名":"NO.2006-11","成果区分":"世界測地系（測地成果2011）","閲覧・謄本交付の可否":"閲覧・謄本交付可","成果状態":"正常（新設）","ワンストップ可否":"○","助言番号":"H18I0209","計画機関名":"国土交通省九州地方整備局延岡河川国道事務所","_sourceFile":"20260505_202211_Public.geojson","_sourceKind":"Public"}},{"type":"Feature","geometry":{"type":"Point","coordinates":[131.6761137222,32.5888501111]},"properties":{"_markerType":"Icon","_iconUrl":"https://service.gsi.go.jp/kijunten/contents/screen/point/images/Public/TR3.png","_iconSize":[20,20],"name":"247K770","成果ID":"920238","種別":"基準点","作業内容":"新設","等級":"3級","水準点兼用コード":"兼用なし","点名":"247K770","成果区分":"世界測地系（測地成果2011）","閲覧・謄本交付の可否":"閲覧・謄本交付可","成果状態":"正常（新設）","ワンストップ可否":"○","助言番号":"H19I0371","計画機関名":"国土交通省九州地方整備局延岡河川国道事務所","_sourceFile":"20260505_202211_Public.geojson","_sourceKind":"Public"}},{"type":"Feature","geometry":{"type":"Point","coordinates":[131.6770570833,32.5873353333]},"properties":{"_markerType":"Icon","_iconUrl":"https://service.gsi.go.jp/kijunten/contents/screen/point/images/Public/TR3.png","_iconSize":[20,20],"name":"247K960","成果ID":"920239","種別":"基準点","作業内容":"新設","等級":"3級","水準点兼用コード":"兼用なし","点名":"247K960","成果区分":"世界測地系（測地成果2011）","閲覧・謄本交付の可否":"閲覧・謄本交付可","成果状態":"正常（新設）","ワンストップ可否":"○","助言番号":"H19I0371","計画機関名":"国土交通省九州地方整備局延岡河川国道事務所","_sourceFile":"20260505_202211_Public.geojson","_sourceKind":"Public"}},{"type":"Feature","geometry":{"type":"Point","coordinates":[131.6818482222,32.5806241944]},"properties":{"_markerType":"Icon","_iconUrl":"https://service.gsi.go.jp/kijunten/contents/screen/point/images/Public/TR3.png","_iconSize":[20,20],"name":"248K830","成果ID":"920240","種別":"基準点","作業内容":"新設","等級":"3級","水準点兼用コード":"兼用なし","点名":"248K830","成果区分":"世界測地系（測地成果2011）","閲覧・謄本交付の可否":"閲覧・謄本交付可","成果状態":"正常（新設）","ワンストップ可否":"○","助言番号":"H19I0371","計画機関名":"国土交通省九州地方整備局延岡河川国道事務所","_sourceFile":"20260505_202211_Public.geojson","_sourceKind":"Public"}},{"type":"Feature","geometry":{"type":"Point","coordinates":[131.6825907778,32.5792360556]},"properties":{"_markerType":"Icon","_iconUrl":"https://service.gsi.go.jp/kijunten/contents/screen/point/images/Public/TR3.png","_iconSize":[20,20],"name":"249K000","成果ID":"920241","種別":"基準点","作業内容":"新設","等級":"3級","水準点兼用コード":"兼用なし","点名":"249K000","成果区分":"世界測地系（測地成果2011）","閲覧・謄本交付の可否":"閲覧・謄本交付可","成果状態":"正常（新設）","ワンストップ可否":"○","助言番号":"H19I0371","計画機関名":"国土交通省九州地方整備局延岡河川国道事務所","_sourceFile":"20260505_202211_Public.geojson","_sourceKind":"Public"}},{"type":"Feature","geometry":{"type":"Point","coordinates":[131.6837488333,32.5768913611]},"properties":{"_markerType":"Icon","_iconUrl":"https://service.gsi.go.jp/kijunten/contents/screen/point/images/Public/TR3.png","_iconSize":[20,20],"name":"249K280","成果ID":"920242","種別":"基準点","作業内容":"新設","等級":"3級","水準点兼用コード":"兼用なし","点名":"249K280","成果区分":"世界測地系（測地成果2011）","閲覧・謄本交付の可否":"閲覧・謄本交付可","成果状態":"正常（新設）","ワンストップ可否":"○","助言番号":"H19I0371","計画機関名":"国土交通省九州地方整備局延岡河川国道事務所","_sourceFile":"20260505_202211_Public.geojson","_sourceKind":"Public"}},{"type":"Feature","geometry":{"type":"Point","coordinates":[131.6837625278,32.5757773611]},"properties":{"_markerType":"Icon","_iconUrl":"https://service.gsi.go.jp/kijunten/contents/screen/point/images/Public/TR3.png","_iconSize":[20,20],"name":"249K400","成果ID":"920243","種別":"基準点","作業内容":"新設","等級":"3級","水準点兼用コード":"兼用なし","点名":"249K400","成果区分":"世界測地系（測地成果2011）","閲覧・謄本交付の可否":"閲覧・謄本交付可","成果状態":"正常（新設）","ワンストップ可否":"○","助言番号":"H19I0371","計画機関名":"国土交通省九州地方整備局延岡河川国道事務所","_sourceFile":"20260505_202211_Public.geojson","_sourceKind":"Public"}},{"type":"Feature","geometry":{"type":"Point","coordinates":[131.6835158889,32.5726983889]},"properties":{"_markerType":"Icon","_iconUrl":"https://service.gsi.go.jp/kijunten/contents/screen/point/images/Public/TR3.png","_iconSize":[20,20],"name":"249K740","成果ID":"920244","種別":"基準点","作業内容":"新設","等級":"3級","水準点兼用コード":"兼用なし","点名":"249K740","成果区分":"世界測地系（測地成果2011）","閲覧・謄本交付の可否":"閲覧・謄本交付可","成果状態":"正常（新設）","ワンストップ可否":"○","助言番号":"H19I0371","計画機関名":"国土交通省九州地方整備局延岡河川国道事務所","_sourceFile":"20260505_202211_Public.geojson","_sourceKind":"Public"}},{"type":"Feature","geometry":{"type":"Point","coordinates":[131.6837501667,32.5711478611]},"properties":{"_markerType":"Icon","_iconUrl":"https://service.gsi.go.jp/kijunten/contents/screen/point/images/Public/TR3.png","_iconSize":[20,20],"name":"249K920","成果ID":"920245","種別":"基準点","作業内容":"新設","等級":"3級","水準点兼用コード":"兼用なし","点名":"249K920","成果区分":"世界測地系（測地成果2011）","閲覧・謄本交付の可否":"閲覧・謄本交付可","成果状態":"正常（新設）","ワンストップ可否":"○","助言番号":"H19I0371","計画機関名":"国土交通省九州地方整備局延岡河川国道事務所","_sourceFile":"20260505_202211_Public.geojson","_sourceKind":"Public"}},{"type":"Feature","geometry":{"type":"Point","coordinates":[131.68360425,32.56839175]},"properties":{"_markerType":"Icon","_iconUrl":"https://service.gsi.go.jp/kijunten/contents/screen/point/images/Public/TR3.png","_iconSize":[20,20],"name":"250K220","成果ID":"920246","種別":"基準点","作業内容":"新設","等級":"3級","水準点兼用コード":"兼用なし","点名":"250K220","成果区分":"世界測地系（測地成果2011）","閲覧・謄本交付の可否":"閲覧・謄本交付可","成果状態":"正常（新設）","ワンストップ可否":"○","助言番号":"H19I0371","計画機関名":"国土交通省九州地方整備局延岡河川国道事務所","_sourceFile":"20260505_202211_Public.geojson","_sourceKind":"Public"}},{"type":"Feature","geometry":{"type":"Point","coordinates":[131.6826955833,32.5663306944]},"properties":{"_markerType":"Icon","_iconUrl":"https://service.gsi.go.jp/kijunten/contents/screen/point/images/Public/TR3.png","_iconSize":[20,20],"name":"250K460","成果ID":"920247","種別":"基準点","作業内容":"新設","等級":"3級","水準点兼用コード":"兼用なし","点名":"250K460","成果区分":"世界測地系（測地成果2011）","閲覧・謄本交付の可否":"閲覧・謄本交付可","成果状態":"正常（新設）","ワンストップ可否":"○","助言番号":"H19I0371","計画機関名":"国土交通省九州地方整備局延岡河川国道事務所","_sourceFile":"20260505_202211_Public.geojson","_sourceKind":"Public"}},{"type":"Feature","geometry":{"type":"Point","coordinates":[131.6818487222,32.5632531389]},"properties":{"_markerType":"Icon","_iconUrl":"https://service.gsi.go.jp/kijunten/contents/screen/point/images/Public/TR3.png","_iconSize":[20,20],"name":"250K810","成果ID":"920248","種別":"基準点","作業内容":"新設","等級":"3級","水準点兼用コード":"兼用なし","点名":"250K810","成果区分":"世界測地系（測地成果2011）","閲覧・謄本交付の可否":"閲覧・謄本交付可","成果状態":"正常（新設）","ワンストップ可否":"○","助言番号":"H19I0371","計画機関名":"国土交通省九州地方整備局延岡河川国道事務所","_sourceFile":"20260505_202211_Public.geojson","_sourceKind":"Public"}},{"type":"Feature","geometry":{"type":"Point","coordinates":[131.6352961667,32.5807618611]},"properties":{"_markerType":"Icon","_iconUrl":"https://service.gsi.go.jp/kijunten/contents/screen/point/images/Public/TR3.png","_iconSize":[20,20],"name":"3-10","成果ID":"921934","種別":"基準点","作業内容":"新設","等級":"3級","水準点兼用コード":"兼用なし","点名":"3-10","成果区分":"世界測地系（測地成果2011）","閲覧・謄本交付の可否":"閲覧・謄本交付可","成果状態":"正常（新設）","ワンストップ可否":"×","助言番号":"H19I0325","計画機関名":"延岡市","_sourceFile":"20260505_202211_Public.geojson","_sourceKind":"Public"}},{"type":"Feature","geometry":{"type":"Point","coordinates":[131.6370623056,32.5807964722]},"properties":{"_markerType":"Icon","_iconUrl":"https://service.gsi.go.jp/kijunten/contents/screen/point/images/Public/TR3.png","_iconSize":[20,20],"name":"3-1","成果ID":"921935","種別":"基準点","作業内容":"新設","等級":"3級","水準点兼用コード":"兼用なし","点名":"3-1","成果区分":"世界測地系（測地成果2011）","閲覧・謄本交付の可否":"閲覧・謄本交付可","成果状態":"正常（新設）","ワンストップ可否":"×","助言番号":"H19I0325","計画機関名":"延岡市","_sourceFile":"20260505_202211_Public.geojson","_sourceKind":"Public"}},{"type":"Feature","geometry":{"type":"Point","coordinates":[131.6334877778,32.5799816667]},"properties":{"_markerType":"Icon","_iconUrl":"https://service.gsi.go.jp/kijunten/contents/screen/point/images/Public/TR3.png","_iconSize":[20,20],"name":"3-8","成果ID":"921936","種別":"基準点","作業内容":"新設","等級":"3級","水準点兼用コード":"兼用なし","点名":"3-8","成果区分":"世界測地系（測地成果2011）","閲覧・謄本交付の可否":"閲覧・謄本交付可","成果状態":"正常（新設）","ワンストップ可否":"×","助言番号":"H19I0325","計画機関名":"延岡市","_sourceFile":"20260505_202211_Public.geojson","_sourceKind":"Public"}},{"type":"Feature","geometry":{"type":"Point","coordinates":[131.6351468889,32.5799484167]},"properties":{"_markerType":"Icon","_iconUrl":"https://service.gsi.go.jp/kijunten/contents/screen/point/images/Public/TR3.png","_iconSize":[20,20],"name":"3-9","成果ID":"921937","種別":"基準点","作業内容":"新設","等級":"3級","水準点兼用コード":"兼用なし","点名":"3-9","成果区分":"世界測地系（測地成果2011）","閲覧・謄本交付の可否":"閲覧・謄本交付可","成果状態":"正常（新設）","ワンストップ可否":"×","助言番号":"H19I0325","計画機関名":"延岡市","_sourceFile":"20260505_202211_Public.geojson","_sourceKind":"Public"}},{"type":"Feature","geometry":{"type":"Point","coordinates":[131.6320146944,32.57881375]},"properties":{"_markerType":"Icon","_iconUrl":"https://service.gsi.go.jp/kijunten/contents/screen/point/images/Public/TR3.png","_iconSize":[20,20],"name":"3-7","成果ID":"921938","種別":"基準点","作業内容":"新設","等級":"3級","水準点兼用コード":"兼用なし","点名":"3-7","成果区分":"世界測地系（測地成果2011）","閲覧・謄本交付の可否":"閲覧・謄本交付可","成果状態":"正常（新設）","ワンストップ可否":"×","助言番号":"H19I0325","計画機関名":"延岡市","_sourceFile":"20260505_202211_Public.geojson","_sourceKind":"Public"}},{"type":"Feature","geometry":{"type":"Point","coordinates":[131.6336679722,32.57857375]},"properties":{"_markerType":"Icon","_iconUrl":"https://service.gsi.go.jp/kijunten/contents/screen/point/images/Public/TR3.png","_iconSize":[20,20],"name":"3-13","成果ID":"921939","種別":"基準点","作業内容":"新設","等級":"3級","水準点兼用コード":"兼用なし","点名":"3-13","成果区分":"世界測地系（測地成果2011）","閲覧・謄本交付の可否":"閲覧・謄本交付可","成果状態":"正常（新設）","ワンストップ可否":"×","助言番号":"H19I0325","計画機関名":"延岡市","_sourceFile":"20260505_202211_Public.geojson","_sourceKind":"Public"}},{"type":"Feature","geometry":{"type":"Point","coordinates":[131.6346707778,32.5783613611]},"properties":{"_markerType":"Icon","_iconUrl":"https://service.gsi.go.jp/kijunten/contents/screen/point/images/Public/TR3.png","_iconSize":[20,20],"name":"3-11","成果ID":"921940","種別":"基準点","作業内容":"新設","等級":"3級","水準点兼用コード":"兼用なし","点名":"3-11","成果区分":"世界測地系（測地成果2011）","閲覧・謄本交付の可否":"閲覧・謄本交付可","成果状態":"正常（新設）","ワンストップ可否":"×","助言番号":"H19I0325","計画機関名":"延岡市","_sourceFile":"20260505_202211_Public.geojson","_sourceKind":"Public"}},{"type":"Feature","geometry":{"type":"Point","coordinates":[131.6367897222,32.5780854167]},"properties":{"_markerType":"Icon","_iconUrl":"https://service.gsi.go.jp/kijunten/contents/screen/point/images/Public/TR3.png","_iconSize":[20,20],"name":"3-2","成果ID":"921941","種別":"基準点","作業内容":"新設","等級":"3級","水準点兼用コード":"兼用なし","点名":"3-2","成果区分":"世界測地系（測地成果2011）","閲覧・謄本交付の可否":"閲覧・謄本交付可","成果状態":"正常（新設）","ワンストップ可否":"×","助言番号":"H19I0325","計画機関名":"延岡市","_sourceFile":"20260505_202211_Public.geojson","_sourceKind":"Public"}},{"type":"Feature","geometry":{"type":"Point","coordinates":[131.6324118056,32.5766254444]},"properties":{"_markerType":"Icon","_iconUrl":"https://service.gsi.go.jp/kijunten/contents/screen/point/images/Public/TR3.png","_iconSize":[20,20],"name":"3-6","成果ID":"921942","種別":"基準点","作業内容":"新設","等級":"3級","水準点兼用コード":"兼用なし","点名":"3-6","成果区分":"世界測地系（測地成果2011）","閲覧・謄本交付の可否":"閲覧・謄本交付可","成果状態":"正常（新設）","ワンストップ可否":"×","助言番号":"H19I0325","計画機関名":"延岡市","_sourceFile":"20260505_202211_Public.geojson","_sourceKind":"Public"}},{"type":"Feature","geometry":{"type":"Point","coordinates":[131.6343375,32.5767590278]},"properties":{"_markerType":"Icon","_iconUrl":"https://service.gsi.go.jp/kijunten/contents/screen/point/images/Public/TR3.png","_iconSize":[20,20],"name":"3-12","成果ID":"921943","種別":"基準点","作業内容":"新設","等級":"3級","水準点兼用コード":"兼用なし","点名":"3-12","成果区分":"世界測地系（測地成果2011）","閲覧・謄本交付の可否":"閲覧・謄本交付可","成果状態":"正常（新設）","ワンストップ可否":"×","助言番号":"H19I0325","計画機関名":"延岡市","_sourceFile":"20260505_202211_Public.geojson","_sourceKind":"Public"}},{"type":"Feature","geometry":{"type":"Point","coordinates":[131.6367229722,32.576549]},"properties":{"_markerType":"Icon","_iconUrl":"https://service.gsi.go.jp/kijunten/contents/screen/point/images/Public/TR3.png","_iconSize":[20,20],"name":"3-3","成果ID":"921944","種別":"基準点","作業内容":"新設","等級":"3級","水準点兼用コード":"兼用なし","点名":"3-3","成果区分":"世界測地系（測地成果2011）","閲覧・謄本交付の可否":"閲覧・謄本交付可","成果状態":"正常（新設）","ワンストップ可否":"×","助言番号":"H19I0325","計画機関名":"延岡市","_sourceFile":"20260505_202211_Public.geojson","_sourceKind":"Public"}},{"type":"Feature","geometry":{"type":"Point","coordinates":[131.6334673333,32.5758593611]},"properties":{"_markerType":"Icon","_iconUrl":"https://service.gsi.go.jp/kijunten/contents/screen/point/images/Public/TR3.png","_iconSize":[20,20],"name":"3-5","成果ID":"921945","種別":"基準点","作業内容":"新設","等級":"3級","水準点兼用コード":"兼用なし","点名":"3-5","成果区分":"世界測地系（測地成果2011）","閲覧・謄本交付の可否":"閲覧・謄本交付可","成果状態":"正常（新設）","ワンストップ可否":"×","助言番号":"H19I0325","計画機関名":"延岡市","_sourceFile":"20260505_202211_Public.geojson","_sourceKind":"Public"}},{"type":"Feature","geometry":{"type":"Point","coordinates":[131.6351978889,32.5746321111]},"properties":{"_markerType":"Icon","_iconUrl":"https://service.gsi.go.jp/kijunten/contents/screen/point/images/Public/TR3.png","_iconSize":[20,20],"name":"3-4","成果ID":"921946","種別":"基準点","作業内容":"新設","等級":"3級","水準点兼用コード":"兼用なし","点名":"3-4","成果区分":"世界測地系（測地成果2011）","閲覧・謄本交付の可否":"閲覧・謄本交付可","成果状態":"正常（新設）","ワンストップ可否":"×","助言番号":"H19I0325","計画機関名":"延岡市","_sourceFile":"20260505_202211_Public.geojson","_sourceKind":"Public"}},{"type":"Feature","geometry":{"type":"Point","coordinates":[131.6798115,32.5220701389]},"properties":{"_markerType":"Icon","_iconUrl":"https://service.gsi.go.jp/kijunten/contents/screen/point/images/Public/TR3.png","_iconSize":[20,20],"name":"3MH-1","成果ID":"8120502","種別":"基準点","作業内容":"新設","等級":"3級","水準点兼用コード":"兼用なし","点名":"3MH-1","成果区分":"世界測地系（測地成果2000）","閲覧・謄本交付の可否":"閲覧・謄本交付可","成果状態":"正常（新設）","ワンストップ可否":"×","助言番号":"H22I0099","計画機関名":"宮崎県延岡土木事務所","_sourceFile":"20260505_202211_Public.geojson","_sourceKind":"Public"}},{"type":"Feature","geometry":{"type":"Point","coordinates":[131.6791559444,32.5207192778]},"properties":{"_markerType":"Icon","_iconUrl":"https://service.gsi.go.jp/kijunten/contents/screen/point/images/Public/TR3.png","_iconSize":[20,20],"name":"3MH-2","成果ID":"8120503","種別":"基準点","作業内容":"新設","等級":"3級","水準点兼用コード":"兼用なし","点名":"3MH-2","成果区分":"世界測地系（測地成果2000）","閲覧・謄本交付の可否":"閲覧・謄本交付可","成果状態":"正常（新設）","ワンストップ可否":"×","助言番号":"H22I0099","計画機関名":"宮崎県延岡土木事務所","_sourceFile":"20260505_202211_Public.geojson","_sourceKind":"Public"}},{"type":"Feature","geometry":{"type":"Point","coordinates":[131.6795933611,32.5187125278]},"properties":{"_markerType":"Icon","_iconUrl":"https://service.gsi.go.jp/kijunten/contents/screen/point/images/Public/TR3.png","_iconSize":[20,20],"name":"3MH-3","成果ID":"8120504","種別":"基準点","作業内容":"新設","等級":"3級","水準点兼用コード":"兼用なし","点名":"3MH-3","成果区分":"世界測地系（測地成果2000）","閲覧・謄本交付の可否":"閲覧・謄本交付可","成果状態":"正常（新設）","ワンストップ可否":"×","助言番号":"H22I0099","計画機関名":"宮崎県延岡土木事務所","_sourceFile":"20260505_202211_Public.geojson","_sourceKind":"Public"}},{"type":"Feature","geometry":{"type":"Point","coordinates":[131.6819911944,32.5178768889]},"properties":{"_markerType":"Icon","_iconUrl":"https://service.gsi.go.jp/kijunten/contents/screen/point/images/Public/TR3.png","_iconSize":[20,20],"name":"3MH-4","成果ID":"8120505","種別":"基準点","作業内容":"新設","等級":"3級","水準点兼用コード":"兼用なし","点名":"3MH-4","成果区分":"世界測地系（測地成果2000）","閲覧・謄本交付の可否":"閲覧・謄本交付可","成果状態":"正常（新設）","ワンストップ可否":"×","助言番号":"H22I0099","計画機関名":"宮崎県延岡土木事務所","_sourceFile":"20260505_202211_Public.geojson","_sourceKind":"Public"}},{"type":"Feature","geometry":{"type":"Point","coordinates":[131.6598262778,32.5950029444]},"properties":{"_markerType":"Icon","_iconUrl":"https://service.gsi.go.jp/kijunten/contents/screen/point/images/Public/TR3.png","_iconSize":[20,20],"name":"3NO-1","成果ID":"8139832","種別":"基準点","作業内容":"新設","等級":"3級","水準点兼用コード":"兼用なし","点名":"3NO-1","成果区分":"世界測地系（測地成果2011）","閲覧・謄本交付の可否":"閲覧・謄本交付可","成果状態":"正常（新設）","ワンストップ可否":"×","助言番号":"H25I0128","計画機関名":"宮崎県延岡市","_sourceFile":"20260505_202211_Public.geojson","_sourceKind":"Public"}},{"type":"Feature","geometry":{"type":"Point","coordinates":[131.6587816111,32.5929839444]},"properties":{"_markerType":"Icon","_iconUrl":"https://service.gsi.go.jp/kijunten/contents/screen/point/images/Public/TR3.png","_iconSize":[20,20],"name":"3NO-2","成果ID":"8139833","種別":"基準点","作業内容":"新設","等級":"3級","水準点兼用コード":"兼用なし","点名":"3NO-2","成果区分":"世界測地系（測地成果2011）","閲覧・謄本交付の可否":"閲覧・謄本交付可","成果状態":"正常（新設）","ワンストップ可否":"×","助言番号":"H25I0128","計画機関名":"宮崎県延岡市","_sourceFile":"20260505_202211_Public.geojson","_sourceKind":"Public"}},{"type":"Feature","geometry":{"type":"Point","coordinates":[131.6594094722,32.5909052778]},"properties":{"_markerType":"Icon","_iconUrl":"https://service.gsi.go.jp/kijunten/contents/screen/point/images/Public/TR3.png","_iconSize":[20,20],"name":"3NO-3","成果ID":"8139834","種別":"基準点","作業内容":"新設","等級":"3級","水準点兼用コード":"兼用なし","点名":"3NO-3","成果区分":"世界測地系（測地成果2011）","閲覧・謄本交付の可否":"閲覧・謄本交付可","成果状態":"正常（新設）","ワンストップ可否":"×","助言番号":"H25I0128","計画機関名":"宮崎県延岡市","_sourceFile":"20260505_202211_Public.geojson","_sourceKind":"Public"}},{"type":"Feature","geometry":{"type":"Point","coordinates":[131.6590203889,32.5891559167]},"properties":{"_markerType":"Icon","_iconUrl":"https://service.gsi.go.jp/kijunten/contents/screen/point/images/Public/TR3.png","_iconSize":[20,20],"name":"3NO-4","成果ID":"8139835","種別":"基準点","作業内容":"新設","等級":"3級","水準点兼用コード":"兼用なし","点名":"3NO-4","成果区分":"世界測地系（測地成果2011）","閲覧・謄本交付の可否":"閲覧・謄本交付可","成果状態":"正常（新設）","ワンストップ可否":"×","助言番号":"H25I0128","計画機関名":"宮崎県延岡市","_sourceFile":"20260505_202211_Public.geojson","_sourceKind":"Public"}},{"type":"Feature","geometry":{"type":"Point","coordinates":[131.6581976111,32.5879382778]},"properties":{"_markerType":"Icon","_iconUrl":"https://service.gsi.go.jp/kijunten/contents/screen/point/images/Public/TR3.png","_iconSize":[20,20],"name":"3NO-5","成果ID":"8139836","種別":"基準点","作業内容":"新設","等級":"3級","水準点兼用コード":"兼用なし","点名":"3NO-5","成果区分":"世界測地系（測地成果2011）","閲覧・謄本交付の可否":"閲覧・謄本交付可","成果状態":"正常（新設）","ワンストップ可否":"×","助言番号":"H25I0128","計画機関名":"宮崎県延岡市","_sourceFile":"20260505_202211_Public.geojson","_sourceKind":"Public"}},{"type":"Feature","geometry":{"type":"Point","coordinates":[131.6566886389,32.5878309167]},"properties":{"_markerType":"Icon","_iconUrl":"https://service.gsi.go.jp/kijunten/contents/screen/point/images/Public/TR3.png","_iconSize":[20,20],"name":"3NO-6","成果ID":"8139837","種別":"基準点","作業内容":"新設","等級":"3級","水準点兼用コード":"兼用なし","点名":"3NO-6","成果区分":"世界測地系（測地成果2011）","閲覧・謄本交付の可否":"閲覧・謄本交付可","成果状態":"正常（新設）","ワンストップ可否":"×","助言番号":"H25I0128","計画機関名":"宮崎県延岡市","_sourceFile":"20260505_202211_Public.geojson","_sourceKind":"Public"}},{"type":"Feature","geometry":{"type":"Point","coordinates":[131.65494225,32.5886645833]},"properties":{"_markerType":"Icon","_iconUrl":"https://service.gsi.go.jp/kijunten/contents/screen/point/images/Public/TR3.png","_iconSize":[20,20],"name":"3NO-7","成果ID":"8139838","種別":"基準点","作業内容":"新設","等級":"3級","水準点兼用コード":"兼用なし","点名":"3NO-7","成果区分":"世界測地系（測地成果2011）","閲覧・謄本交付の可否":"閲覧・謄本交付可","成果状態":"正常（新設）","ワンストップ可否":"×","助言番号":"H25I0128","計画機関名":"宮崎県延岡市","_sourceFile":"20260505_202211_Public.geojson","_sourceKind":"Public"}},{"type":"Feature","geometry":{"type":"Point","coordinates":[131.6548439444,32.5906819167]},"properties":{"_markerType":"Icon","_iconUrl":"https://service.gsi.go.jp/kijunten/contents/screen/point/images/Public/TR3.png","_iconSize":[20,20],"name":"3NO-8","成果ID":"8139839","種別":"基準点","作業内容":"新設","等級":"3級","水準点兼用コード":"兼用なし","点名":"3NO-8","成果区分":"世界測地系（測地成果2011）","閲覧・謄本交付の可否":"閲覧・謄本交付可","成果状態":"正常（新設）","ワンストップ可否":"×","助言番号":"H25I0128","計画機関名":"宮崎県延岡市","_sourceFile":"20260505_202211_Public.geojson","_sourceKind":"Public"}},{"type":"Feature","geometry":{"type":"Point","coordinates":[131.6573526944,32.5918212222]},"properties":{"_markerType":"Icon","_iconUrl":"https://service.gsi.go.jp/kijunten/contents/screen/point/images/Public/TR3.png","_iconSize":[20,20],"name":"3NO-9","成果ID":"8139840","種別":"基準点","作業内容":"新設","等級":"3級","水準点兼用コード":"兼用なし","点名":"3NO-9","成果区分":"世界測地系（測地成果2011）","閲覧・謄本交付の可否":"閲覧・謄本交付可","成果状態":"正常（新設）","ワンストップ可否":"×","助言番号":"H25I0128","計画機関名":"宮崎県延岡市","_sourceFile":"20260505_202211_Public.geojson","_sourceKind":"Public"}},{"type":"Feature","geometry":{"type":"Point","coordinates":[131.6574211111,32.5898009444]},"properties":{"_markerType":"Icon","_iconUrl":"https://service.gsi.go.jp/kijunten/contents/screen/point/images/Public/TR3.png","_iconSize":[20,20],"name":"3NO-10","成果ID":"8139841","種別":"基準点","作業内容":"新設","等級":"3級","水準点兼用コード":"兼用なし","点名":"3NO-10","成果区分":"世界測地系（測地成果2011）","閲覧・謄本交付の可否":"閲覧・謄本交付可","成果状態":"正常（新設）","ワンストップ可否":"×","助言番号":"H25I0128","計画機関名":"宮崎県延岡市","_sourceFile":"20260505_202211_Public.geojson","_sourceKind":"Public"}},{"type":"Feature","geometry":{"type":"Point","coordinates":[131.6982195556,32.6745475278]},"properties":{"_markerType":"Icon","_iconUrl":"https://service.gsi.go.jp/kijunten/contents/screen/point/images/Public/TR3.png","_iconSize":[20,20],"name":"NO.1","成果ID":"8157767","種別":"基準点","作業内容":"新設","等級":"3級","水準点兼用コード":"兼用なし","点名":"NO.1","成果区分":"世界測地系（測地成果2011）","閲覧・謄本交付の可否":"閲覧・謄本交付可","成果状態":"正常（新設）","ワンストップ可否":"○","助言番号":"H14I0457","計画機関名":"国土交通省九州地方整備局延岡河川国道事務所","_sourceFile":"20260505_202211_Public.geojson","_sourceKind":"Public"}},{"type":"Feature","geometry":{"type":"Point","coordinates":[131.67573502777776,32.55788308333333]},"properties":{"_markerType":"Icon","_iconUrl":"https://service.gsi.go.jp/kijunten/contents/screen/point/images/Public/TR3.png","_iconSize":[20,20],"name":"H27-3NO.1","成果ID":"8212097","種別":"基準点","作業内容":"新設","等級":"3級","水準点兼用コード":"兼用なし","点名":"H27-3NO.1","成果区分":"世界測地系（測地成果2011）","閲覧・謄本交付の可否":"閲覧・謄本交付可","成果状態":"正常（新設）","ワンストップ可否":"×","助言番号":"H27I0423","計画機関名":"宮崎県延岡土木事務所","_sourceFile":"20260505_202211_Public.geojson","_sourceKind":"Public"}},{"type":"Feature","geometry":{"type":"Point","coordinates":[131.67554705555554,32.55617483333333]},"properties":{"_markerType":"Icon","_iconUrl":"https://service.gsi.go.jp/kijunten/contents/screen/point/images/Public/TR3.png","_iconSize":[20,20],"name":"H27-3NO.2","成果ID":"8212098","種別":"基準点","作業内容":"新設","等級":"3級","水準点兼用コード":"兼用なし","点名":"H27-3NO.2","成果区分":"世界測地系（測地成果2011）","閲覧・謄本交付の可否":"閲覧・謄本交付可","成果状態":"正常（新設）","ワンストップ可否":"×","助言番号":"H27I0423","計画機関名":"宮崎県延岡土木事務所","_sourceFile":"20260505_202211_Public.geojson","_sourceKind":"Public"}},{"type":"Feature","geometry":{"type":"Point","coordinates":[131.65878930555556,32.58614655555556]},"properties":{"_markerType":"Icon","_iconUrl":"https://service.gsi.go.jp/kijunten/contents/screen/point/images/Public/TR3.png","_iconSize":[20,20],"name":"302","成果ID":"8384857","種別":"基準点","作業内容":"新設","等級":"3級","水準点兼用コード":"兼用なし","点名":"302","成果区分":"世界測地系（測地成果2011）","閲覧・謄本交付の可否":"閲覧・謄本交付可","成果状態":"正常（新設）","ワンストップ可否":"×","助言番号":"R04I0739","計画機関名":"延岡市","_sourceFile":"20260505_202211_Public.geojson","_sourceKind":"Public"}},{"type":"Feature","geometry":{"type":"Point","coordinates":[131.65191777777778,32.58722794444445]},"properties":{"_markerType":"Icon","_iconUrl":"https://service.gsi.go.jp/kijunten/contents/screen/point/images/Public/TR3.png","_iconSize":[20,20],"name":"303","成果ID":"8384858","種別":"基準点","作業内容":"新設","等級":"3級","水準点兼用コード":"兼用なし","点名":"303","成果区分":"世界測地系（測地成果2011）","閲覧・謄本交付の可否":"閲覧・謄本交付可","成果状態":"正常（新設）","ワンストップ可否":"×","助言番号":"R04I0739","計画機関名":"延岡市","_sourceFile":"20260505_202211_Public.geojson","_sourceKind":"Public"}},{"type":"Feature","geometry":{"type":"Point","coordinates":[131.65347011111112,32.586457611111115]},"properties":{"_markerType":"Icon","_iconUrl":"https://service.gsi.go.jp/kijunten/contents/screen/point/images/Public/TR3.png","_iconSize":[20,20],"name":"304","成果ID":"8384859","種別":"基準点","作業内容":"新設","等級":"3級","水準点兼用コード":"兼用なし","点名":"304","成果区分":"世界測地系（測地成果2011）","閲覧・謄本交付の可否":"閲覧・謄本交付可","成果状態":"正常（新設）","ワンストップ可否":"×","助言番号":"R04I0739","計画機関名":"延岡市","_sourceFile":"20260505_202211_Public.geojson","_sourceKind":"Public"}},{"type":"Feature","geometry":{"type":"Point","coordinates":[131.6560567777778,32.58621252777778]},"properties":{"_markerType":"Icon","_iconUrl":"https://service.gsi.go.jp/kijunten/contents/screen/point/images/Public/TR3.png","_iconSize":[20,20],"name":"305","成果ID":"8384860","種別":"基準点","作業内容":"新設","等級":"3級","水準点兼用コード":"兼用なし","点名":"305","成果区分":"世界測地系（測地成果2011）","閲覧・謄本交付の可否":"閲覧・謄本交付可","成果状態":"正常（新設）","ワンストップ可否":"×","助言番号":"R04I0739","計画機関名":"延岡市","_sourceFile":"20260505_202211_Public.geojson","_sourceKind":"Public"}},{"type":"Feature","geometry":{"type":"Point","coordinates":[131.65030319444446,32.58644544444444]},"properties":{"_markerType":"Icon","_iconUrl":"https://service.gsi.go.jp/kijunten/contents/screen/point/images/Public/TR3.png","_iconSize":[20,20],"name":"306","成果ID":"8384861","種別":"基準点","作業内容":"新設","等級":"3級","水準点兼用コード":"兼用なし","点名":"306","成果区分":"世界測地系（測地成果2011）","閲覧・謄本交付の可否":"閲覧・謄本交付可","成果状態":"正常（新設）","ワンストップ可否":"×","助言番号":"R04I0739","計画機関名":"延岡市","_sourceFile":"20260505_202211_Public.geojson","_sourceKind":"Public"}},{"type":"Feature","geometry":{"type":"Point","coordinates":[131.6555488888889,32.58454808333334]},"properties":{"_markerType":"Icon","_iconUrl":"https://service.gsi.go.jp/kijunten/contents/screen/point/images/Public/TR3.png","_iconSize":[20,20],"name":"308","成果ID":"8384862","種別":"基準点","作業内容":"新設","等級":"3級","水準点兼用コード":"兼用なし","点名":"308","成果区分":"世界測地系（測地成果2011）","閲覧・謄本交付の可否":"閲覧・謄本交付可","成果状態":"正常（新設）","ワンストップ可否":"×","助言番号":"R04I0739","計画機関名":"延岡市","_sourceFile":"20260505_202211_Public.geojson","_sourceKind":"Public"}},{"type":"Feature","geometry":{"type":"Point","coordinates":[131.65935077777777,32.584945805555556]},"properties":{"_markerType":"Icon","_iconUrl":"https://service.gsi.go.jp/kijunten/contents/screen/point/images/Public/TR3.png","_iconSize":[20,20],"name":"310","成果ID":"8384863","種別":"基準点","作業内容":"新設","等級":"3級","水準点兼用コード":"兼用なし","点名":"310","成果区分":"世界測地系（測地成果2011）","閲覧・謄本交付の可否":"閲覧・謄本交付可","成果状態":"正常（新設）","ワンストップ可否":"×","助言番号":"R04I0739","計画機関名":"延岡市","_sourceFile":"20260505_202211_Public.geojson","_sourceKind":"Public"}},{"type":"Feature","geometry":{"type":"Point","coordinates":[131.65328844444446,32.585027583333336]},"properties":{"_markerType":"Icon","_iconUrl":"https://service.gsi.go.jp/kijunten/contents/screen/point/images/Public/TR3.png","_iconSize":[20,20],"name":"307","成果ID":"8384864","種別":"基準点","作業内容":"新設","等級":"3級","水準点兼用コード":"兼用なし","点名":"307","成果区分":"世界測地系（測地成果2011）","閲覧・謄本交付の可否":"閲覧・謄本交付可","成果状態":"正常（新設）","ワンストップ可否":"×","助言番号":"R04I0739","計画機関名":"延岡市","_sourceFile":"20260505_202211_Public.geojson","_sourceKind":"Public"}},{"type":"Feature","geometry":{"type":"Point","coordinates":[131.65730511111113,32.584513138888894]},"properties":{"_markerType":"Icon","_iconUrl":"https://service.gsi.go.jp/kijunten/contents/screen/point/images/Public/TR3.png","_iconSize":[20,20],"name":"309","成果ID":"8384865","種別":"基準点","作業内容":"新設","等級":"3級","水準点兼用コード":"兼用なし","点名":"309","成果区分":"世界測地系（測地成果2011）","閲覧・謄本交付の可否":"閲覧・謄本交付可","成果状態":"正常（新設）","ワンストップ可否":"×","助言番号":"R04I0739","計画機関名":"延岡市","_sourceFile":"20260505_202211_Public.geojson","_sourceKind":"Public"}},{"type":"Feature","geometry":{"type":"Point","coordinates":[131.65305594444445,32.55005997222222]},"properties":{"_markerType":"Icon","_iconUrl":"https://service.gsi.go.jp/kijunten/contents/screen/point/images/Public/TR3.png","_iconSize":[20,20],"name":"KT-1","成果ID":"8397727","種別":"基準点","作業内容":"新設","等級":"3級","水準点兼用コード":"兼用なし","点名":"KT-1","成果区分":"世界測地系（測地成果2011）","閲覧・謄本交付の可否":"閲覧・謄本交付可","成果状態":"正常（新設）","ワンストップ可否":"×","助言番号":"R04I0740","計画機関名":"宮崎県東臼杵農林振興局","_sourceFile":"20260505_202211_Public.geojson","_sourceKind":"Public"}},{"type":"Feature","geometry":{"type":"Point","coordinates":[131.66413819444446,32.538188444444444]},"properties":{"_markerType":"Icon","_iconUrl":"https://service.gsi.go.jp/kijunten/contents/screen/point/images/Public/TR3.png","_iconSize":[20,20],"name":"KT-10","成果ID":"8397728","種別":"基準点","作業内容":"新設","等級":"3級","水準点兼用コード":"兼用なし","点名":"KT-10","成果区分":"世界測地系（測地成果2011）","閲覧・謄本交付の可否":"閲覧・謄本交付可","成果状態":"正常（新設）","ワンストップ可否":"×","助言番号":"R04I0740","計画機関名":"宮崎県東臼杵農林振興局","_sourceFile":"20260505_202211_Public.geojson","_sourceKind":"Public"}},{"type":"Feature","geometry":{"type":"Point","coordinates":[131.66273136111113,32.539476055555554]},"properties":{"_markerType":"Icon","_iconUrl":"https://service.gsi.go.jp/kijunten/contents/screen/point/images/Public/TR3.png","_iconSize":[20,20],"name":"KT-11","成果ID":"8397729","種別":"基準点","作業内容":"新設","等級":"3級","水準点兼用コード":"兼用なし","点名":"KT-11","成果区分":"世界測地系（測地成果2011）","閲覧・謄本交付の可否":"閲覧・謄本交付可","成果状態":"正常（新設）","ワンストップ可否":"×","助言番号":"R04I0740","計画機関名":"宮崎県東臼杵農林振興局","_sourceFile":"20260505_202211_Public.geojson","_sourceKind":"Public"}},{"type":"Feature","geometry":{"type":"Point","coordinates":[131.66063197222223,32.54003025]},"properties":{"_markerType":"Icon","_iconUrl":"https://service.gsi.go.jp/kijunten/contents/screen/point/images/Public/TR3.png","_iconSize":[20,20],"name":"KT-12","成果ID":"8397730","種別":"基準点","作業内容":"新設","等級":"3級","水準点兼用コード":"兼用なし","点名":"KT-12","成果区分":"世界測地系（測地成果2011）","閲覧・謄本交付の可否":"閲覧・謄本交付可","成果状態":"正常（新設）","ワンストップ可否":"×","助言番号":"R04I0740","計画機関名":"宮崎県東臼杵農林振興局","_sourceFile":"20260505_202211_Public.geojson","_sourceKind":"Public"}},{"type":"Feature","geometry":{"type":"Point","coordinates":[131.66232872222224,32.542275527777775]},"properties":{"_markerType":"Icon","_iconUrl":"https://service.gsi.go.jp/kijunten/contents/screen/point/images/Public/TR3.png","_iconSize":[20,20],"name":"KT-13","成果ID":"8397731","種別":"基準点","作業内容":"新設","等級":"3級","水準点兼用コード":"兼用なし","点名":"KT-13","成果区分":"世界測地系（測地成果2011）","閲覧・謄本交付の可否":"閲覧・謄本交付可","成果状態":"正常（新設）","ワンストップ可否":"×","助言番号":"R04I0740","計画機関名":"宮崎県東臼杵農林振興局","_sourceFile":"20260505_202211_Public.geojson","_sourceKind":"Public"}},{"type":"Feature","geometry":{"type":"Point","coordinates":[131.66598625,32.539226138888885]},"properties":{"_markerType":"Icon","_iconUrl":"https://service.gsi.go.jp/kijunten/contents/screen/point/images/Public/TR3.png","_iconSize":[20,20],"name":"KT-14","成果ID":"8397732","種別":"基準点","作業内容":"新設","等級":"3級","水準点兼用コード":"兼用なし","点名":"KT-14","成果区分":"世界測地系（測地成果2011）","閲覧・謄本交付の可否":"閲覧・謄本交付可","成果状態":"正常（新設）","ワンストップ可否":"×","助言番号":"R04I0740","計画機関名":"宮崎県東臼杵農林振興局","_sourceFile":"20260505_202211_Public.geojson","_sourceKind":"Public"}},{"type":"Feature","geometry":{"type":"Point","coordinates":[131.66513605555556,32.54018077777778]},"properties":{"_markerType":"Icon","_iconUrl":"https://service.gsi.go.jp/kijunten/contents/screen/point/images/Public/TR3.png","_iconSize":[20,20],"name":"KT-15","成果ID":"8397733","種別":"基準点","作業内容":"新設","等級":"3級","水準点兼用コード":"兼用なし","点名":"KT-15","成果区分":"世界測地系（測地成果2011）","閲覧・謄本交付の可否":"閲覧・謄本交付可","成果状態":"正常（新設）","ワンストップ可否":"×","助言番号":"R04I0740","計画機関名":"宮崎県東臼杵農林振興局","_sourceFile":"20260505_202211_Public.geojson","_sourceKind":"Public"}},{"type":"Feature","geometry":{"type":"Point","coordinates":[131.6657996666667,32.541917138888884]},"properties":{"_markerType":"Icon","_iconUrl":"https://service.gsi.go.jp/kijunten/contents/screen/point/images/Public/TR3.png","_iconSize":[20,20],"name":"KT-16","成果ID":"8397734","種別":"基準点","作業内容":"新設","等級":"3級","水準点兼用コード":"兼用なし","点名":"KT-16","成果区分":"世界測地系（測地成果2011）","閲覧・謄本交付の可否":"閲覧・謄本交付可","成果状態":"正常（新設）","ワンストップ可否":"×","助言番号":"R04I0740","計画機関名":"宮崎県東臼杵農林振興局","_sourceFile":"20260505_202211_Public.geojson","_sourceKind":"Public"}},{"type":"Feature","geometry":{"type":"Point","coordinates":[131.6636071388889,32.54424822222222]},"properties":{"_markerType":"Icon","_iconUrl":"https://service.gsi.go.jp/kijunten/contents/screen/point/images/Public/TR3.png","_iconSize":[20,20],"name":"KT-17","成果ID":"8397735","種別":"基準点","作業内容":"新設","等級":"3級","水準点兼用コード":"兼用なし","点名":"KT-17","成果区分":"世界測地系（測地成果2011）","閲覧・謄本交付の可否":"閲覧・謄本交付可","成果状態":"正常（新設）","ワンストップ可否":"×","助言番号":"R04I0740","計画機関名":"宮崎県東臼杵農林振興局","_sourceFile":"20260505_202211_Public.geojson","_sourceKind":"Public"}},{"type":"Feature","geometry":{"type":"Point","coordinates":[131.6614825277778,32.54483641666666]},"properties":{"_markerType":"Icon","_iconUrl":"https://service.gsi.go.jp/kijunten/contents/screen/point/images/Public/TR3.png","_iconSize":[20,20],"name":"KT-18","成果ID":"8397736","種別":"基準点","作業内容":"新設","等級":"3級","水準点兼用コード":"兼用なし","点名":"KT-18","成果区分":"世界測地系（測地成果2011）","閲覧・謄本交付の可否":"閲覧・謄本交付可","成果状態":"正常（新設）","ワンストップ可否":"×","助言番号":"R04I0740","計画機関名":"宮崎県東臼杵農林振興局","_sourceFile":"20260505_202211_Public.geojson","_sourceKind":"Public"}},{"type":"Feature","geometry":{"type":"Point","coordinates":[131.65941597222223,32.545187694444444]},"properties":{"_markerType":"Icon","_iconUrl":"https://service.gsi.go.jp/kijunten/contents/screen/point/images/Public/TR3.png","_iconSize":[20,20],"name":"KT-19","成果ID":"8397737","種別":"基準点","作業内容":"新設","等級":"3級","水準点兼用コード":"兼用なし","点名":"KT-19","成果区分":"世界測地系（測地成果2011）","閲覧・謄本交付の可否":"閲覧・謄本交付可","成果状態":"正常（新設）","ワンストップ可否":"×","助言番号":"R04I0740","計画機関名":"宮崎県東臼杵農林振興局","_sourceFile":"20260505_202211_Public.geojson","_sourceKind":"Public"}},{"type":"Feature","geometry":{"type":"Point","coordinates":[131.6548556388889,32.54947630555555]},"properties":{"_markerType":"Icon","_iconUrl":"https://service.gsi.go.jp/kijunten/contents/screen/point/images/Public/TR3.png","_iconSize":[20,20],"name":"KT-2","成果ID":"8397738","種別":"基準点","作業内容":"新設","等級":"3級","水準点兼用コード":"兼用なし","点名":"KT-2","成果区分":"世界測地系（測地成果2011）","閲覧・謄本交付の可否":"閲覧・謄本交付可","成果状態":"正常（新設）","ワンストップ可否":"×","助言番号":"R04I0740","計画機関名":"宮崎県東臼杵農林振興局","_sourceFile":"20260505_202211_Public.geojson","_sourceKind":"Public"}},{"type":"Feature","geometry":{"type":"Point","coordinates":[131.65688533333335,32.54928677777777]},"properties":{"_markerType":"Icon","_iconUrl":"https://service.gsi.go.jp/kijunten/contents/screen/point/images/Public/TR3.png","_iconSize":[20,20],"name":"KT-3","成果ID":"8397739","種別":"基準点","作業内容":"新設","等級":"3級","水準点兼用コード":"兼用なし","点名":"KT-3","成果区分":"世界測地系（測地成果2011）","閲覧・謄本交付の可否":"閲覧・謄本交付可","成果状態":"正常（新設）","ワンストップ可否":"×","助言番号":"R04I0740","計画機関名":"宮崎県東臼杵農林振興局","_sourceFile":"20260505_202211_Public.geojson","_sourceKind":"Public"}},{"type":"Feature","geometry":{"type":"Point","coordinates":[131.65813005555557,32.546496166666664]},"properties":{"_markerType":"Icon","_iconUrl":"https://service.gsi.go.jp/kijunten/contents/screen/point/images/Public/TR3.png","_iconSize":[20,20],"name":"KT-4","成果ID":"8397740","種別":"基準点","作業内容":"新設","等級":"3級","水準点兼用コード":"兼用なし","点名":"KT-4","成果区分":"世界測地系（測地成果2011）","閲覧・謄本交付の可否":"閲覧・謄本交付可","成果状態":"正常（新設）","ワンストップ可否":"×","助言番号":"R04I0740","計画機関名":"宮崎県東臼杵農林振興局","_sourceFile":"20260505_202211_Public.geojson","_sourceKind":"Public"}},{"type":"Feature","geometry":{"type":"Point","coordinates":[131.66058483333333,32.54830988888889]},"properties":{"_markerType":"Icon","_iconUrl":"https://service.gsi.go.jp/kijunten/contents/screen/point/images/Public/TR3.png","_iconSize":[20,20],"name":"KT-5","成果ID":"8397741","種別":"基準点","作業内容":"新設","等級":"3級","水準点兼用コード":"兼用なし","点名":"KT-5","成果区分":"世界測地系（測地成果2011）","閲覧・謄本交付の可否":"閲覧・謄本交付可","成果状態":"正常（新設）","ワンストップ可否":"×","助言番号":"R04I0740","計画機関名":"宮崎県東臼杵農林振興局","_sourceFile":"20260505_202211_Public.geojson","_sourceKind":"Public"}},{"type":"Feature","geometry":{"type":"Point","coordinates":[131.6652320277778,32.5489605]},"properties":{"_markerType":"Icon","_iconUrl":"https://service.gsi.go.jp/kijunten/contents/screen/point/images/Public/TR3.png","_iconSize":[20,20],"name":"KT-6","成果ID":"8397742","種別":"基準点","作業内容":"新設","等級":"3級","水準点兼用コード":"兼用なし","点名":"KT-6","成果区分":"世界測地系（測地成果2011）","閲覧・謄本交付の可否":"閲覧・謄本交付可","成果状態":"正常（新設）","ワンストップ可否":"×","助言番号":"R04I0740","計画機関名":"宮崎県東臼杵農林振興局","_sourceFile":"20260505_202211_Public.geojson","_sourceKind":"Public"}},{"type":"Feature","geometry":{"type":"Point","coordinates":[131.66889477777778,32.543438583333334]},"properties":{"_markerType":"Icon","_iconUrl":"https://service.gsi.go.jp/kijunten/contents/screen/point/images/Public/TR3.png","_iconSize":[20,20],"name":"KT-7","成果ID":"8397743","種別":"基準点","作業内容":"新設","等級":"3級","水準点兼用コード":"兼用なし","点名":"KT-7","成果区分":"世界測地系（測地成果2011）","閲覧・謄本交付の可否":"閲覧・謄本交付可","成果状態":"正常（新設）","ワンストップ可否":"×","助言番号":"R04I0740","計画機関名":"宮崎県東臼杵農林振興局","_sourceFile":"20260505_202211_Public.geojson","_sourceKind":"Public"}},{"type":"Feature","geometry":{"type":"Point","coordinates":[131.67058141666666,32.537325027777776]},"properties":{"_markerType":"Icon","_iconUrl":"https://service.gsi.go.jp/kijunten/contents/screen/point/images/Public/TR3.png","_iconSize":[20,20],"name":"KT-8","成果ID":"8397744","種別":"基準点","作業内容":"新設","等級":"3級","水準点兼用コード":"兼用なし","点名":"KT-8","成果区分":"世界測地系（測地成果2011）","閲覧・謄本交付の可否":"閲覧・謄本交付可","成果状態":"正常（新設）","ワンストップ可否":"×","助言番号":"R04I0740","計画機関名":"宮崎県東臼杵農林振興局","_sourceFile":"20260505_202211_Public.geojson","_sourceKind":"Public"}},{"type":"Feature","geometry":{"type":"Point","coordinates":[131.66738641666666,32.537814499999996]},"properties":{"_markerType":"Icon","_iconUrl":"https://service.gsi.go.jp/kijunten/contents/screen/point/images/Public/TR3.png","_iconSize":[20,20],"name":"KT-9","成果ID":"8397745","種別":"基準点","作業内容":"新設","等級":"3級","水準点兼用コード":"兼用なし","点名":"KT-9","成果区分":"世界測地系（測地成果2011）","閲覧・謄本交付の可否":"閲覧・謄本交付可","成果状態":"正常（新設）","ワンストップ可否":"×","助言番号":"R04I0740","計画機関名":"宮崎県東臼杵農林振興局","_sourceFile":"20260505_202211_Public.geojson","_sourceKind":"Public"}},{"type":"Feature","geometry":{"type":"Point","coordinates":[131.65334927777778,32.589104194444445]},"properties":{"_markerType":"Icon","_iconUrl":"https://service.gsi.go.jp/kijunten/contents/screen/point/images/Public/TR3.png","_iconSize":[20,20],"name":"301","成果ID":"8400614","種別":"基準点","作業内容":"新設","等級":"3級","水準点兼用コード":"兼用なし","点名":"301","成果区分":"世界測地系（測地成果2011）","閲覧・謄本交付の可否":"閲覧・謄本交付可","成果状態":"正常（新設）","ワンストップ可否":"×","助言番号":"R05I0801","計画機関名":"延岡市","_sourceFile":"20260505_202211_Public.geojson","_sourceKind":"Public"}},{"type":"Feature","geometry":{"type":"Point","coordinates":[131.6540146111111,32.587782805555555]},"properties":{"_markerType":"Icon","_iconUrl":"https://service.gsi.go.jp/kijunten/contents/screen/point/images/Public/TR3.png","_iconSize":[20,20],"name":"311","成果ID":"8400615","種別":"基準点","作業内容":"新設","等級":"3級","水準点兼用コード":"兼用なし","点名":"311","成果区分":"世界測地系（測地成果2011）","閲覧・謄本交付の可否":"閲覧・謄本交付可","成果状態":"正常（新設）","ワンストップ可否":"×","助言番号":"R05I0801","計画機関名":"延岡市","_sourceFile":"20260505_202211_Public.geojson","_sourceKind":"Public"}},{"type":"Feature","geometry":{"type":"Point","coordinates":[131.68315613888888,32.512548]},"properties":{"_markerType":"Icon","_iconUrl":"https://service.gsi.go.jp/kijunten/contents/screen/point/images/Public/TR3.png","_iconSize":[20,20],"name":"基-9","成果ID":"8401969","種別":"基準点","作業内容":"新設","等級":"3級","水準点兼用コード":"兼用なし","点名":"基-9","成果区分":"世界測地系（測地成果2011）","閲覧・謄本交付の可否":"閲覧・謄本交付可","成果状態":"正常（新設）","ワンストップ可否":"×","助言番号":"R05I0891","計画機関名":"宮崎県北部港湾事務所","_sourceFile":"20260505_202211_Public.geojson","_sourceKind":"Public"}},{"type":"Feature","geometry":{"type":"Point","coordinates":[131.6839542222222,32.51068336111111]},"properties":{"_markerType":"Icon","_iconUrl":"https://service.gsi.go.jp/kijunten/contents/screen/point/images/Public/TR3.png","_iconSize":[20,20],"name":"基-10","成果ID":"8401970","種別":"基準点","作業内容":"新設","等級":"3級","水準点兼用コード":"兼用なし","点名":"基-10","成果区分":"世界測地系（測地成果2011）","閲覧・謄本交付の可否":"閲覧・謄本交付可","成果状態":"正常（新設）","ワンストップ可否":"×","助言番号":"R05I0891","計画機関名":"宮崎県北部港湾事務所","_sourceFile":"20260505_202211_Public.geojson","_sourceKind":"Public"}},{"type":"Feature","geometry":{"type":"Point","coordinates":[131.68615972222221,32.508616583333335]},"properties":{"_markerType":"Icon","_iconUrl":"https://service.gsi.go.jp/kijunten/contents/screen/point/images/Public/TR3.png","_iconSize":[20,20],"name":"基-11","成果ID":"8401971","種別":"基準点","作業内容":"新設","等級":"3級","水準点兼用コード":"兼用なし","点名":"基-11","成果区分":"世界測地系（測地成果2011）","閲覧・謄本交付の可否":"閲覧・謄本交付可","成果状態":"正常（新設）","ワンストップ可否":"×","助言番号":"R05I0891","計画機関名":"宮崎県北部港湾事務所","_sourceFile":"20260505_202211_Public.geojson","_sourceKind":"Public"}},{"type":"Feature","geometry":{"type":"Point","coordinates":[131.68768283333333,32.508781666666664]},"properties":{"_markerType":"Icon","_iconUrl":"https://service.gsi.go.jp/kijunten/contents/screen/point/images/Public/TR3.png","_iconSize":[20,20],"name":"基-12","成果ID":"8401972","種別":"基準点","作業内容":"新設","等級":"3級","水準点兼用コード":"兼用なし","点名":"基-12","成果区分":"世界測地系（測地成果2011）","閲覧・謄本交付の可否":"閲覧・謄本交付可","成果状態":"正常（新設）","ワンストップ可否":"×","助言番号":"R05I0891","計画機関名":"宮崎県北部港湾事務所","_sourceFile":"20260505_202211_Public.geojson","_sourceKind":"Public"}},{"type":"Feature","geometry":{"type":"Point","coordinates":[131.69140333333334,32.50885486111111]},"properties":{"_markerType":"Icon","_iconUrl":"https://service.gsi.go.jp/kijunten/contents/screen/point/images/Public/TR3.png","_iconSize":[20,20],"name":"基-13","成果ID":"8401973","種別":"基準点","作業内容":"新設","等級":"3級","水準点兼用コード":"兼用なし","点名":"基-13","成果区分":"世界測地系（測地成果2011）","閲覧・謄本交付の可否":"閲覧・謄本交付可","成果状態":"正常（新設）","ワンストップ可否":"×","助言番号":"R05I0891","計画機関名":"宮崎県北部港湾事務所","_sourceFile":"20260505_202211_Public.geojson","_sourceKind":"Public"}},{"type":"Feature","geometry":{"type":"Point","coordinates":[131.69027697222222,32.51084238888889]},"properties":{"_markerType":"Icon","_iconUrl":"https://service.gsi.go.jp/kijunten/contents/screen/point/images/Public/TR3.png","_iconSize":[20,20],"name":"基-14","成果ID":"8401974","種別":"基準点","作業内容":"新設","等級":"3級","水準点兼用コード":"兼用なし","点名":"基-14","成果区分":"世界測地系（測地成果2011）","閲覧・謄本交付の可否":"閲覧・謄本交付可","成果状態":"正常（新設）","ワンストップ可否":"×","助言番号":"R05I0891","計画機関名":"宮崎県北部港湾事務所","_sourceFile":"20260505_202211_Public.geojson","_sourceKind":"Public"}},{"type":"Feature","geometry":{"type":"Point","coordinates":[131.76340116666665,32.76981583333333]},"properties":{"_markerType":"Icon","_iconUrl":"https://service.gsi.go.jp/kijunten/contents/screen/point/images/Public/TR3.png","_iconSize":[20,20],"name":"3NO.1","成果ID":"8432358","種別":"基準点","作業内容":"新設","等級":"3級","水準点兼用コード":"兼用なし","点名":"3NO.1","成果区分":"世界測地系（測地成果2024）","閲覧・謄本交付の可否":"閲覧・謄本交付可","成果状態":"正常（新設）","ワンストップ可否":"×","助言番号":"R07I0650","計画機関名":"宮崎県延岡土木事務所","_sourceFile":"20260505_202211_Public.geojson","_sourceKind":"Public"}},{"type":"Feature","geometry":{"type":"Point","coordinates":[131.7651808611111,32.770891]},"properties":{"_markerType":"Icon","_iconUrl":"https://service.gsi.go.jp/kijunten/contents/screen/point/images/Public/TR3.png","_iconSize":[20,20],"name":"3NO.2","成果ID":"8432359","種別":"基準点","作業内容":"新設","等級":"3級","水準点兼用コード":"兼用なし","点名":"3NO.2","成果区分":"世界測地系（測地成果2024）","閲覧・謄本交付の可否":"閲覧・謄本交付可","成果状態":"正常（新設）","ワンストップ可否":"×","助言番号":"R07I0650","計画機関名":"宮崎県延岡土木事務所","_sourceFile":"20260505_202211_Public.geojson","_sourceKind":"Public"}},{"type":"Feature","geometry":{"type":"Point","coordinates":[131.76708055555557,32.76948452777778]},"properties":{"_markerType":"Icon","_iconUrl":"https://service.gsi.go.jp/kijunten/contents/screen/point/images/Public/TR3.png","_iconSize":[20,20],"name":"3NO.3","成果ID":"8432360","種別":"基準点","作業内容":"新設","等級":"3級","水準点兼用コード":"兼用なし","点名":"3NO.3","成果区分":"世界測地系（測地成果2024）","閲覧・謄本交付の可否":"閲覧・謄本交付可","成果状態":"正常（新設）","ワンストップ可否":"×","助言番号":"R07I0650","計画機関名":"宮崎県延岡土木事務所","_sourceFile":"20260505_202211_Public.geojson","_sourceKind":"Public"}},{"type":"Feature","geometry":{"type":"Point","coordinates":[131.76785069444446,32.76843838888889]},"properties":{"_markerType":"Icon","_iconUrl":"https://service.gsi.go.jp/kijunten/contents/screen/point/images/Public/TR3.png","_iconSize":[20,20],"name":"3NO.4","成果ID":"8432361","種別":"基準点","作業内容":"新設","等級":"3級","水準点兼用コード":"兼用なし","点名":"3NO.4","成果区分":"世界測地系（測地成果2024）","閲覧・謄本交付の可否":"閲覧・謄本交付可","成果状態":"正常（新設）","ワンストップ可否":"×","助言番号":"R07I0650","計画機関名":"宮崎県延岡土木事務所","_sourceFile":"20260505_202211_Public.geojson","_sourceKind":"Public"}},{"type":"Feature","geometry":{"type":"Point","coordinates":[131.76873319444445,32.76687975]},"properties":{"_markerType":"Icon","_iconUrl":"https://service.gsi.go.jp/kijunten/contents/screen/point/images/Public/TR3.png","_iconSize":[20,20],"name":"3NO.5","成果ID":"8432362","種別":"基準点","作業内容":"新設","等級":"3級","水準点兼用コード":"兼用なし","点名":"3NO.5","成果区分":"世界測地系（測地成果2024）","閲覧・謄本交付の可否":"閲覧・謄本交付可","成果状態":"正常（新設）","ワンストップ可否":"×","助言番号":"R07I0650","計画機関名":"宮崎県延岡土木事務所","_sourceFile":"20260505_202211_Public.geojson","_sourceKind":"Public"}},{"type":"Feature","geometry":{"type":"Point","coordinates":[131.76860416666668,32.76576702777778]},"properties":{"_markerType":"Icon","_iconUrl":"https://service.gsi.go.jp/kijunten/contents/screen/point/images/Public/TR3.png","_iconSize":[20,20],"name":"3NO.6","成果ID":"8432363","種別":"基準点","作業内容":"新設","等級":"3級","水準点兼用コード":"兼用なし","点名":"3NO.6","成果区分":"世界測地系（測地成果2024）","閲覧・謄本交付の可否":"閲覧・謄本交付可","成果状態":"正常（新設）","ワンストップ可否":"×","助言番号":"R07I0650","計画機関名":"宮崎県延岡土木事務所","_sourceFile":"20260505_202211_Public.geojson","_sourceKind":"Public"}},{"type":"Feature","geometry":{"type":"Point","coordinates":[131.62665750000002,32.6145495]},"properties":{"_markerType":"Icon","_iconUrl":"https://service.gsi.go.jp/kijunten/contents/screen/point/images/Public/TR3.png","_iconSize":[20,20],"name":"NO.1","成果ID":"8432994","種別":"基準点","作業内容":"新設","等級":"3級","水準点兼用コード":"兼用なし","点名":"NO.1","成果区分":"世界測地系（測地成果2011）","閲覧・謄本交付の可否":"閲覧・謄本交付可","成果状態":"正常（新設）","ワンストップ可否":"×","助言番号":"R06I0791","計画機関名":"宮崎県延岡土木事務所","_sourceFile":"20260505_202211_Public.geojson","_sourceKind":"Public"}},{"type":"Feature","geometry":{"type":"Point","coordinates":[131.62656708333333,32.61240566666667]},"properties":{"_markerType":"Icon","_iconUrl":"https://service.gsi.go.jp/kijunten/contents/screen/point/images/Public/TR3.png","_iconSize":[20,20],"name":"NO.2","成果ID":"8432995","種別":"基準点","作業内容":"新設","等級":"3級","水準点兼用コード":"兼用なし","点名":"NO.2","成果区分":"世界測地系（測地成果2011）","閲覧・謄本交付の可否":"閲覧・謄本交付可","成果状態":"正常（新設）","ワンストップ可否":"×","助言番号":"R06I0791","計画機関名":"宮崎県延岡土木事務所","_sourceFile":"20260505_202211_Public.geojson","_sourceKind":"Public"}},{"type":"Feature","geometry":{"type":"Point","coordinates":[131.63077230555555,32.61035116666667]},"properties":{"_markerType":"Icon","_iconUrl":"https://service.gsi.go.jp/kijunten/contents/screen/point/images/Public/TR3.png","_iconSize":[20,20],"name":"NO.3","成果ID":"8432996","種別":"基準点","作業内容":"新設","等級":"3級","水準点兼用コード":"兼用なし","点名":"NO.3","成果区分":"世界測地系（測地成果2011）","閲覧・謄本交付の可否":"閲覧・謄本交付可","成果状態":"正常（新設）","ワンストップ可否":"×","助言番号":"R06I0791","計画機関名":"宮崎県延岡土木事務所","_sourceFile":"20260505_202211_Public.geojson","_sourceKind":"Public"}},{"type":"Feature","geometry":{"type":"Point","coordinates":[131.63243055555557,32.610025416666666]},"properties":{"_markerType":"Icon","_iconUrl":"https://service.gsi.go.jp/kijunten/contents/screen/point/images/Public/TR3.png","_iconSize":[20,20],"name":"NO.4","成果ID":"8432997","種別":"基準点","作業内容":"新設","等級":"3級","水準点兼用コード":"兼用なし","点名":"NO.4","成果区分":"世界測地系（測地成果2011）","閲覧・謄本交付の可否":"閲覧・謄本交付可","成果状態":"正常（新設）","ワンストップ可否":"×","助言番号":"R06I0791","計画機関名":"宮崎県延岡土木事務所","_sourceFile":"20260505_202211_Public.geojson","_sourceKind":"Public"}},{"type":"Feature","geometry":{"type":"Point","coordinates":[131.6666856944,32.6170931944]},"properties":{"_markerType":"Icon","_iconUrl":"https://service.gsi.go.jp/kijunten/contents/screen/point/images/Public/TR2.png","_iconSize":[20,20],"name":"1001A","成果ID":"2010599","種別":"街区三角点","作業内容":"新設","等級":"2級","水準点兼用コード":"兼用なし","点名":"1001A","成果区分":"世界測地系（測地成果2011）","閲覧・謄本交付の可否":"閲覧・謄本交付可","成果状態":"正常（新設）","ワンストップ可否":"×","助言番号":"H17I0243","計画機関名":"延岡市","_sourceFile":"20260505_202211_Public.geojson","_sourceKind":"Public"}},{"type":"Feature","geometry":{"type":"Point","coordinates":[131.6729017778,32.6167150833]},"properties":{"_markerType":"Icon","_iconUrl":"https://service.gsi.go.jp/kijunten/contents/screen/point/images/Public/TR2.png","_iconSize":[20,20],"name":"1002A","成果ID":"2010600","種別":"街区三角点","作業内容":"新設","等級":"2級","水準点兼用コード":"兼用なし","点名":"1002A","成果区分":"世界測地系（測地成果2011）","閲覧・謄本交付の可否":"閲覧・謄本交付可","成果状態":"正常（新設）","ワンストップ可否":"×","助言番号":"H17I0243","計画機関名":"延岡市","_sourceFile":"20260505_202211_Public.geojson","_sourceKind":"Public"}},{"type":"Feature","geometry":{"type":"Point","coordinates":[131.6699785556,32.6118908333]},"properties":{"_markerType":"Icon","_iconUrl":"https://service.gsi.go.jp/kijunten/contents/screen/point/images/Public/TR2.png","_iconSize":[20,20],"name":"1004A","成果ID":"2010602","種別":"街区三角点","作業内容":"新設","等級":"2級","水準点兼用コード":"兼用なし","点名":"1004A","成果区分":"世界測地系（測地成果2011）","閲覧・謄本交付の可否":"閲覧・謄本交付可","成果状態":"正常（新設）","ワンストップ可否":"×","助言番号":"H17I0243","計画機関名":"延岡市","_sourceFile":"20260505_202211_Public.geojson","_sourceKind":"Public"}},{"type":"Feature","geometry":{"type":"Point","coordinates":[131.6712137778,32.6086362222]},"properties":{"_markerType":"Icon","_iconUrl":"https://service.gsi.go.jp/kijunten/contents/screen/point/images/Public/TR2.png","_iconSize":[20,20],"name":"1005A","成果ID":"2010603","種別":"街区三角点","作業内容":"新設","等級":"2級","水準点兼用コード":"兼用なし","点名":"1005A","成果区分":"世界測地系（測地成果2011）","閲覧・謄本交付の可否":"閲覧・謄本交付可","成果状態":"正常（新設）","ワンストップ可否":"×","助言番号":"H17I0243","計画機関名":"延岡市","_sourceFile":"20260505_202211_Public.geojson","_sourceKind":"Public"}},{"type":"Feature","geometry":{"type":"Point","coordinates":[131.67241575,32.6059224167]},"properties":{"_markerType":"Icon","_iconUrl":"https://service.gsi.go.jp/kijunten/contents/screen/point/images/Public/TR2.png","_iconSize":[20,20],"name":"1006A","成果ID":"2010604","種別":"街区三角点","作業内容":"新設","等級":"2級","水準点兼用コード":"兼用なし","点名":"1006A","成果区分":"世界測地系（測地成果2011）","閲覧・謄本交付の可否":"閲覧・謄本交付可","成果状態":"正常（新設）","ワンストップ可否":"×","助言番号":"H17I0243","計画機関名":"延岡市","_sourceFile":"20260505_202211_Public.geojson","_sourceKind":"Public"}},{"type":"Feature","geometry":{"type":"Point","coordinates":[131.6786461667,32.6053120833]},"properties":{"_markerType":"Icon","_iconUrl":"https://service.gsi.go.jp/kijunten/contents/screen/point/images/Public/TR2.png","_iconSize":[20,20],"name":"1008A","成果ID":"2010606","種別":"街区三角点","作業内容":"新設","等級":"2級","水準点兼用コード":"兼用なし","点名":"1008A","成果区分":"世界測地系（測地成果2011）","閲覧・謄本交付の可否":"閲覧・謄本交付可","成果状態":"正常（新設）","ワンストップ可否":"×","助言番号":"H17I0243","計画機関名":"延岡市","_sourceFile":"20260505_202211_Public.geojson","_sourceKind":"Public"}},{"type":"Feature","geometry":{"type":"Point","coordinates":[131.6876153889,32.603032]},"properties":{"_markerType":"Icon","_iconUrl":"https://service.gsi.go.jp/kijunten/contents/screen/point/images/Public/TR2.png","_iconSize":[20,20],"name":"1009A","成果ID":"2010607","種別":"街区三角点","作業内容":"新設","等級":"2級","水準点兼用コード":"兼用なし","点名":"1009A","成果区分":"世界測地系（測地成果2011）","閲覧・謄本交付の可否":"閲覧・謄本交付可","成果状態":"正常（新設）","ワンストップ可否":"×","助言番号":"H17I0243","計画機関名":"延岡市","_sourceFile":"20260505_202211_Public.geojson","_sourceKind":"Public"}},{"type":"Feature","geometry":{"type":"Point","coordinates":[131.6825538056,32.6019069722]},"properties":{"_markerType":"Icon","_iconUrl":"https://service.gsi.go.jp/kijunten/contents/screen/point/images/Public/TR2.png","_iconSize":[20,20],"name":"1010A","成果ID":"2010608","種別":"街区三角点","作業内容":"新設","等級":"2級","水準点兼用コード":"兼用なし","点名":"1010A","成果区分":"世界測地系（測地成果2011）","閲覧・謄本交付の可否":"閲覧・謄本交付可","成果状態":"正常（新設）","ワンストップ可否":"×","助言番号":"H17I0243","計画機関名":"延岡市","_sourceFile":"20260505_202211_Public.geojson","_sourceKind":"Public"}},{"type":"Feature","geometry":{"type":"Point","coordinates":[131.6924875,32.6005592222]},"properties":{"_markerType":"Icon","_iconUrl":"https://service.gsi.go.jp/kijunten/contents/screen/point/images/Public/TR2.png","_iconSize":[20,20],"name":"1011A","成果ID":"2010609","種別":"街区三角点","作業内容":"新設","等級":"2級","水準点兼用コード":"兼用なし","点名":"1011A","成果区分":"世界測地系（測地成果2011）","閲覧・謄本交付の可否":"閲覧・謄本交付可","成果状態":"正常（新設）","ワンストップ可否":"×","助言番号":"H17I0243","計画機関名":"延岡市","_sourceFile":"20260505_202211_Public.geojson","_sourceKind":"Public"}},{"type":"Feature","geometry":{"type":"Point","coordinates":[131.68082025,32.5983313333]},"properties":{"_markerType":"Icon","_iconUrl":"https://service.gsi.go.jp/kijunten/contents/screen/point/images/Public/TR2.png","_iconSize":[20,20],"name":"1013A","成果ID":"2010611","種別":"街区三角点","作業内容":"新設","等級":"2級","水準点兼用コード":"兼用なし","点名":"1013A","成果区分":"世界測地系（測地成果2011）","閲覧・謄本交付の可否":"閲覧・謄本交付可","成果状態":"正常（新設）","ワンストップ可否":"×","助言番号":"H17I0243","計画機関名":"延岡市","_sourceFile":"20260505_202211_Public.geojson","_sourceKind":"Public"}},{"type":"Feature","geometry":{"type":"Point","coordinates":[131.6850228889,32.5980028889]},"properties":{"_markerType":"Icon","_iconUrl":"https://service.gsi.go.jp/kijunten/contents/screen/point/images/Public/TR2.png","_iconSize":[20,20],"name":"1014A","成果ID":"2010612","種別":"街区三角点","作業内容":"新設","等級":"2級","水準点兼用コード":"兼用なし","点名":"1014A","成果区分":"世界測地系（測地成果2011）","閲覧・謄本交付の可否":"閲覧・謄本交付可","成果状態":"正常（新設）","ワンストップ可否":"×","助言番号":"H17I0243","計画機関名":"延岡市","_sourceFile":"20260505_202211_Public.geojson","_sourceKind":"Public"}},{"type":"Feature","geometry":{"type":"Point","coordinates":[131.6928856944,32.5969292222]},"properties":{"_markerType":"Icon","_iconUrl":"https://service.gsi.go.jp/kijunten/contents/screen/point/images/Public/TR2.png","_iconSize":[20,20],"name":"1015A","成果ID":"2010613","種別":"街区三角点","作業内容":"新設","等級":"2級","水準点兼用コード":"兼用なし","点名":"1015A","成果区分":"世界測地系（測地成果2011）","閲覧・謄本交付の可否":"閲覧・謄本交付可","成果状態":"正常（新設）","ワンストップ可否":"×","助言番号":"H17I0243","計画機関名":"延岡市","_sourceFile":"20260505_202211_Public.geojson","_sourceKind":"Public"}},{"type":"Feature","geometry":{"type":"Point","coordinates":[131.6880675,32.5964781389]},"properties":{"_markerType":"Icon","_iconUrl":"https://service.gsi.go.jp/kijunten/contents/screen/point/images/Public/TR2.png","_iconSize":[20,20],"name":"1016A","成果ID":"2010614","種別":"街区三角点","作業内容":"新設","等級":"2級","水準点兼用コード":"兼用なし","点名":"1016A","成果区分":"世界測地系（測地成果2011）","閲覧・謄本交付の可否":"閲覧・謄本交付可","成果状態":"正常（新設）","ワンストップ可否":"×","助言番号":"H17I0243","計画機関名":"延岡市","_sourceFile":"20260505_202211_Public.geojson","_sourceKind":"Public"}},{"type":"Feature","geometry":{"type":"Point","coordinates":[131.672944,32.5952384167]},"properties":{"_markerType":"Icon","_iconUrl":"https://service.gsi.go.jp/kijunten/contents/screen/point/images/Public/TR2.png","_iconSize":[20,20],"name":"1017A","成果ID":"2010615","種別":"街区三角点","作業内容":"新設","等級":"2級","水準点兼用コード":"兼用なし","点名":"1017A","成果区分":"世界測地系（測地成果2011）","閲覧・謄本交付の可否":"閲覧・謄本交付可","成果状態":"正常（新設）","ワンストップ可否":"×","助言番号":"H17I0243","計画機関名":"延岡市","_sourceFile":"20260505_202211_Public.geojson","_sourceKind":"Public"}},{"type":"Feature","geometry":{"type":"Point","coordinates":[131.6829168611,32.5914403056]},"properties":{"_markerType":"Icon","_iconUrl":"https://service.gsi.go.jp/kijunten/contents/screen/point/images/Public/TR2.png","_iconSize":[20,20],"name":"1019A","成果ID":"2010617","種別":"街区三角点","作業内容":"新設","等級":"2級","水準点兼用コード":"兼用なし","点名":"1019A","成果区分":"世界測地系（測地成果2011）","閲覧・謄本交付の可否":"閲覧・謄本交付可","成果状態":"正常（新設）","ワンストップ可否":"×","助言番号":"H17I0243","計画機関名":"延岡市","_sourceFile":"20260505_202211_Public.geojson","_sourceKind":"Public"}},{"type":"Feature","geometry":{"type":"Point","coordinates":[131.6867385833,32.5902936111]},"properties":{"_markerType":"Icon","_iconUrl":"https://service.gsi.go.jp/kijunten/contents/screen/point/images/Public/TR2.png","_iconSize":[20,20],"name":"1020A","成果ID":"2010618","種別":"街区三角点","作業内容":"新設","等級":"2級","水準点兼用コード":"兼用なし","点名":"1020A","成果区分":"世界測地系（測地成果2011）","閲覧・謄本交付の可否":"閲覧・謄本交付可","成果状態":"正常（新設）","ワンストップ可否":"×","助言番号":"H17I0243","計画機関名":"延岡市","_sourceFile":"20260505_202211_Public.geojson","_sourceKind":"Public"}},{"type":"Feature","geometry":{"type":"Point","coordinates":[131.6758029444,32.5904538056]},"properties":{"_markerType":"Icon","_iconUrl":"https://service.gsi.go.jp/kijunten/contents/screen/point/images/Public/TR2.png","_iconSize":[20,20],"name":"1021A","成果ID":"2010619","種別":"街区三角点","作業内容":"新設","等級":"2級","水準点兼用コード":"兼用なし","点名":"1021A","成果区分":"世界測地系（測地成果2011）","閲覧・謄本交付の可否":"閲覧・謄本交付可","成果状態":"正常（新設）","ワンストップ可否":"×","助言番号":"H17I0243","計画機関名":"延岡市","_sourceFile":"20260505_202211_Public.geojson","_sourceKind":"Public"}},{"type":"Feature","geometry":{"type":"Point","coordinates":[131.6712372778,32.5900308333]},"properties":{"_markerType":"Icon","_iconUrl":"https://service.gsi.go.jp/kijunten/contents/screen/point/images/Public/TR2.png","_iconSize":[20,20],"name":"1022A","成果ID":"2010620","種別":"街区三角点","作業内容":"新設","等級":"2級","水準点兼用コード":"兼用なし","点名":"1022A","成果区分":"世界測地系（測地成果2011）","閲覧・謄本交付の可否":"閲覧・謄本交付可","成果状態":"正常（新設）","ワンストップ可否":"×","助言番号":"H17I0243","計画機関名":"延岡市","_sourceFile":"20260505_202211_Public.geojson","_sourceKind":"Public"}},{"type":"Feature","geometry":{"type":"Point","coordinates":[131.67100975,32.5867718056]},"properties":{"_markerType":"Icon","_iconUrl":"https://service.gsi.go.jp/kijunten/contents/screen/point/images/Public/TR2.png","_iconSize":[20,20],"name":"1023A","成果ID":"2010621","種別":"街区三角点","作業内容":"新設","等級":"2級","水準点兼用コード":"兼用なし","点名":"1023A","成果区分":"世界測地系（測地成果2011）","閲覧・謄本交付の可否":"閲覧・謄本交付可","成果状態":"正常（新設）","ワンストップ可否":"×","助言番号":"H17I0243","計画機関名":"延岡市","_sourceFile":"20260505_202211_Public.geojson","_sourceKind":"Public"}},{"type":"Feature","geometry":{"type":"Point","coordinates":[131.6780730278,32.5853312778]},"properties":{"_markerType":"Icon","_iconUrl":"https://service.gsi.go.jp/kijunten/contents/screen/point/images/Public/TR2.png","_iconSize":[20,20],"name":"1024A","成果ID":"2010622","種別":"街区三角点","作業内容":"新設","等級":"2級","水準点兼用コード":"兼用なし","点名":"1024A","成果区分":"世界測地系（測地成果2011）","閲覧・謄本交付の可否":"閲覧・謄本交付可","成果状態":"正常（新設）","ワンストップ可否":"×","助言番号":"H17I0243","計画機関名":"延岡市","_sourceFile":"20260505_202211_Public.geojson","_sourceKind":"Public"}},{"type":"Feature","geometry":{"type":"Point","coordinates":[131.6748697222,32.5843985278]},"properties":{"_markerType":"Icon","_iconUrl":"https://service.gsi.go.jp/kijunten/contents/screen/point/images/Public/TR2.png","_iconSize":[20,20],"name":"1025A","成果ID":"2010623","種別":"街区三角点","作業内容":"新設","等級":"2級","水準点兼用コード":"兼用なし","点名":"1025A","成果区分":"世界測地系（測地成果2011）","閲覧・謄本交付の可否":"閲覧・謄本交付可","成果状態":"正常（新設）","ワンストップ可否":"×","助言番号":"H17I0243","計画機関名":"延岡市","_sourceFile":"20260505_202211_Public.geojson","_sourceKind":"Public"}},{"type":"Feature","geometry":{"type":"Point","coordinates":[131.6897140833,32.5833691111]},"properties":{"_markerType":"Icon","_iconUrl":"https://service.gsi.go.jp/kijunten/contents/screen/point/images/Public/TR2.png","_iconSize":[20,20],"name":"1026A","成果ID":"2010624","種別":"街区三角点","作業内容":"新設","等級":"2級","水準点兼用コード":"兼用なし","点名":"1026A","成果区分":"世界測地系（測地成果2011）","閲覧・謄本交付の可否":"閲覧・謄本交付可","成果状態":"正常（新設）","ワンストップ可否":"×","助言番号":"H17I0243","計画機関名":"延岡市","_sourceFile":"20260505_202211_Public.geojson","_sourceKind":"Public"}},{"type":"Feature","geometry":{"type":"Point","coordinates":[131.6687069722,32.5830199444]},"properties":{"_markerType":"Icon","_iconUrl":"https://service.gsi.go.jp/kijunten/contents/screen/point/images/Public/TR2.png","_iconSize":[20,20],"name":"1028A","成果ID":"2010626","種別":"街区三角点","作業内容":"新設","等級":"2級","水準点兼用コード":"兼用なし","点名":"1028A","成果区分":"世界測地系（測地成果2011）","閲覧・謄本交付の可否":"閲覧・謄本交付可","成果状態":"正常（新設）","ワンストップ可否":"×","助言番号":"H17I0243","計画機関名":"延岡市","_sourceFile":"20260505_202211_Public.geojson","_sourceKind":"Public"}},{"type":"Feature","geometry":{"type":"Point","coordinates":[131.6410879722,32.5813797778]},"properties":{"_markerType":"Icon","_iconUrl":"https://service.gsi.go.jp/kijunten/contents/screen/point/images/Public/TR2.png","_iconSize":[20,20],"name":"1030A","成果ID":"2010628","種別":"街区三角点","作業内容":"新設","等級":"2級","水準点兼用コード":"兼用なし","点名":"1030A","成果区分":"世界測地系（測地成果2011）","閲覧・謄本交付の可否":"閲覧・謄本交付可","成果状態":"正常（新設）","ワンストップ可否":"×","助言番号":"H17I0243","計画機関名":"延岡市","_sourceFile":"20260505_202211_Public.geojson","_sourceKind":"Public"}},{"type":"Feature","geometry":{"type":"Point","coordinates":[131.6476743889,32.5806658611]},"properties":{"_markerType":"Icon","_iconUrl":"https://service.gsi.go.jp/kijunten/contents/screen/point/images/Public/TR2.png","_iconSize":[20,20],"name":"1031A","成果ID":"2010629","種別":"街区三角点","作業内容":"新設","等級":"2級","水準点兼用コード":"兼用なし","点名":"1031A","成果区分":"世界測地系（測地成果2011）","閲覧・謄本交付の可否":"閲覧・謄本交付可","成果状態":"正常（新設）","ワンストップ可否":"×","助言番号":"H17I0243","計画機関名":"延岡市","_sourceFile":"20260505_202211_Public.geojson","_sourceKind":"Public"}},{"type":"Feature","geometry":{"type":"Point","coordinates":[131.67590075,32.5802038056]},"properties":{"_markerType":"Icon","_iconUrl":"https://service.gsi.go.jp/kijunten/contents/screen/point/images/Public/TR2.png","_iconSize":[20,20],"name":"1032A","成果ID":"2010630","種別":"街区三角点","作業内容":"新設","等級":"2級","水準点兼用コード":"兼用なし","点名":"1032A","成果区分":"世界測地系（測地成果2011）","閲覧・謄本交付の可否":"閲覧・謄本交付可","成果状態":"正常（新設）","ワンストップ可否":"×","助言番号":"H17I0243","計画機関名":"延岡市","_sourceFile":"20260505_202211_Public.geojson","_sourceKind":"Public"}},{"type":"Feature","geometry":{"type":"Point","coordinates":[131.6587266389,32.5796519722]},"properties":{"_markerType":"Icon","_iconUrl":"https://service.gsi.go.jp/kijunten/contents/screen/point/images/Public/TR2.png","_iconSize":[20,20],"name":"1034A","成果ID":"2010632","種別":"街区三角点","作業内容":"新設","等級":"2級","水準点兼用コード":"兼用なし","点名":"1034A","成果区分":"世界測地系（測地成果2011）","閲覧・謄本交付の可否":"閲覧・謄本交付可","成果状態":"正常（新設）","ワンストップ可否":"×","助言番号":"H17I0243","計画機関名":"延岡市","_sourceFile":"20260505_202211_Public.geojson","_sourceKind":"Public"}},{"type":"Feature","geometry":{"type":"Point","coordinates":[131.6931845,32.5787426944]},"properties":{"_markerType":"Icon","_iconUrl":"https://service.gsi.go.jp/kijunten/contents/screen/point/images/Public/TR2.png","_iconSize":[20,20],"name":"1035A","成果ID":"2010633","種別":"街区三角点","作業内容":"新設","等級":"2級","水準点兼用コード":"兼用なし","点名":"1035A","成果区分":"世界測地系（測地成果2011）","閲覧・謄本交付の可否":"閲覧・謄本交付可","成果状態":"正常（新設）","ワンストップ可否":"×","助言番号":"H17I0243","計画機関名":"延岡市","_sourceFile":"20260505_202211_Public.geojson","_sourceKind":"Public"}},{"type":"Feature","geometry":{"type":"Point","coordinates":[131.6379458611,32.5777104167]},"properties":{"_markerType":"Icon","_iconUrl":"https://service.gsi.go.jp/kijunten/contents/screen/point/images/Public/TR2.png","_iconSize":[20,20],"name":"1036A","成果ID":"2010634","種別":"街区三角点","作業内容":"新設","等級":"2級","水準点兼用コード":"兼用なし","点名":"1036A","成果区分":"世界測地系（測地成果2011）","閲覧・謄本交付の可否":"閲覧・謄本交付可","成果状態":"正常（新設）","ワンストップ可否":"×","助言番号":"H17I0243","計画機関名":"延岡市","_sourceFile":"20260505_202211_Public.geojson","_sourceKind":"Public"}},{"type":"Feature","geometry":{"type":"Point","coordinates":[131.6861328056,32.5765169167]},"properties":{"_markerType":"Icon","_iconUrl":"https://service.gsi.go.jp/kijunten/contents/screen/point/images/Public/TR2.png","_iconSize":[20,20],"name":"1037A","成果ID":"2010635","種別":"街区三角点","作業内容":"新設","等級":"2級","水準点兼用コード":"兼用なし","点名":"1037A","成果区分":"世界測地系（測地成果2011）","閲覧・謄本交付の可否":"閲覧・謄本交付可","成果状態":"正常（新設）","ワンストップ可否":"×","助言番号":"H17I0243","計画機関名":"延岡市","_sourceFile":"20260505_202211_Public.geojson","_sourceKind":"Public"}},{"type":"Feature","geometry":{"type":"Point","coordinates":[131.6445358333,32.57615875]},"properties":{"_markerType":"Icon","_iconUrl":"https://service.gsi.go.jp/kijunten/contents/screen/point/images/Public/TR2.png","_iconSize":[20,20],"name":"1038A","成果ID":"2010636","種別":"街区三角点","作業内容":"新設","等級":"2級","水準点兼用コード":"兼用なし","点名":"1038A","成果区分":"世界測地系（測地成果2011）","閲覧・謄本交付の可否":"閲覧・謄本交付可","成果状態":"正常（新設）","ワンストップ可否":"×","助言番号":"H17I0243","計画機関名":"延岡市","_sourceFile":"20260505_202211_Public.geojson","_sourceKind":"Public"}},{"type":"Feature","geometry":{"type":"Point","coordinates":[131.6745569167,32.5757446667]},"properties":{"_markerType":"Icon","_iconUrl":"https://service.gsi.go.jp/kijunten/contents/screen/point/images/Public/TR2.png","_iconSize":[20,20],"name":"1039A","成果ID":"2010637","種別":"街区三角点","作業内容":"新設","等級":"2級","水準点兼用コード":"兼用なし","点名":"1039A","成果区分":"世界測地系（測地成果2011）","閲覧・謄本交付の可否":"閲覧・謄本交付可","成果状態":"正常（新設）","ワンストップ可否":"×","助言番号":"H17I0243","計画機関名":"延岡市","_sourceFile":"20260505_202211_Public.geojson","_sourceKind":"Public"}},{"type":"Feature","geometry":{"type":"Point","coordinates":[131.6964505,32.5754941389]},"properties":{"_markerType":"Icon","_iconUrl":"https://service.gsi.go.jp/kijunten/contents/screen/point/images/Public/TR2.png","_iconSize":[20,20],"name":"1040A","成果ID":"2010638","種別":"街区三角点","作業内容":"新設","等級":"2級","水準点兼用コード":"兼用なし","点名":"1040A","成果区分":"世界測地系（測地成果2011）","閲覧・謄本交付の可否":"閲覧・謄本交付可","成果状態":"正常（新設）","ワンストップ可否":"×","助言番号":"H17I0243","計画機関名":"延岡市","_sourceFile":"20260505_202211_Public.geojson","_sourceKind":"Public"}},{"type":"Feature","geometry":{"type":"Point","coordinates":[131.670606,32.5752835278]},"properties":{"_markerType":"Icon","_iconUrl":"https://service.gsi.go.jp/kijunten/contents/screen/point/images/Public/TR2.png","_iconSize":[20,20],"name":"1041A","成果ID":"2010639","種別":"街区三角点","作業内容":"新設","等級":"2級","水準点兼用コード":"兼用なし","点名":"1041A","成果区分":"世界測地系（測地成果2011）","閲覧・謄本交付の可否":"閲覧・謄本交付可","成果状態":"正常（新設）","ワンストップ可否":"×","助言番号":"H17I0243","計画機関名":"延岡市","_sourceFile":"20260505_202211_Public.geojson","_sourceKind":"Public"}},{"type":"Feature","geometry":{"type":"Point","coordinates":[131.6515145556,32.5753116944]},"properties":{"_markerType":"Icon","_iconUrl":"https://service.gsi.go.jp/kijunten/contents/screen/point/images/Public/TR2.png","_iconSize":[20,20],"name":"1042A","成果ID":"2010640","種別":"街区三角点","作業内容":"新設","等級":"2級","水準点兼用コード":"兼用なし","点名":"1042A","成果区分":"世界測地系（測地成果2011）","閲覧・謄本交付の可否":"閲覧・謄本交付可","成果状態":"正常（新設）","ワンストップ可否":"×","助言番号":"H17I0243","計画機関名":"延岡市","_sourceFile":"20260505_202211_Public.geojson","_sourceKind":"Public"}},{"type":"Feature","geometry":{"type":"Point","coordinates":[131.6568251667,32.5741674722]},"properties":{"_markerType":"Icon","_iconUrl":"https://service.gsi.go.jp/kijunten/contents/screen/point/images/Public/TR2.png","_iconSize":[20,20],"name":"1044A","成果ID":"2010642","種別":"街区三角点","作業内容":"新設","等級":"2級","水準点兼用コード":"兼用なし","点名":"1044A","成果区分":"世界測地系（測地成果2011）","閲覧・謄本交付の可否":"閲覧・謄本交付可","成果状態":"正常（新設）","ワンストップ可否":"×","助言番号":"H17I0243","計画機関名":"延岡市","_sourceFile":"20260505_202211_Public.geojson","_sourceKind":"Public"}},{"type":"Feature","geometry":{"type":"Point","coordinates":[131.6336122222,32.5738143611]},"properties":{"_markerType":"Icon","_iconUrl":"https://service.gsi.go.jp/kijunten/contents/screen/point/images/Public/TR2.png","_iconSize":[20,20],"name":"1045A","成果ID":"2010643","種別":"街区三角点","作業内容":"新設","等級":"2級","水準点兼用コード":"兼用なし","点名":"1045A","成果区分":"世界測地系（測地成果2011）","閲覧・謄本交付の可否":"閲覧・謄本交付可","成果状態":"正常（新設）","ワンストップ可否":"×","助言番号":"H17I0243","計画機関名":"延岡市","_sourceFile":"20260505_202211_Public.geojson","_sourceKind":"Public"}},{"type":"Feature","geometry":{"type":"Point","coordinates":[131.6589595278,32.5721308056]},"properties":{"_markerType":"Icon","_iconUrl":"https://service.gsi.go.jp/kijunten/contents/screen/point/images/Public/TR2.png","_iconSize":[20,20],"name":"1046A","成果ID":"2010644","種別":"街区三角点","作業内容":"新設","等級":"2級","水準点兼用コード":"兼用なし","点名":"1046A","成果区分":"世界測地系（測地成果2011）","閲覧・謄本交付の可否":"閲覧・謄本交付可","成果状態":"正常（新設）","ワンストップ可否":"×","助言番号":"H17I0243","計画機関名":"延岡市","_sourceFile":"20260505_202211_Public.geojson","_sourceKind":"Public"}},{"type":"Feature","geometry":{"type":"Point","coordinates":[131.6476923889,32.5717317222]},"properties":{"_markerType":"Icon","_iconUrl":"https://service.gsi.go.jp/kijunten/contents/screen/point/images/Public/TR2.png","_iconSize":[20,20],"name":"1047A","成果ID":"2010645","種別":"街区三角点","作業内容":"新設","等級":"2級","水準点兼用コード":"兼用なし","点名":"1047A","成果区分":"世界測地系（測地成果2011）","閲覧・謄本交付の可否":"閲覧・謄本交付可","成果状態":"正常（新設）","ワンストップ可否":"×","助言番号":"H17I0243","計画機関名":"延岡市","_sourceFile":"20260505_202211_Public.geojson","_sourceKind":"Public"}},{"type":"Feature","geometry":{"type":"Point","coordinates":[131.6437018056,32.5715588056]},"properties":{"_markerType":"Icon","_iconUrl":"https://service.gsi.go.jp/kijunten/contents/screen/point/images/Public/TR2.png","_iconSize":[20,20],"name":"1048A","成果ID":"2010646","種別":"街区三角点","作業内容":"新設","等級":"2級","水準点兼用コード":"兼用なし","点名":"1048A","成果区分":"世界測地系（測地成果2011）","閲覧・謄本交付の可否":"閲覧・謄本交付可","成果状態":"正常（新設）","ワンストップ可否":"×","助言番号":"H17I0243","計画機関名":"延岡市","_sourceFile":"20260505_202211_Public.geojson","_sourceKind":"Public"}},{"type":"Feature","geometry":{"type":"Point","coordinates":[131.6673184444,32.5713714722]},"properties":{"_markerType":"Icon","_iconUrl":"https://service.gsi.go.jp/kijunten/contents/screen/point/images/Public/TR2.png","_iconSize":[20,20],"name":"1050A","成果ID":"2010648","種別":"街区三角点","作業内容":"新設","等級":"2級","水準点兼用コード":"兼用なし","点名":"1050A","成果区分":"世界測地系（測地成果2011）","閲覧・謄本交付の可否":"閲覧・謄本交付可","成果状態":"正常（新設）","ワンストップ可否":"×","助言番号":"H17I0243","計画機関名":"延岡市","_sourceFile":"20260505_202211_Public.geojson","_sourceKind":"Public"}},{"type":"Feature","geometry":{"type":"Point","coordinates":[131.6718913889,32.5711116944]},"properties":{"_markerType":"Icon","_iconUrl":"https://service.gsi.go.jp/kijunten/contents/screen/point/images/Public/TR2.png","_iconSize":[20,20],"name":"1051A","成果ID":"2010649","種別":"街区三角点","作業内容":"新設","等級":"2級","水準点兼用コード":"兼用なし","点名":"1051A","成果区分":"世界測地系（測地成果2011）","閲覧・謄本交付の可否":"閲覧・謄本交付可","成果状態":"正常（新設）","ワンストップ可否":"×","助言番号":"H17I0243","計画機関名":"延岡市","_sourceFile":"20260505_202211_Public.geojson","_sourceKind":"Public"}},{"type":"Feature","geometry":{"type":"Point","coordinates":[131.6878786667,32.5713218611]},"properties":{"_markerType":"Icon","_iconUrl":"https://service.gsi.go.jp/kijunten/contents/screen/point/images/Public/TR2.png","_iconSize":[20,20],"name":"1052A","成果ID":"2010650","種別":"街区三角点","作業内容":"新設","等級":"2級","水準点兼用コード":"兼用なし","点名":"1052A","成果区分":"世界測地系（測地成果2011）","閲覧・謄本交付の可否":"閲覧・謄本交付可","成果状態":"正常（新設）","ワンストップ可否":"×","助言番号":"H17I0243","計画機関名":"延岡市","_sourceFile":"20260505_202211_Public.geojson","_sourceKind":"Public"}},{"type":"Feature","geometry":{"type":"Point","coordinates":[131.6922933056,32.5694225]},"properties":{"_markerType":"Icon","_iconUrl":"https://service.gsi.go.jp/kijunten/contents/screen/point/images/Public/TR2.png","_iconSize":[20,20],"name":"1053A","成果ID":"2010651","種別":"街区三角点","作業内容":"新設","等級":"2級","水準点兼用コード":"兼用なし","点名":"1053A","成果区分":"世界測地系（測地成果2011）","閲覧・謄本交付の可否":"閲覧・謄本交付可","成果状態":"正常（新設）","ワンストップ可否":"×","助言番号":"H17I0243","計画機関名":"延岡市","_sourceFile":"20260505_202211_Public.geojson","_sourceKind":"Public"}},{"type":"Feature","geometry":{"type":"Point","coordinates":[131.6335541111,32.5693725556]},"properties":{"_markerType":"Icon","_iconUrl":"https://service.gsi.go.jp/kijunten/contents/screen/point/images/Public/TR2.png","_iconSize":[20,20],"name":"1054A","成果ID":"2010652","種別":"街区三角点","作業内容":"新設","等級":"2級","水準点兼用コード":"兼用なし","点名":"1054A","成果区分":"世界測地系（測地成果2011）","閲覧・謄本交付の可否":"閲覧・謄本交付可","成果状態":"正常（新設）","ワンストップ可否":"×","助言番号":"H17I0243","計画機関名":"延岡市","_sourceFile":"20260505_202211_Public.geojson","_sourceKind":"Public"}},{"type":"Feature","geometry":{"type":"Point","coordinates":[131.6546231389,32.5675315833]},"properties":{"_markerType":"Icon","_iconUrl":"https://service.gsi.go.jp/kijunten/contents/screen/point/images/Public/TR2.png","_iconSize":[20,20],"name":"1055A","成果ID":"2010653","種別":"街区三角点","作業内容":"新設","等級":"2級","水準点兼用コード":"兼用なし","点名":"1055A","成果区分":"世界測地系（測地成果2011）","閲覧・謄本交付の可否":"閲覧・謄本交付可","成果状態":"正常（新設）","ワンストップ可否":"×","助言番号":"H17I0243","計画機関名":"延岡市","_sourceFile":"20260505_202211_Public.geojson","_sourceKind":"Public"}},{"type":"Feature","geometry":{"type":"Point","coordinates":[131.6707155278,32.5674995833]},"properties":{"_markerType":"Icon","_iconUrl":"https://service.gsi.go.jp/kijunten/contents/screen/point/images/Public/TR2.png","_iconSize":[20,20],"name":"1056A","成果ID":"2010654","種別":"街区三角点","作業内容":"新設","等級":"2級","水準点兼用コード":"兼用なし","点名":"1056A","成果区分":"世界測地系（測地成果2011）","閲覧・謄本交付の可否":"閲覧・謄本交付可","成果状態":"正常（新設）","ワンストップ可否":"×","助言番号":"H17I0243","計画機関名":"延岡市","_sourceFile":"20260505_202211_Public.geojson","_sourceKind":"Public"}},{"type":"Feature","geometry":{"type":"Point","coordinates":[131.6288541389,32.5674993333]},"properties":{"_markerType":"Icon","_iconUrl":"https://service.gsi.go.jp/kijunten/contents/screen/point/images/Public/TR2.png","_iconSize":[20,20],"name":"1057A","成果ID":"2010655","種別":"街区三角点","作業内容":"新設","等級":"2級","水準点兼用コード":"兼用なし","点名":"1057A","成果区分":"世界測地系（測地成果2011）","閲覧・謄本交付の可否":"閲覧・謄本交付可","成果状態":"正常（新設）","ワンストップ可否":"×","助言番号":"H17I0243","計画機関名":"延岡市","_sourceFile":"20260505_202211_Public.geojson","_sourceKind":"Public"}},{"type":"Feature","geometry":{"type":"Point","coordinates":[131.6642703611,32.5666377222]},"properties":{"_markerType":"Icon","_iconUrl":"https://service.gsi.go.jp/kijunten/contents/screen/point/images/Public/TR2.png","_iconSize":[20,20],"name":"1058A","成果ID":"2010656","種別":"街区三角点","作業内容":"新設","等級":"2級","水準点兼用コード":"兼用なし","点名":"1058A","成果区分":"世界測地系（測地成果2011）","閲覧・謄本交付の可否":"閲覧・謄本交付可","成果状態":"正常（新設）","ワンストップ可否":"×","助言番号":"H17I0243","計画機関名":"延岡市","_sourceFile":"20260505_202211_Public.geojson","_sourceKind":"Public"}},{"type":"Feature","geometry":{"type":"Point","coordinates":[131.6599931111,32.5665659722]},"properties":{"_markerType":"Icon","_iconUrl":"https://service.gsi.go.jp/kijunten/contents/screen/point/images/Public/TR2.png","_iconSize":[20,20],"name":"1059A","成果ID":"2010657","種別":"街区三角点","作業内容":"新設","等級":"2級","水準点兼用コード":"兼用なし","点名":"1059A","成果区分":"世界測地系（測地成果2011）","閲覧・謄本交付の可否":"閲覧・謄本交付可","成果状態":"正常（新設）","ワンストップ可否":"×","助言番号":"H17I0243","計画機関名":"延岡市","_sourceFile":"20260505_202211_Public.geojson","_sourceKind":"Public"}},{"type":"Feature","geometry":{"type":"Point","coordinates":[131.6365949444,32.5659042778]},"properties":{"_markerType":"Icon","_iconUrl":"https://service.gsi.go.jp/kijunten/contents/screen/point/images/Public/TR2.png","_iconSize":[20,20],"name":"1060A","成果ID":"2010658","種別":"街区三角点","作業内容":"新設","等級":"2級","水準点兼用コード":"兼用なし","点名":"1060A","成果区分":"世界測地系（測地成果2011）","閲覧・謄本交付の可否":"閲覧・謄本交付可","成果状態":"正常（新設）","ワンストップ可否":"×","助言番号":"H17I0243","計画機関名":"延岡市","_sourceFile":"20260505_202211_Public.geojson","_sourceKind":"Public"}},{"type":"Feature","geometry":{"type":"Point","coordinates":[131.6770771944,32.5656917778]},"properties":{"_markerType":"Icon","_iconUrl":"https://service.gsi.go.jp/kijunten/contents/screen/point/images/Public/TR2.png","_iconSize":[20,20],"name":"1061A","成果ID":"2010659","種別":"街区三角点","作業内容":"新設","等級":"2級","水準点兼用コード":"兼用なし","点名":"1061A","成果区分":"世界測地系（測地成果2011）","閲覧・謄本交付の可否":"閲覧・謄本交付可","成果状態":"正常（新設）","ワンストップ可否":"×","助言番号":"H17I0243","計画機関名":"延岡市","_sourceFile":"20260505_202211_Public.geojson","_sourceKind":"Public"}},{"type":"Feature","geometry":{"type":"Point","coordinates":[131.6431720278,32.5654381944]},"properties":{"_markerType":"Icon","_iconUrl":"https://service.gsi.go.jp/kijunten/contents/screen/point/images/Public/TR2.png","_iconSize":[20,20],"name":"1062A","成果ID":"2010660","種別":"街区三角点","作業内容":"新設","等級":"2級","水準点兼用コード":"兼用なし","点名":"1062A","成果区分":"世界測地系（測地成果2011）","閲覧・謄本交付の可否":"閲覧・謄本交付可","成果状態":"正常（新設）","ワンストップ可否":"×","助言番号":"H17I0243","計画機関名":"延岡市","_sourceFile":"20260505_202211_Public.geojson","_sourceKind":"Public"}},{"type":"Feature","geometry":{"type":"Point","coordinates":[131.6836775278,32.5641089444]},"properties":{"_markerType":"Icon","_iconUrl":"https://service.gsi.go.jp/kijunten/contents/screen/point/images/Public/TR2.png","_iconSize":[20,20],"name":"1063A","成果ID":"2010661","種別":"街区三角点","作業内容":"新設","等級":"2級","水準点兼用コード":"兼用なし","点名":"1063A","成果区分":"世界測地系（測地成果2011）","閲覧・謄本交付の可否":"閲覧・謄本交付可","成果状態":"正常（新設）","ワンストップ可否":"×","助言番号":"H17I0243","計画機関名":"延岡市","_sourceFile":"20260505_202211_Public.geojson","_sourceKind":"Public"}},{"type":"Feature","geometry":{"type":"Point","coordinates":[131.6727379722,32.5639822222]},"properties":{"_markerType":"Icon","_iconUrl":"https://service.gsi.go.jp/kijunten/contents/screen/point/images/Public/TR2.png","_iconSize":[20,20],"name":"1064A","成果ID":"2010662","種別":"街区三角点","作業内容":"新設","等級":"2級","水準点兼用コード":"兼用なし","点名":"1064A","成果区分":"世界測地系（測地成果2011）","閲覧・謄本交付の可否":"閲覧・謄本交付可","成果状態":"正常（新設）","ワンストップ可否":"×","助言番号":"H17I0243","計画機関名":"延岡市","_sourceFile":"20260505_202211_Public.geojson","_sourceKind":"Public"}},{"type":"Feature","geometry":{"type":"Point","coordinates":[131.6551572778,32.5639856111]},"properties":{"_markerType":"Icon","_iconUrl":"https://service.gsi.go.jp/kijunten/contents/screen/point/images/Public/TR2.png","_iconSize":[20,20],"name":"1065A","成果ID":"2010663","種別":"街区三角点","作業内容":"新設","等級":"2級","水準点兼用コード":"兼用なし","点名":"1065A","成果区分":"世界測地系（測地成果2011）","閲覧・謄本交付の可否":"閲覧・謄本交付可","成果状態":"正常（新設）","ワンストップ可否":"×","助言番号":"H17I0243","計画機関名":"延岡市","_sourceFile":"20260505_202211_Public.geojson","_sourceKind":"Public"}},{"type":"Feature","geometry":{"type":"Point","coordinates":[131.6756921111,32.5594402222]},"properties":{"_markerType":"Icon","_iconUrl":"https://service.gsi.go.jp/kijunten/contents/screen/point/images/Public/TR2.png","_iconSize":[20,20],"name":"1066A","成果ID":"2010664","種別":"街区三角点","作業内容":"新設","等級":"2級","水準点兼用コード":"兼用なし","点名":"1066A","成果区分":"世界測地系（測地成果2011）","閲覧・謄本交付の可否":"閲覧・謄本交付可","成果状態":"正常（新設）","ワンストップ可否":"×","助言番号":"H17I0243","計画機関名":"延岡市","_sourceFile":"20260505_202211_Public.geojson","_sourceKind":"Public"}},{"type":"Feature","geometry":{"type":"Point","coordinates":[131.6801864444,32.5587785]},"properties":{"_markerType":"Icon","_iconUrl":"https://service.gsi.go.jp/kijunten/contents/screen/point/images/Public/TR2.png","_iconSize":[20,20],"name":"1067A","成果ID":"2010665","種別":"街区三角点","作業内容":"新設","等級":"2級","水準点兼用コード":"兼用なし","点名":"1067A","成果区分":"世界測地系（測地成果2011）","閲覧・謄本交付の可否":"閲覧・謄本交付可","成果状態":"正常（新設）","ワンストップ可否":"×","助言番号":"H17I0243","計画機関名":"延岡市","_sourceFile":"20260505_202211_Public.geojson","_sourceKind":"Public"}},{"type":"Feature","geometry":{"type":"Point","coordinates":[131.6843849167,32.5563497222]},"properties":{"_markerType":"Icon","_iconUrl":"https://service.gsi.go.jp/kijunten/contents/screen/point/images/Public/TR2.png","_iconSize":[20,20],"name":"1068A","成果ID":"2010666","種別":"街区三角点","作業内容":"新設","等級":"2級","水準点兼用コード":"兼用なし","点名":"1068A","成果区分":"世界測地系（測地成果2011）","閲覧・謄本交付の可否":"閲覧・謄本交付可","成果状態":"正常（新設）","ワンストップ可否":"×","助言番号":"H17I0243","計画機関名":"延岡市","_sourceFile":"20260505_202211_Public.geojson","_sourceKind":"Public"}},{"type":"Feature","geometry":{"type":"Point","coordinates":[131.6795347222,32.5560683056]},"properties":{"_markerType":"Icon","_iconUrl":"https://service.gsi.go.jp/kijunten/contents/screen/point/images/Public/TR2.png","_iconSize":[20,20],"name":"1069A","成果ID":"2010667","種別":"街区三角点","作業内容":"新設","等級":"2級","水準点兼用コード":"兼用なし","点名":"1069A","成果区分":"世界測地系（測地成果2011）","閲覧・謄本交付の可否":"閲覧・謄本交付可","成果状態":"正常（新設）","ワンストップ可否":"×","助言番号":"H17I0243","計画機関名":"延岡市","_sourceFile":"20260505_202211_Public.geojson","_sourceKind":"Public"}},{"type":"Feature","geometry":{"type":"Point","coordinates":[131.6654394722,32.5525901111]},"properties":{"_markerType":"Icon","_iconUrl":"https://service.gsi.go.jp/kijunten/contents/screen/point/images/Public/TR2.png","_iconSize":[20,20],"name":"1070A","成果ID":"2010668","種別":"街区三角点","作業内容":"新設","等級":"2級","水準点兼用コード":"兼用なし","点名":"1070A","成果区分":"世界測地系（測地成果2011）","閲覧・謄本交付の可否":"閲覧・謄本交付可","成果状態":"正常（新設）","ワンストップ可否":"×","助言番号":"H17I0243","計画機関名":"延岡市","_sourceFile":"20260505_202211_Public.geojson","_sourceKind":"Public"}},{"type":"Feature","geometry":{"type":"Point","coordinates":[131.6754137778,32.5523410556]},"properties":{"_markerType":"Icon","_iconUrl":"https://service.gsi.go.jp/kijunten/contents/screen/point/images/Public/TR2.png","_iconSize":[20,20],"name":"1071A","成果ID":"2010669","種別":"街区三角点","作業内容":"新設","等級":"2級","水準点兼用コード":"兼用なし","点名":"1071A","成果区分":"世界測地系（測地成果2011）","閲覧・謄本交付の可否":"閲覧・謄本交付可","成果状態":"正常（新設）","ワンストップ可否":"×","助言番号":"H17I0243","計画機関名":"延岡市","_sourceFile":"20260505_202211_Public.geojson","_sourceKind":"Public"}},{"type":"Feature","geometry":{"type":"Point","coordinates":[131.6772188333,32.5485599444]},"properties":{"_markerType":"Icon","_iconUrl":"https://service.gsi.go.jp/kijunten/contents/screen/point/images/Public/TR2.png","_iconSize":[20,20],"name":"1072A","成果ID":"2010670","種別":"街区三角点","作業内容":"新設","等級":"2級","水準点兼用コード":"兼用なし","点名":"1072A","成果区分":"世界測地系（測地成果2011）","閲覧・謄本交付の可否":"閲覧・謄本交付可","成果状態":"正常（新設）","ワンストップ可否":"×","助言番号":"H17I0243","計画機関名":"延岡市","_sourceFile":"20260505_202211_Public.geojson","_sourceKind":"Public"}},{"type":"Feature","geometry":{"type":"Point","coordinates":[131.681613,32.5483936389]},"properties":{"_markerType":"Icon","_iconUrl":"https://service.gsi.go.jp/kijunten/contents/screen/point/images/Public/TR2.png","_iconSize":[20,20],"name":"1073A","成果ID":"2010671","種別":"街区三角点","作業内容":"新設","等級":"2級","水準点兼用コード":"兼用なし","点名":"1073A","成果区分":"世界測地系（測地成果2011）","閲覧・謄本交付の可否":"閲覧・謄本交付可","成果状態":"正常（新設）","ワンストップ可否":"×","助言番号":"H17I0243","計画機関名":"延岡市","_sourceFile":"20260505_202211_Public.geojson","_sourceKind":"Public"}},{"type":"Feature","geometry":{"type":"Point","coordinates":[131.6733241667,32.5468335278]},"properties":{"_markerType":"Icon","_iconUrl":"https://service.gsi.go.jp/kijunten/contents/screen/point/images/Public/TR2.png","_iconSize":[20,20],"name":"1074A","成果ID":"2010672","種別":"街区三角点","作業内容":"新設","等級":"2級","水準点兼用コード":"兼用なし","点名":"1074A","成果区分":"世界測地系（測地成果2011）","閲覧・謄本交付の可否":"閲覧・謄本交付可","成果状態":"正常（新設）","ワンストップ可否":"×","助言番号":"H17I0243","計画機関名":"延岡市","_sourceFile":"20260505_202211_Public.geojson","_sourceKind":"Public"}},{"type":"Feature","geometry":{"type":"Point","coordinates":[131.6678333056,32.5466518889]},"properties":{"_markerType":"Icon","_iconUrl":"https://service.gsi.go.jp/kijunten/contents/screen/point/images/Public/TR2.png","_iconSize":[20,20],"name":"1075A","成果ID":"2010673","種別":"街区三角点","作業内容":"新設","等級":"2級","水準点兼用コード":"兼用なし","点名":"1075A","成果区分":"世界測地系（測地成果2011）","閲覧・謄本交付の可否":"閲覧・謄本交付可","成果状態":"正常（新設）","ワンストップ可否":"×","助言番号":"H17I0243","計画機関名":"延岡市","_sourceFile":"20260505_202211_Public.geojson","_sourceKind":"Public"}},{"type":"Feature","geometry":{"type":"Point","coordinates":[131.6780621667,32.5452857778]},"properties":{"_markerType":"Icon","_iconUrl":"https://service.gsi.go.jp/kijunten/contents/screen/point/images/Public/TR2.png","_iconSize":[20,20],"name":"1076A","成果ID":"2010674","種別":"街区三角点","作業内容":"新設","等級":"2級","水準点兼用コード":"兼用なし","点名":"1076A","成果区分":"世界測地系（測地成果2011）","閲覧・謄本交付の可否":"閲覧・謄本交付可","成果状態":"正常（新設）","ワンストップ可否":"×","助言番号":"H17I0243","計画機関名":"延岡市","_sourceFile":"20260505_202211_Public.geojson","_sourceKind":"Public"}},{"type":"Feature","geometry":{"type":"Point","coordinates":[131.6670174444,32.5422902222]},"properties":{"_markerType":"Icon","_iconUrl":"https://service.gsi.go.jp/kijunten/contents/screen/point/images/Public/TR2.png","_iconSize":[20,20],"name":"1078A","成果ID":"2010676","種別":"街区三角点","作業内容":"新設","等級":"2級","水準点兼用コード":"兼用なし","点名":"1078A","成果区分":"世界測地系（測地成果2011）","閲覧・謄本交付の可否":"閲覧・謄本交付可","成果状態":"正常（新設）","ワンストップ可否":"×","助言番号":"H17I0243","計画機関名":"延岡市","_sourceFile":"20260505_202211_Public.geojson","_sourceKind":"Public"}},{"type":"Feature","geometry":{"type":"Point","coordinates":[131.6784017778,32.5402495]},"properties":{"_markerType":"Icon","_iconUrl":"https://service.gsi.go.jp/kijunten/contents/screen/point/images/Public/TR2.png","_iconSize":[20,20],"name":"1079A","成果ID":"2010677","種別":"街区三角点","作業内容":"新設","等級":"2級","水準点兼用コード":"兼用なし","点名":"1079A","成果区分":"世界測地系（測地成果2011）","閲覧・謄本交付の可否":"閲覧・謄本交付可","成果状態":"正常（新設）","ワンストップ可否":"×","助言番号":"H17I0243","計画機関名":"延岡市","_sourceFile":"20260505_202211_Public.geojson","_sourceKind":"Public"}},{"type":"Feature","geometry":{"type":"Point","coordinates":[131.6717061667,32.5334808056]},"properties":{"_markerType":"Icon","_iconUrl":"https://service.gsi.go.jp/kijunten/contents/screen/point/images/Public/TR2.png","_iconSize":[20,20],"name":"1081A","成果ID":"2010679","種別":"街区三角点","作業内容":"新設","等級":"2級","水準点兼用コード":"兼用なし","点名":"1081A","成果区分":"世界測地系（測地成果2011）","閲覧・謄本交付の可否":"閲覧・謄本交付可","成果状態":"正常（新設）","ワンストップ可否":"×","助言番号":"H17I0243","計画機関名":"延岡市","_sourceFile":"20260505_202211_Public.geojson","_sourceKind":"Public"}},{"type":"Feature","geometry":{"type":"Point","coordinates":[131.6688769167,32.5294079722]},"properties":{"_markerType":"Icon","_iconUrl":"https://service.gsi.go.jp/kijunten/contents/screen/point/images/Public/TR2.png","_iconSize":[20,20],"name":"1082A","成果ID":"2010680","種別":"街区三角点","作業内容":"新設","等級":"2級","水準点兼用コード":"兼用なし","点名":"1082A","成果区分":"世界測地系（測地成果2011）","閲覧・謄本交付の可否":"閲覧・謄本交付可","成果状態":"正常（新設）","ワンストップ可否":"×","助言番号":"H17I0243","計画機関名":"延岡市","_sourceFile":"20260505_202211_Public.geojson","_sourceKind":"Public"}},{"type":"Feature","geometry":{"type":"Point","coordinates":[131.6817119167,32.5292023056]},"properties":{"_markerType":"Icon","_iconUrl":"https://service.gsi.go.jp/kijunten/contents/screen/point/images/Public/TR2.png","_iconSize":[20,20],"name":"1083A","成果ID":"2010681","種別":"街区三角点","作業内容":"新設","等級":"2級","水準点兼用コード":"兼用なし","点名":"1083A","成果区分":"世界測地系（測地成果2011）","閲覧・謄本交付の可否":"閲覧・謄本交付可","成果状態":"正常（新設）","ワンストップ可否":"×","助言番号":"H17I0243","計画機関名":"延岡市","_sourceFile":"20260505_202211_Public.geojson","_sourceKind":"Public"}},{"type":"Feature","geometry":{"type":"Point","coordinates":[131.67845825,32.5278451389]},"properties":{"_markerType":"Icon","_iconUrl":"https://service.gsi.go.jp/kijunten/contents/screen/point/images/Public/TR2.png","_iconSize":[20,20],"name":"1084A","成果ID":"2010682","種別":"街区三角点","作業内容":"新設","等級":"2級","水準点兼用コード":"兼用なし","点名":"1084A","成果区分":"世界測地系（測地成果2011）","閲覧・謄本交付の可否":"閲覧・謄本交付可","成果状態":"正常（新設）","ワンストップ可否":"×","助言番号":"H17I0243","計画機関名":"延岡市","_sourceFile":"20260505_202211_Public.geojson","_sourceKind":"Public"}},{"type":"Feature","geometry":{"type":"Point","coordinates":[131.68548075,32.5229950833]},"properties":{"_markerType":"Icon","_iconUrl":"https://service.gsi.go.jp/kijunten/contents/screen/point/images/Public/TR2.png","_iconSize":[20,20],"name":"1085A","成果ID":"2010683","種別":"街区三角点","作業内容":"新設","等級":"2級","水準点兼用コード":"兼用なし","点名":"1085A","成果区分":"世界測地系（測地成果2011）","閲覧・謄本交付の可否":"閲覧・謄本交付可","成果状態":"正常（新設）","ワンストップ可否":"×","助言番号":"H17I0243","計画機関名":"延岡市","_sourceFile":"20260505_202211_Public.geojson","_sourceKind":"Public"}},{"type":"Feature","geometry":{"type":"Point","coordinates":[131.6739542778,32.5223429444]},"properties":{"_markerType":"Icon","_iconUrl":"https://service.gsi.go.jp/kijunten/contents/screen/point/images/Public/TR2.png","_iconSize":[20,20],"name":"1086A","成果ID":"2010684","種別":"街区三角点","作業内容":"新設","等級":"2級","水準点兼用コード":"兼用なし","点名":"1086A","成果区分":"世界測地系（測地成果2011）","閲覧・謄本交付の可否":"閲覧・謄本交付可","成果状態":"正常（新設）","ワンストップ可否":"×","助言番号":"H17I0243","計画機関名":"延岡市","_sourceFile":"20260505_202211_Public.geojson","_sourceKind":"Public"}},{"type":"Feature","geometry":{"type":"Point","coordinates":[131.6807564444,32.5214448333]},"properties":{"_markerType":"Icon","_iconUrl":"https://service.gsi.go.jp/kijunten/contents/screen/point/images/Public/TR2.png","_iconSize":[20,20],"name":"1087A","成果ID":"2010685","種別":"街区三角点","作業内容":"新設","等級":"2級","水準点兼用コード":"兼用なし","点名":"1087A","成果区分":"世界測地系（測地成果2011）","閲覧・謄本交付の可否":"閲覧・謄本交付可","成果状態":"正常（新設）","ワンストップ可否":"×","助言番号":"H17I0243","計画機関名":"延岡市","_sourceFile":"20260505_202211_Public.geojson","_sourceKind":"Public"}},{"type":"Feature","geometry":{"type":"Point","coordinates":[131.6864827222,32.5200479167]},"properties":{"_markerType":"Icon","_iconUrl":"https://service.gsi.go.jp/kijunten/contents/screen/point/images/Public/TR2.png","_iconSize":[20,20],"name":"1088A","成果ID":"2010686","種別":"街区三角点","作業内容":"新設","等級":"2級","水準点兼用コード":"兼用なし","点名":"1088A","成果区分":"世界測地系（測地成果2011）","閲覧・謄本交付の可否":"閲覧・謄本交付可","成果状態":"正常（新設）","ワンストップ可否":"×","助言番号":"H17I0243","計画機関名":"延岡市","_sourceFile":"20260505_202211_Public.geojson","_sourceKind":"Public"}},{"type":"Feature","geometry":{"type":"Point","coordinates":[131.6751551389,32.5181860833]},"properties":{"_markerType":"Icon","_iconUrl":"https://service.gsi.go.jp/kijunten/contents/screen/point/images/Public/TR2.png","_iconSize":[20,20],"name":"1089A","成果ID":"2010687","種別":"街区三角点","作業内容":"新設","等級":"2級","水準点兼用コード":"兼用なし","点名":"1089A","成果区分":"世界測地系（測地成果2011）","閲覧・謄本交付の可否":"閲覧・謄本交付可","成果状態":"正常（新設）","ワンストップ可否":"×","助言番号":"H17I0243","計画機関名":"延岡市","_sourceFile":"20260505_202211_Public.geojson","_sourceKind":"Public"}},{"type":"Feature","geometry":{"type":"Point","coordinates":[131.6834662778,32.5164454444]},"properties":{"_markerType":"Icon","_iconUrl":"https://service.gsi.go.jp/kijunten/contents/screen/point/images/Public/TR2.png","_iconSize":[20,20],"name":"1090A","成果ID":"2010688","種別":"街区三角点","作業内容":"新設","等級":"2級","水準点兼用コード":"兼用なし","点名":"1090A","成果区分":"世界測地系（測地成果2011）","閲覧・謄本交付の可否":"閲覧・謄本交付可","成果状態":"正常（新設）","ワンストップ可否":"×","助言番号":"H17I0243","計画機関名":"延岡市","_sourceFile":"20260505_202211_Public.geojson","_sourceKind":"Public"}},{"type":"Feature","geometry":{"type":"Point","coordinates":[131.6835068611,32.514058]},"properties":{"_markerType":"Icon","_iconUrl":"https://service.gsi.go.jp/kijunten/contents/screen/point/images/Public/TR2.png","_iconSize":[20,20],"name":"1091A","成果ID":"2010689","種別":"街区三角点","作業内容":"新設","等級":"2級","水準点兼用コード":"兼用なし","点名":"1091A","成果区分":"世界測地系（測地成果2011）","閲覧・謄本交付の可否":"閲覧・謄本交付可","成果状態":"正常（新設）","ワンストップ可否":"×","助言番号":"H17I0243","計画機関名":"延岡市","_sourceFile":"20260505_202211_Public.geojson","_sourceKind":"Public"}},{"type":"Feature","geometry":{"type":"Point","coordinates":[131.6716607778,32.5099435556]},"properties":{"_markerType":"Icon","_iconUrl":"https://service.gsi.go.jp/kijunten/contents/screen/point/images/Public/TR2.png","_iconSize":[20,20],"name":"1092A","成果ID":"2010690","種別":"街区三角点","作業内容":"新設","等級":"2級","水準点兼用コード":"兼用なし","点名":"1092A","成果区分":"世界測地系（測地成果2011）","閲覧・謄本交付の可否":"閲覧・謄本交付可","成果状態":"正常（新設）","ワンストップ可否":"×","助言番号":"H17I0243","計画機関名":"延岡市","_sourceFile":"20260505_202211_Public.geojson","_sourceKind":"Public"}},{"type":"Feature","geometry":{"type":"Point","coordinates":[131.6845191667,32.5091756389]},"properties":{"_markerType":"Icon","_iconUrl":"https://service.gsi.go.jp/kijunten/contents/screen/point/images/Public/TR2.png","_iconSize":[20,20],"name":"1093A","成果ID":"2010691","種別":"街区三角点","作業内容":"新設","等級":"2級","水準点兼用コード":"兼用なし","点名":"1093A","成果区分":"世界測地系（測地成果2011）","閲覧・謄本交付の可否":"閲覧・謄本交付可","成果状態":"正常（新設）","ワンストップ可否":"×","助言番号":"H17I0243","計画機関名":"延岡市","_sourceFile":"20260505_202211_Public.geojson","_sourceKind":"Public"}},{"type":"Feature","geometry":{"type":"Point","coordinates":[131.6774876389,32.5067886111]},"properties":{"_markerType":"Icon","_iconUrl":"https://service.gsi.go.jp/kijunten/contents/screen/point/images/Public/TR2.png","_iconSize":[20,20],"name":"1094A","成果ID":"2010692","種別":"街区三角点","作業内容":"新設","等級":"2級","水準点兼用コード":"兼用なし","点名":"1094A","成果区分":"世界測地系（測地成果2011）","閲覧・謄本交付の可否":"閲覧・謄本交付可","成果状態":"正常（新設）","ワンストップ可否":"×","助言番号":"H17I0243","計画機関名":"延岡市","_sourceFile":"20260505_202211_Public.geojson","_sourceKind":"Public"}},{"type":"Feature","geometry":{"type":"Point","coordinates":[131.6716034167,32.5054679444]},"properties":{"_markerType":"Icon","_iconUrl":"https://service.gsi.go.jp/kijunten/contents/screen/point/images/Public/TR2.png","_iconSize":[20,20],"name":"1095A","成果ID":"2010693","種別":"街区三角点","作業内容":"新設","等級":"2級","水準点兼用コード":"兼用なし","点名":"1095A","成果区分":"世界測地系（測地成果2011）","閲覧・謄本交付の可否":"閲覧・謄本交付可","成果状態":"正常（新設）","ワンストップ可否":"×","助言番号":"H17I0243","計画機関名":"延岡市","_sourceFile":"20260505_202211_Public.geojson","_sourceKind":"Public"}},{"type":"Feature","geometry":{"type":"Point","coordinates":[131.6753401389,32.5019633333]},"properties":{"_markerType":"Icon","_iconUrl":"https://service.gsi.go.jp/kijunten/contents/screen/point/images/Public/TR2.png","_iconSize":[20,20],"name":"1096A","成果ID":"2010694","種別":"街区三角点","作業内容":"新設","等級":"2級","水準点兼用コード":"兼用なし","点名":"1096A","成果区分":"世界測地系（測地成果2011）","閲覧・謄本交付の可否":"閲覧・謄本交付可","成果状態":"正常（新設）","ワンストップ可否":"×","助言番号":"H17I0243","計画機関名":"延岡市","_sourceFile":"20260505_202211_Public.geojson","_sourceKind":"Public"}},{"type":"Feature","geometry":{"type":"Point","coordinates":[131.6673179722,32.6156589722]},"properties":{"_markerType":"Icon","_iconUrl":"https://service.gsi.go.jp/kijunten/contents/screen/point/images/Public/TR3.png","_iconSize":[20,20],"name":"10A01","成果ID":"2010695","種別":"街区多角点","作業内容":"新設","等級":"3級","水準点兼用コード":"兼用なし","点名":"10A01","成果区分":"世界測地系（測地成果2011）","閲覧・謄本交付の可否":"閲覧・謄本交付可","成果状態":"正常（新設）","ワンストップ可否":"×","助言番号":"H17I0243","計画機関名":"延岡市","_sourceFile":"20260505_202211_Public.geojson","_sourceKind":"Public"}},{"type":"Feature","geometry":{"type":"Point","coordinates":[131.6685513611,32.6140975]},"properties":{"_markerType":"Icon","_iconUrl":"https://service.gsi.go.jp/kijunten/contents/screen/point/images/Public/TR3.png","_iconSize":[20,20],"name":"10A02","成果ID":"2010696","種別":"街区多角点","作業内容":"新設","等級":"3級","水準点兼用コード":"兼用なし","点名":"10A02","成果区分":"世界測地系（測地成果2011）","閲覧・謄本交付の可否":"閲覧・謄本交付可","成果状態":"正常（新設）","ワンストップ可否":"×","助言番号":"H17I0243","計画機関名":"延岡市","_sourceFile":"20260505_202211_Public.geojson","_sourceKind":"Public"}},{"type":"Feature","geometry":{"type":"Point","coordinates":[131.666279,32.61521825]},"properties":{"_markerType":"Icon","_iconUrl":"https://service.gsi.go.jp/kijunten/contents/screen/point/images/Public/TR3.png","_iconSize":[20,20],"name":"10A03","成果ID":"2010697","種別":"街区多角点","作業内容":"新設","等級":"3級","水準点兼用コード":"兼用なし","点名":"10A03","成果区分":"世界測地系（測地成果2011）","閲覧・謄本交付の可否":"閲覧・謄本交付可","成果状態":"正常（新設）","ワンストップ可否":"×","助言番号":"H17I0243","計画機関名":"延岡市","_sourceFile":"20260505_202211_Public.geojson","_sourceKind":"Public"}},{"type":"Feature","geometry":{"type":"Point","coordinates":[131.6702324167,32.6155951389]},"properties":{"_markerType":"Icon","_iconUrl":"https://service.gsi.go.jp/kijunten/contents/screen/point/images/Public/TR3.png","_iconSize":[20,20],"name":"10A04","成果ID":"2010698","種別":"街区多角点","作業内容":"新設","等級":"3級","水準点兼用コード":"兼用なし","点名":"10A04","成果区分":"世界測地系（測地成果2011）","閲覧・謄本交付の可否":"閲覧・謄本交付可","成果状態":"正常（新設）","ワンストップ可否":"×","助言番号":"H17I0243","計画機関名":"延岡市","_sourceFile":"20260505_202211_Public.geojson","_sourceKind":"Public"}},{"type":"Feature","geometry":{"type":"Point","coordinates":[131.6734000556,32.6147568611]},"properties":{"_markerType":"Icon","_iconUrl":"https://service.gsi.go.jp/kijunten/contents/screen/point/images/Public/TR3.png","_iconSize":[20,20],"name":"10A05","成果ID":"2010699","種別":"街区多角点","作業内容":"新設","等級":"3級","水準点兼用コード":"兼用なし","点名":"10A05","成果区分":"世界測地系（測地成果2011）","閲覧・謄本交付の可否":"閲覧・謄本交付可","成果状態":"正常（新設）","ワンストップ可否":"×","助言番号":"H17I0243","計画機関名":"延岡市","_sourceFile":"20260505_202211_Public.geojson","_sourceKind":"Public"}},{"type":"Feature","geometry":{"type":"Point","coordinates":[131.6711333889,32.6135439167]},"properties":{"_markerType":"Icon","_iconUrl":"https://service.gsi.go.jp/kijunten/contents/screen/point/images/Public/TR3.png","_iconSize":[20,20],"name":"10A06","成果ID":"2010700","種別":"街区多角点","作業内容":"新設","等級":"3級","水準点兼用コード":"兼用なし","点名":"10A06","成果区分":"世界測地系（測地成果2011）","閲覧・謄本交付の可否":"閲覧・謄本交付可","成果状態":"正常（新設）","ワンストップ可否":"×","助言番号":"H17I0243","計画機関名":"延岡市","_sourceFile":"20260505_202211_Public.geojson","_sourceKind":"Public"}},{"type":"Feature","geometry":{"type":"Point","coordinates":[131.6719038333,32.6114402778]},"properties":{"_markerType":"Icon","_iconUrl":"https://service.gsi.go.jp/kijunten/contents/screen/point/images/Public/TR3.png","_iconSize":[20,20],"name":"10A07","成果ID":"2010701","種別":"街区多角点","作業内容":"新設","等級":"3級","水準点兼用コード":"兼用なし","点名":"10A07","成果区分":"世界測地系（測地成果2011）","閲覧・謄本交付の可否":"閲覧・謄本交付可","成果状態":"正常（新設）","ワンストップ可否":"×","助言番号":"H17I0243","計画機関名":"延岡市","_sourceFile":"20260505_202211_Public.geojson","_sourceKind":"Public"}},{"type":"Feature","geometry":{"type":"Point","coordinates":[131.6726718889,32.6095569167]},"properties":{"_markerType":"Icon","_iconUrl":"https://service.gsi.go.jp/kijunten/contents/screen/point/images/Public/TR3.png","_iconSize":[20,20],"name":"10A08","成果ID":"2010702","種別":"街区多角点","作業内容":"新設","等級":"3級","水準点兼用コード":"兼用なし","点名":"10A08","成果区分":"世界測地系（測地成果2011）","閲覧・謄本交付の可否":"閲覧・謄本交付可","成果状態":"正常（新設）","ワンストップ可否":"×","助言番号":"H17I0243","計画機関名":"延岡市","_sourceFile":"20260505_202211_Public.geojson","_sourceKind":"Public"}},{"type":"Feature","geometry":{"type":"Point","coordinates":[131.677765,32.6114281389]},"properties":{"_markerType":"Icon","_iconUrl":"https://service.gsi.go.jp/kijunten/contents/screen/point/images/Public/TR3.png","_iconSize":[20,20],"name":"10A09","成果ID":"2010703","種別":"街区多角点","作業内容":"新設","等級":"3級","水準点兼用コード":"兼用なし","点名":"10A09","成果区分":"世界測地系（測地成果2011）","閲覧・謄本交付の可否":"閲覧・謄本交付可","成果状態":"正常（新設）","ワンストップ可否":"×","助言番号":"H17I0243","計画機関名":"延岡市","_sourceFile":"20260505_202211_Public.geojson","_sourceKind":"Public"}},{"type":"Feature","geometry":{"type":"Point","coordinates":[131.6749883611,32.6111433333]},"properties":{"_markerType":"Icon","_iconUrl":"https://service.gsi.go.jp/kijunten/contents/screen/point/images/Public/TR3.png","_iconSize":[20,20],"name":"10A10","成果ID":"2010704","種別":"街区多角点","作業内容":"新設","等級":"3級","水準点兼用コード":"兼用なし","点名":"10A10","成果区分":"世界測地系（測地成果2011）","閲覧・謄本交付の可否":"閲覧・謄本交付可","成果状態":"正常（新設）","ワンストップ可否":"×","助言番号":"H17I0243","計画機関名":"延岡市","_sourceFile":"20260505_202211_Public.geojson","_sourceKind":"Public"}},{"type":"Feature","geometry":{"type":"Point","coordinates":[131.67056225,32.6103689722]},"properties":{"_markerType":"Icon","_iconUrl":"https://service.gsi.go.jp/kijunten/contents/screen/point/images/Public/TR3.png","_iconSize":[20,20],"name":"10A11","成果ID":"2010705","種別":"街区多角点","作業内容":"新設","等級":"3級","水準点兼用コード":"兼用なし","点名":"10A11","成果区分":"世界測地系（測地成果2011）","閲覧・謄本交付の可否":"閲覧・謄本交付可","成果状態":"正常（新設）","ワンストップ可否":"×","助言番号":"H17I0243","計画機関名":"延岡市","_sourceFile":"20260505_202211_Public.geojson","_sourceKind":"Public"}},{"type":"Feature","geometry":{"type":"Point","coordinates":[131.6801254167,32.6105704167]},"properties":{"_markerType":"Icon","_iconUrl":"https://service.gsi.go.jp/kijunten/contents/screen/point/images/Public/TR3.png","_iconSize":[20,20],"name":"10A12","成果ID":"2010706","種別":"街区多角点","作業内容":"新設","等級":"3級","水準点兼用コード":"兼用なし","点名":"10A12","成果区分":"世界測地系（測地成果2011）","閲覧・謄本交付の可否":"閲覧・謄本交付可","成果状態":"正常（新設）","ワンストップ可否":"×","助言番号":"H17I0243","計画機関名":"延岡市","_sourceFile":"20260505_202211_Public.geojson","_sourceKind":"Public"}},{"type":"Feature","geometry":{"type":"Point","coordinates":[131.6823543611,32.6100743333]},"properties":{"_markerType":"Icon","_iconUrl":"https://service.gsi.go.jp/kijunten/contents/screen/point/images/Public/TR3.png","_iconSize":[20,20],"name":"10A13","成果ID":"2010707","種別":"街区多角点","作業内容":"新設","等級":"3級","水準点兼用コード":"兼用なし","点名":"10A13","成果区分":"世界測地系（測地成果2011）","閲覧・謄本交付の可否":"閲覧・謄本交付可","成果状態":"正常（新設）","ワンストップ可否":"×","助言番号":"H17I0243","計画機関名":"延岡市","_sourceFile":"20260505_202211_Public.geojson","_sourceKind":"Public"}},{"type":"Feature","geometry":{"type":"Point","coordinates":[131.682995,32.6074731111]},"properties":{"_markerType":"Icon","_iconUrl":"https://service.gsi.go.jp/kijunten/contents/screen/point/images/Public/TR3.png","_iconSize":[20,20],"name":"10A14","成果ID":"2010708","種別":"街区多角点","作業内容":"新設","等級":"3級","水準点兼用コード":"兼用なし","点名":"10A14","成果区分":"世界測地系（測地成果2011）","閲覧・謄本交付の可否":"閲覧・謄本交付可","成果状態":"正常（新設）","ワンストップ可否":"×","助言番号":"H17I0243","計画機関名":"延岡市","_sourceFile":"20260505_202211_Public.geojson","_sourceKind":"Public"}},{"type":"Feature","geometry":{"type":"Point","coordinates":[131.6812106389,32.6076113333]},"properties":{"_markerType":"Icon","_iconUrl":"https://service.gsi.go.jp/kijunten/contents/screen/point/images/Public/TR3.png","_iconSize":[20,20],"name":"10A15","成果ID":"2010709","種別":"街区多角点","作業内容":"新設","等級":"3級","水準点兼用コード":"兼用なし","点名":"10A15","成果区分":"世界測地系（測地成果2011）","閲覧・謄本交付の可否":"閲覧・謄本交付可","成果状態":"正常（新設）","ワンストップ可否":"×","助言番号":"H17I0243","計画機関名":"延岡市","_sourceFile":"20260505_202211_Public.geojson","_sourceKind":"Public"}},{"type":"Feature","geometry":{"type":"Point","coordinates":[131.6789968611,32.6070774167]},"properties":{"_markerType":"Icon","_iconUrl":"https://service.gsi.go.jp/kijunten/contents/screen/point/images/Public/TR3.png","_iconSize":[20,20],"name":"10A16","成果ID":"2010710","種別":"街区多角点","作業内容":"新設","等級":"3級","水準点兼用コード":"兼用なし","点名":"10A16","成果区分":"世界測地系（測地成果2011）","閲覧・謄本交付の可否":"閲覧・謄本交付可","成果状態":"正常（新設）","ワンストップ可否":"×","助言番号":"H17I0243","計画機関名":"延岡市","_sourceFile":"20260505_202211_Public.geojson","_sourceKind":"Public"}},{"type":"Feature","geometry":{"type":"Point","coordinates":[131.6762619722,32.6087368611]},"properties":{"_markerType":"Icon","_iconUrl":"https://service.gsi.go.jp/kijunten/contents/screen/point/images/Public/TR3.png","_iconSize":[20,20],"name":"10A17","成果ID":"2010711","種別":"街区多角点","作業内容":"新設","等級":"3級","水準点兼用コード":"兼用なし","点名":"10A17","成果区分":"世界測地系（測地成果2011）","閲覧・謄本交付の可否":"閲覧・謄本交付可","成果状態":"正常（新設）","ワンストップ可否":"×","助言番号":"H17I0243","計画機関名":"延岡市","_sourceFile":"20260505_202211_Public.geojson","_sourceKind":"Public"}},{"type":"Feature","geometry":{"type":"Point","coordinates":[131.6729073056,32.6076345833]},"properties":{"_markerType":"Icon","_iconUrl":"https://service.gsi.go.jp/kijunten/contents/screen/point/images/Public/TR3.png","_iconSize":[20,20],"name":"10A18","成果ID":"2010712","種別":"街区多角点","作業内容":"新設","等級":"3級","水準点兼用コード":"兼用なし","点名":"10A18","成果区分":"世界測地系（測地成果2011）","閲覧・謄本交付の可否":"閲覧・謄本交付可","成果状態":"正常（新設）","ワンストップ可否":"×","助言番号":"H17I0243","計画機関名":"延岡市","_sourceFile":"20260505_202211_Public.geojson","_sourceKind":"Public"}},{"type":"Feature","geometry":{"type":"Point","coordinates":[131.6756831111,32.6068628611]},"properties":{"_markerType":"Icon","_iconUrl":"https://service.gsi.go.jp/kijunten/contents/screen/point/images/Public/TR3.png","_iconSize":[20,20],"name":"10A19","成果ID":"2010713","種別":"街区多角点","作業内容":"新設","等級":"3級","水準点兼用コード":"兼用なし","点名":"10A19","成果区分":"世界測地系（測地成果2011）","閲覧・謄本交付の可否":"閲覧・謄本交付可","成果状態":"正常（新設）","ワンストップ可否":"×","助言番号":"H17I0243","計画機関名":"延岡市","_sourceFile":"20260505_202211_Public.geojson","_sourceKind":"Public"}},{"type":"Feature","geometry":{"type":"Point","coordinates":[131.6737776389,32.6050816111]},"properties":{"_markerType":"Icon","_iconUrl":"https://service.gsi.go.jp/kijunten/contents/screen/point/images/Public/TR3.png","_iconSize":[20,20],"name":"10A20","成果ID":"2010714","種別":"街区多角点","作業内容":"新設","等級":"3級","水準点兼用コード":"兼用なし","点名":"10A20","成果区分":"世界測地系（測地成果2011）","閲覧・謄本交付の可否":"閲覧・謄本交付可","成果状態":"正常（新設）","ワンストップ可否":"×","助言番号":"H17I0243","計画機関名":"延岡市","_sourceFile":"20260505_202211_Public.geojson","_sourceKind":"Public"}},{"type":"Feature","geometry":{"type":"Point","coordinates":[131.6748514444,32.6040319444]},"properties":{"_markerType":"Icon","_iconUrl":"https://service.gsi.go.jp/kijunten/contents/screen/point/images/Public/TR3.png","_iconSize":[20,20],"name":"10A21","成果ID":"2010715","種別":"街区多角点","作業内容":"新設","等級":"3級","水準点兼用コード":"兼用なし","点名":"10A21","成果区分":"世界測地系（測地成果2011）","閲覧・謄本交付の可否":"閲覧・謄本交付可","成果状態":"正常（新設）","ワンストップ可否":"×","助言番号":"H17I0243","計画機関名":"延岡市","_sourceFile":"20260505_202211_Public.geojson","_sourceKind":"Public"}},{"type":"Feature","geometry":{"type":"Point","coordinates":[131.6763806944,32.6026085278]},"properties":{"_markerType":"Icon","_iconUrl":"https://service.gsi.go.jp/kijunten/contents/screen/point/images/Public/TR3.png","_iconSize":[20,20],"name":"10A22","成果ID":"2010716","種別":"街区多角点","作業内容":"新設","等級":"3級","水準点兼用コード":"兼用なし","点名":"10A22","成果区分":"世界測地系（測地成果2011）","閲覧・謄本交付の可否":"閲覧・謄本交付可","成果状態":"正常（新設）","ワンストップ可否":"×","助言番号":"H17I0243","計画機関名":"延岡市","_sourceFile":"20260505_202211_Public.geojson","_sourceKind":"Public"}},{"type":"Feature","geometry":{"type":"Point","coordinates":[131.6803193889,32.6050965]},"properties":{"_markerType":"Icon","_iconUrl":"https://service.gsi.go.jp/kijunten/contents/screen/point/images/Public/TR3.png","_iconSize":[20,20],"name":"10A24","成果ID":"2010718","種別":"街区多角点","作業内容":"新設","等級":"3級","水準点兼用コード":"兼用なし","点名":"10A24","成果区分":"世界測地系（測地成果2011）","閲覧・謄本交付の可否":"閲覧・謄本交付可","成果状態":"正常（新設）","ワンストップ可否":"×","助言番号":"H17I0243","計画機関名":"延岡市","_sourceFile":"20260505_202211_Public.geojson","_sourceKind":"Public"}},{"type":"Feature","geometry":{"type":"Point","coordinates":[131.682479,32.6034980278]},"properties":{"_markerType":"Icon","_iconUrl":"https://service.gsi.go.jp/kijunten/contents/screen/point/images/Public/TR3.png","_iconSize":[20,20],"name":"10A25","成果ID":"2010719","種別":"街区多角点","作業内容":"新設","等級":"3級","水準点兼用コード":"兼用なし","点名":"10A25","成果区分":"世界測地系（測地成果2011）","閲覧・謄本交付の可否":"閲覧・謄本交付可","成果状態":"正常（新設）","ワンストップ可否":"×","助言番号":"H17I0243","計画機関名":"延岡市","_sourceFile":"20260505_202211_Public.geojson","_sourceKind":"Public"}},{"type":"Feature","geometry":{"type":"Point","coordinates":[131.6797911389,32.6009802778]},"properties":{"_markerType":"Icon","_iconUrl":"https://service.gsi.go.jp/kijunten/contents/screen/point/images/Public/TR3.png","_iconSize":[20,20],"name":"10A27","成果ID":"2010721","種別":"街区多角点","作業内容":"新設","等級":"3級","水準点兼用コード":"兼用なし","点名":"10A27","成果区分":"世界測地系（測地成果2011）","閲覧・謄本交付の可否":"閲覧・謄本交付可","成果状態":"正常（新設）","ワンストップ可否":"×","助言番号":"H17I0243","計画機関名":"延岡市","_sourceFile":"20260505_202211_Public.geojson","_sourceKind":"Public"}},{"type":"Feature","geometry":{"type":"Point","coordinates":[131.6854015556,32.6022326667]},"properties":{"_markerType":"Icon","_iconUrl":"https://service.gsi.go.jp/kijunten/contents/screen/point/images/Public/TR3.png","_iconSize":[20,20],"name":"10A28","成果ID":"2010722","種別":"街区多角点","作業内容":"新設","等級":"3級","水準点兼用コード":"兼用なし","点名":"10A28","成果区分":"世界測地系（測地成果2011）","閲覧・謄本交付の可否":"閲覧・謄本交付可","成果状態":"正常（新設）","ワンストップ可否":"×","助言番号":"H17I0243","計画機関名":"延岡市","_sourceFile":"20260505_202211_Public.geojson","_sourceKind":"Public"}},{"type":"Feature","geometry":{"type":"Point","coordinates":[131.6852288056,32.6010433889]},"properties":{"_markerType":"Icon","_iconUrl":"https://service.gsi.go.jp/kijunten/contents/screen/point/images/Public/TR3.png","_iconSize":[20,20],"name":"10A29","成果ID":"2010723","種別":"街区多角点","作業内容":"新設","等級":"3級","水準点兼用コード":"兼用なし","点名":"10A29","成果区分":"世界測地系（測地成果2011）","閲覧・謄本交付の可否":"閲覧・謄本交付可","成果状態":"正常（新設）","ワンストップ可否":"×","助言番号":"H17I0243","計画機関名":"延岡市","_sourceFile":"20260505_202211_Public.geojson","_sourceKind":"Public"}},{"type":"Feature","geometry":{"type":"Point","coordinates":[131.6906677778,32.6007914722]},"properties":{"_markerType":"Icon","_iconUrl":"https://service.gsi.go.jp/kijunten/contents/screen/point/images/Public/TR3.png","_iconSize":[20,20],"name":"10A30","成果ID":"2010724","種別":"街区多角点","作業内容":"新設","等級":"3級","水準点兼用コード":"兼用なし","点名":"10A30","成果区分":"世界測地系（測地成果2011）","閲覧・謄本交付の可否":"閲覧・謄本交付可","成果状態":"正常（新設）","ワンストップ可否":"×","助言番号":"H17I0243","計画機関名":"延岡市","_sourceFile":"20260505_202211_Public.geojson","_sourceKind":"Public"}},{"type":"Feature","geometry":{"type":"Point","coordinates":[131.6877937222,32.6009533611]},"properties":{"_markerType":"Icon","_iconUrl":"https://service.gsi.go.jp/kijunten/contents/screen/point/images/Public/TR3.png","_iconSize":[20,20],"name":"10A31","成果ID":"2010725","種別":"街区多角点","作業内容":"新設","等級":"3級","水準点兼用コード":"兼用なし","点名":"10A31","成果区分":"世界測地系（測地成果2011）","閲覧・謄本交付の可否":"閲覧・謄本交付可","成果状態":"正常（新設）","ワンストップ可否":"×","助言番号":"H17I0243","計画機関名":"延岡市","_sourceFile":"20260505_202211_Public.geojson","_sourceKind":"Public"}},{"type":"Feature","geometry":{"type":"Point","coordinates":[131.6867781667,32.5991802222]},"properties":{"_markerType":"Icon","_iconUrl":"https://service.gsi.go.jp/kijunten/contents/screen/point/images/Public/TR3.png","_iconSize":[20,20],"name":"10A32","成果ID":"2010726","種別":"街区多角点","作業内容":"新設","等級":"3級","水準点兼用コード":"兼用なし","点名":"10A32","成果区分":"世界測地系（測地成果2011）","閲覧・謄本交付の可否":"閲覧・謄本交付可","成果状態":"正常（新設）","ワンストップ可否":"×","助言番号":"H17I0243","計画機関名":"延岡市","_sourceFile":"20260505_202211_Public.geojson","_sourceKind":"Public"}},{"type":"Feature","geometry":{"type":"Point","coordinates":[131.6822311111111,32.60047575]},"properties":{"_markerType":"Icon","_iconUrl":"https://service.gsi.go.jp/kijunten/contents/screen/point/images/Public/TR3.png","_iconSize":[20,20],"name":"10A33","成果ID":"2010727","種別":"街区多角点","作業内容":"新設","等級":"3級","水準点兼用コード":"兼用なし","点名":"10A33","成果区分":"世界測地系（測地成果2011）","閲覧・謄本交付の可否":"閲覧・謄本交付可","成果状態":"正常（レコード修正）","ワンストップ可否":"×","助言番号":"H17I0243","計画機関名":"延岡市","_sourceFile":"20260505_202211_Public.geojson","_sourceKind":"Public"}},{"type":"Feature","geometry":{"type":"Point","coordinates":[131.6828788333,32.5988131389]},"properties":{"_markerType":"Icon","_iconUrl":"https://service.gsi.go.jp/kijunten/contents/screen/point/images/Public/TR3.png","_iconSize":[20,20],"name":"10A34","成果ID":"2010728","種別":"街区多角点","作業内容":"新設","等級":"3級","水準点兼用コード":"兼用なし","点名":"10A34","成果区分":"世界測地系（測地成果2011）","閲覧・謄本交付の可否":"閲覧・謄本交付可","成果状態":"正常（新設）","ワンストップ可否":"×","助言番号":"H17I0243","計画機関名":"延岡市","_sourceFile":"20260505_202211_Public.geojson","_sourceKind":"Public"}},{"type":"Feature","geometry":{"type":"Point","coordinates":[131.6940738333,32.5993846944]},"properties":{"_markerType":"Icon","_iconUrl":"https://service.gsi.go.jp/kijunten/contents/screen/point/images/Public/TR3.png","_iconSize":[20,20],"name":"10A35","成果ID":"2010729","種別":"街区多角点","作業内容":"新設","等級":"3級","水準点兼用コード":"兼用なし","点名":"10A35","成果区分":"世界測地系（測地成果2011）","閲覧・謄本交付の可否":"閲覧・謄本交付可","成果状態":"正常（新設）","ワンストップ可否":"×","助言番号":"H17I0243","計画機関名":"延岡市","_sourceFile":"20260505_202211_Public.geojson","_sourceKind":"Public"}},{"type":"Feature","geometry":{"type":"Point","coordinates":[131.6780384167,32.5995387778]},"properties":{"_markerType":"Icon","_iconUrl":"https://service.gsi.go.jp/kijunten/contents/screen/point/images/Public/TR3.png","_iconSize":[20,20],"name":"10A36","成果ID":"2010730","種別":"街区多角点","作業内容":"新設","等級":"3級","水準点兼用コード":"兼用なし","点名":"10A36","成果区分":"世界測地系（測地成果2011）","閲覧・謄本交付の可否":"閲覧・謄本交付可","成果状態":"正常（新設）","ワンストップ可否":"×","助言番号":"H17I0243","計画機関名":"延岡市","_sourceFile":"20260505_202211_Public.geojson","_sourceKind":"Public"}},{"type":"Feature","geometry":{"type":"Point","coordinates":[131.6914233056,32.5984042778]},"properties":{"_markerType":"Icon","_iconUrl":"https://service.gsi.go.jp/kijunten/contents/screen/point/images/Public/TR3.png","_iconSize":[20,20],"name":"10A37","成果ID":"2010731","種別":"街区多角点","作業内容":"新設","等級":"3級","水準点兼用コード":"兼用なし","点名":"10A37","成果区分":"世界測地系（測地成果2011）","閲覧・謄本交付の可否":"閲覧・謄本交付可","成果状態":"正常（新設）","ワンストップ可否":"×","助言番号":"H17I0243","計画機関名":"延岡市","_sourceFile":"20260505_202211_Public.geojson","_sourceKind":"Public"}},{"type":"Feature","geometry":{"type":"Point","coordinates":[131.6880725,32.5981013333]},"properties":{"_markerType":"Icon","_iconUrl":"https://service.gsi.go.jp/kijunten/contents/screen/point/images/Public/TR3.png","_iconSize":[20,20],"name":"10A38","成果ID":"2010732","種別":"街区多角点","作業内容":"新設","等級":"3級","水準点兼用コード":"兼用なし","点名":"10A38","成果区分":"世界測地系（測地成果2011）","閲覧・謄本交付の可否":"閲覧・謄本交付可","成果状態":"正常（新設）","ワンストップ可否":"×","助言番号":"H17I0243","計画機関名":"延岡市","_sourceFile":"20260505_202211_Public.geojson","_sourceKind":"Public"}},{"type":"Feature","geometry":{"type":"Point","coordinates":[131.6747229167,32.5975943333]},"properties":{"_markerType":"Icon","_iconUrl":"https://service.gsi.go.jp/kijunten/contents/screen/point/images/Public/TR3.png","_iconSize":[20,20],"name":"10A39","成果ID":"2010733","種別":"街区多角点","作業内容":"新設","等級":"3級","水準点兼用コード":"兼用なし","点名":"10A39","成果区分":"世界測地系（測地成果2011）","閲覧・謄本交付の可否":"閲覧・謄本交付可","成果状態":"正常（新設）","ワンストップ可否":"×","助言番号":"H17I0243","計画機関名":"延岡市","_sourceFile":"20260505_202211_Public.geojson","_sourceKind":"Public"}},{"type":"Feature","geometry":{"type":"Point","coordinates":[131.6788861667,32.5975279722]},"properties":{"_markerType":"Icon","_iconUrl":"https://service.gsi.go.jp/kijunten/contents/screen/point/images/Public/TR3.png","_iconSize":[20,20],"name":"10A40","成果ID":"2010734","種別":"街区多角点","作業内容":"新設","等級":"3級","水準点兼用コード":"兼用なし","点名":"10A40","成果区分":"世界測地系（測地成果2011）","閲覧・謄本交付の可否":"閲覧・謄本交付可","成果状態":"正常（新設）","ワンストップ可否":"×","助言番号":"H17I0243","計画機関名":"延岡市","_sourceFile":"20260505_202211_Public.geojson","_sourceKind":"Public"}},{"type":"Feature","geometry":{"type":"Point","coordinates":[131.6770839722,32.5962409722]},"properties":{"_markerType":"Icon","_iconUrl":"https://service.gsi.go.jp/kijunten/contents/screen/point/images/Public/TR3.png","_iconSize":[20,20],"name":"10A41","成果ID":"2010735","種別":"街区多角点","作業内容":"新設","等級":"3級","水準点兼用コード":"兼用なし","点名":"10A41","成果区分":"世界測地系（測地成果2011）","閲覧・謄本交付の可否":"閲覧・謄本交付可","成果状態":"正常（新設）","ワンストップ可否":"×","助言番号":"H17I0243","計画機関名":"延岡市","_sourceFile":"20260505_202211_Public.geojson","_sourceKind":"Public"}},{"type":"Feature","geometry":{"type":"Point","coordinates":[131.6862375,32.5973474167]},"properties":{"_markerType":"Icon","_iconUrl":"https://service.gsi.go.jp/kijunten/contents/screen/point/images/Public/TR3.png","_iconSize":[20,20],"name":"10A42","成果ID":"2010736","種別":"街区多角点","作業内容":"新設","等級":"3級","水準点兼用コード":"兼用なし","点名":"10A42","成果区分":"世界測地系（測地成果2011）","閲覧・謄本交付の可否":"閲覧・謄本交付可","成果状態":"正常（新設）","ワンストップ可否":"×","助言番号":"H17I0243","計画機関名":"延岡市","_sourceFile":"20260505_202211_Public.geojson","_sourceKind":"Public"}},{"type":"Feature","geometry":{"type":"Point","coordinates":[131.6909509722,32.5969326111]},"properties":{"_markerType":"Icon","_iconUrl":"https://service.gsi.go.jp/kijunten/contents/screen/point/images/Public/TR3.png","_iconSize":[20,20],"name":"10A43","成果ID":"2010737","種別":"街区多角点","作業内容":"新設","等級":"3級","水準点兼用コード":"兼用なし","点名":"10A43","成果区分":"世界測地系（測地成果2011）","閲覧・謄本交付の可否":"閲覧・謄本交付可","成果状態":"正常（新設）","ワンストップ可否":"×","助言番号":"H17I0243","計画機関名":"延岡市","_sourceFile":"20260505_202211_Public.geojson","_sourceKind":"Public"}},{"type":"Feature","geometry":{"type":"Point","coordinates":[131.6706808333,32.5956412778]},"properties":{"_markerType":"Icon","_iconUrl":"https://service.gsi.go.jp/kijunten/contents/screen/point/images/Public/TR3.png","_iconSize":[20,20],"name":"10A44","成果ID":"2010738","種別":"街区多角点","作業内容":"新設","等級":"3級","水準点兼用コード":"兼用なし","点名":"10A44","成果区分":"世界測地系（測地成果2011）","閲覧・謄本交付の可否":"閲覧・謄本交付可","成果状態":"正常（新設）","ワンストップ可否":"×","助言番号":"H17I0243","計画機関名":"延岡市","_sourceFile":"20260505_202211_Public.geojson","_sourceKind":"Public"}},{"type":"Feature","geometry":{"type":"Point","coordinates":[131.6680882778,32.5947867778]},"properties":{"_markerType":"Icon","_iconUrl":"https://service.gsi.go.jp/kijunten/contents/screen/point/images/Public/TR3.png","_iconSize":[20,20],"name":"10A45","成果ID":"2010739","種別":"街区多角点","作業内容":"新設","等級":"3級","水準点兼用コード":"兼用なし","点名":"10A45","成果区分":"世界測地系（測地成果2011）","閲覧・謄本交付の可否":"閲覧・謄本交付可","成果状態":"正常（新設）","ワンストップ可否":"×","助言番号":"H17I0243","計画機関名":"延岡市","_sourceFile":"20260505_202211_Public.geojson","_sourceKind":"Public"}},{"type":"Feature","geometry":{"type":"Point","coordinates":[131.6809122222,32.5953566667]},"properties":{"_markerType":"Icon","_iconUrl":"https://service.gsi.go.jp/kijunten/contents/screen/point/images/Public/TR3.png","_iconSize":[20,20],"name":"10A46","成果ID":"2010740","種別":"街区多角点","作業内容":"新設","等級":"3級","水準点兼用コード":"兼用なし","点名":"10A46","成果区分":"世界測地系（測地成果2011）","閲覧・謄本交付の可否":"閲覧・謄本交付可","成果状態":"正常（新設）","ワンストップ可否":"×","助言番号":"H17I0243","計画機関名":"延岡市","_sourceFile":"20260505_202211_Public.geojson","_sourceKind":"Public"}},{"type":"Feature","geometry":{"type":"Point","coordinates":[131.68190325,32.5927145278]},"properties":{"_markerType":"Icon","_iconUrl":"https://service.gsi.go.jp/kijunten/contents/screen/point/images/Public/TR3.png","_iconSize":[20,20],"name":"10A47","成果ID":"2010741","種別":"街区多角点","作業内容":"新設","等級":"3級","水準点兼用コード":"兼用なし","点名":"10A47","成果区分":"世界測地系（測地成果2011）","閲覧・謄本交付の可否":"閲覧・謄本交付可","成果状態":"正常（新設）","ワンストップ可否":"×","助言番号":"H17I0243","計画機関名":"延岡市","_sourceFile":"20260505_202211_Public.geojson","_sourceKind":"Public"}},{"type":"Feature","geometry":{"type":"Point","coordinates":[131.6789953611,32.5952551389]},"properties":{"_markerType":"Icon","_iconUrl":"https://service.gsi.go.jp/kijunten/contents/screen/point/images/Public/TR3.png","_iconSize":[20,20],"name":"10A48","成果ID":"2010742","種別":"街区多角点","作業内容":"新設","等級":"3級","水準点兼用コード":"兼用なし","点名":"10A48","成果区分":"世界測地系（測地成果2011）","閲覧・謄本交付の可否":"閲覧・謄本交付可","成果状態":"正常（新設）","ワンストップ可否":"×","助言番号":"H17I0243","計画機関名":"延岡市","_sourceFile":"20260505_202211_Public.geojson","_sourceKind":"Public"}},{"type":"Feature","geometry":{"type":"Point","coordinates":[131.6788889722,32.5931303056]},"properties":{"_markerType":"Icon","_iconUrl":"https://service.gsi.go.jp/kijunten/contents/screen/point/images/Public/TR3.png","_iconSize":[20,20],"name":"10A49","成果ID":"2010743","種別":"街区多角点","作業内容":"新設","等級":"3級","水準点兼用コード":"兼用なし","点名":"10A49","成果区分":"世界測地系（測地成果2011）","閲覧・謄本交付の可否":"閲覧・謄本交付可","成果状態":"正常（新設）","ワンストップ可否":"×","助言番号":"H17I0243","計画機関名":"延岡市","_sourceFile":"20260505_202211_Public.geojson","_sourceKind":"Public"}},{"type":"Feature","geometry":{"type":"Point","coordinates":[131.67431825,32.5940237778]},"properties":{"_markerType":"Icon","_iconUrl":"https://service.gsi.go.jp/kijunten/contents/screen/point/images/Public/TR3.png","_iconSize":[20,20],"name":"10A50","成果ID":"2010744","種別":"街区多角点","作業内容":"新設","等級":"3級","水準点兼用コード":"兼用なし","点名":"10A50","成果区分":"世界測地系（測地成果2011）","閲覧・謄本交付の可否":"閲覧・謄本交付可","成果状態":"正常（新設）","ワンストップ可否":"×","助言番号":"H17I0243","計画機関名":"延岡市","_sourceFile":"20260505_202211_Public.geojson","_sourceKind":"Public"}},{"type":"Feature","geometry":{"type":"Point","coordinates":[131.6736225833,32.5922560278]},"properties":{"_markerType":"Icon","_iconUrl":"https://service.gsi.go.jp/kijunten/contents/screen/point/images/Public/TR3.png","_iconSize":[20,20],"name":"10A53","成果ID":"2010747","種別":"街区多角点","作業内容":"新設","等級":"3級","水準点兼用コード":"兼用なし","点名":"10A53","成果区分":"世界測地系（測地成果2011）","閲覧・謄本交付の可否":"閲覧・謄本交付可","成果状態":"正常（新設）","ワンストップ可否":"×","助言番号":"H17I0243","計画機関名":"延岡市","_sourceFile":"20260505_202211_Public.geojson","_sourceKind":"Public"}},{"type":"Feature","geometry":{"type":"Point","coordinates":[131.6733492222,32.5898756944]},"properties":{"_markerType":"Icon","_iconUrl":"https://service.gsi.go.jp/kijunten/contents/screen/point/images/Public/TR3.png","_iconSize":[20,20],"name":"10A54","成果ID":"2010748","種別":"街区多角点","作業内容":"新設","等級":"3級","水準点兼用コード":"兼用なし","点名":"10A54","成果区分":"世界測地系（測地成果2011）","閲覧・謄本交付の可否":"閲覧・謄本交付可","成果状態":"正常（新設）","ワンストップ可否":"×","助言番号":"H17I0243","計画機関名":"延岡市","_sourceFile":"20260505_202211_Public.geojson","_sourceKind":"Public"}},{"type":"Feature","geometry":{"type":"Point","coordinates":[131.6813162222,32.5912641389]},"properties":{"_markerType":"Icon","_iconUrl":"https://service.gsi.go.jp/kijunten/contents/screen/point/images/Public/TR3.png","_iconSize":[20,20],"name":"10A55","成果ID":"2010749","種別":"街区多角点","作業内容":"新設","等級":"3級","水準点兼用コード":"兼用なし","点名":"10A55","成果区分":"世界測地系（測地成果2011）","閲覧・謄本交付の可否":"閲覧・謄本交付可","成果状態":"正常（新設）","ワンストップ可否":"×","助言番号":"H17I0243","計画機関名":"延岡市","_sourceFile":"20260505_202211_Public.geojson","_sourceKind":"Public"}},{"type":"Feature","geometry":{"type":"Point","coordinates":[131.6785010556,32.5911668056]},"properties":{"_markerType":"Icon","_iconUrl":"https://service.gsi.go.jp/kijunten/contents/screen/point/images/Public/TR3.png","_iconSize":[20,20],"name":"10A56","成果ID":"2010750","種別":"街区多角点","作業内容":"新設","等級":"3級","水準点兼用コード":"兼用なし","点名":"10A56","成果区分":"世界測地系（測地成果2011）","閲覧・謄本交付の可否":"閲覧・謄本交付可","成果状態":"正常（新設）","ワンストップ可否":"×","助言番号":"H17I0243","計画機関名":"延岡市","_sourceFile":"20260505_202211_Public.geojson","_sourceKind":"Public"}},{"type":"Feature","geometry":{"type":"Point","coordinates":[131.6688421111,32.5906838611]},"properties":{"_markerType":"Icon","_iconUrl":"https://service.gsi.go.jp/kijunten/contents/screen/point/images/Public/TR3.png","_iconSize":[20,20],"name":"10A57","成果ID":"2010751","種別":"街区多角点","作業内容":"新設","等級":"3級","水準点兼用コード":"兼用なし","点名":"10A57","成果区分":"世界測地系（測地成果2011）","閲覧・謄本交付の可否":"閲覧・謄本交付可","成果状態":"正常（新設）","ワンストップ可否":"×","助言番号":"H17I0243","計画機関名":"延岡市","_sourceFile":"20260505_202211_Public.geojson","_sourceKind":"Public"}},{"type":"Feature","geometry":{"type":"Point","coordinates":[131.6851068333,32.5903242778]},"properties":{"_markerType":"Icon","_iconUrl":"https://service.gsi.go.jp/kijunten/contents/screen/point/images/Public/TR3.png","_iconSize":[20,20],"name":"10A58","成果ID":"2010752","種別":"街区多角点","作業内容":"新設","等級":"3級","水準点兼用コード":"兼用なし","点名":"10A58","成果区分":"世界測地系（測地成果2011）","閲覧・謄本交付の可否":"閲覧・謄本交付可","成果状態":"正常（新設）","ワンストップ可否":"×","助言番号":"H17I0243","計画機関名":"延岡市","_sourceFile":"20260505_202211_Public.geojson","_sourceKind":"Public"}},{"type":"Feature","geometry":{"type":"Point","coordinates":[131.6818435556,32.5893319722]},"properties":{"_markerType":"Icon","_iconUrl":"https://service.gsi.go.jp/kijunten/contents/screen/point/images/Public/TR3.png","_iconSize":[20,20],"name":"10A59","成果ID":"2010753","種別":"街区多角点","作業内容":"新設","等級":"3級","水準点兼用コード":"兼用なし","点名":"10A59","成果区分":"世界測地系（測地成果2011）","閲覧・謄本交付の可否":"閲覧・謄本交付可","成果状態":"正常（新設）","ワンストップ可否":"×","助言番号":"H17I0243","計画機関名":"延岡市","_sourceFile":"20260505_202211_Public.geojson","_sourceKind":"Public"}},{"type":"Feature","geometry":{"type":"Point","coordinates":[131.6793306389,32.5895232222]},"properties":{"_markerType":"Icon","_iconUrl":"https://service.gsi.go.jp/kijunten/contents/screen/point/images/Public/TR3.png","_iconSize":[20,20],"name":"10A60","成果ID":"2010754","種別":"街区多角点","作業内容":"新設","等級":"3級","水準点兼用コード":"兼用なし","点名":"10A60","成果区分":"世界測地系（測地成果2011）","閲覧・謄本交付の可否":"閲覧・謄本交付可","成果状態":"正常（新設）","ワンストップ可否":"×","助言番号":"H17I0243","計画機関名":"延岡市","_sourceFile":"20260505_202211_Public.geojson","_sourceKind":"Public"}},{"type":"Feature","geometry":{"type":"Point","coordinates":[131.6771066389,32.5888298611]},"properties":{"_markerType":"Icon","_iconUrl":"https://service.gsi.go.jp/kijunten/contents/screen/point/images/Public/TR3.png","_iconSize":[20,20],"name":"10A61","成果ID":"2010755","種別":"街区多角点","作業内容":"新設","等級":"3級","水準点兼用コード":"兼用なし","点名":"10A61","成果区分":"世界測地系（測地成果2011）","閲覧・謄本交付の可否":"閲覧・謄本交付可","成果状態":"正常（新設）","ワンストップ可否":"×","助言番号":"H17I0243","計画機関名":"延岡市","_sourceFile":"20260505_202211_Public.geojson","_sourceKind":"Public"}},{"type":"Feature","geometry":{"type":"Point","coordinates":[131.6695935833,32.5880078611]},"properties":{"_markerType":"Icon","_iconUrl":"https://service.gsi.go.jp/kijunten/contents/screen/point/images/Public/TR3.png","_iconSize":[20,20],"name":"10A64","成果ID":"2010758","種別":"街区多角点","作業内容":"新設","等級":"3級","水準点兼用コード":"兼用なし","点名":"10A64","成果区分":"世界測地系（測地成果2011）","閲覧・謄本交付の可否":"閲覧・謄本交付可","成果状態":"正常（新設）","ワンストップ可否":"×","助言番号":"H17I0243","計画機関名":"延岡市","_sourceFile":"20260505_202211_Public.geojson","_sourceKind":"Public"}},{"type":"Feature","geometry":{"type":"Point","coordinates":[131.6824193611,32.5876595]},"properties":{"_markerType":"Icon","_iconUrl":"https://service.gsi.go.jp/kijunten/contents/screen/point/images/Public/TR3.png","_iconSize":[20,20],"name":"10A65","成果ID":"2010759","種別":"街区多角点","作業内容":"新設","等級":"3級","水準点兼用コード":"兼用なし","点名":"10A65","成果区分":"世界測地系（測地成果2011）","閲覧・謄本交付の可否":"閲覧・謄本交付可","成果状態":"正常（新設）","ワンストップ可否":"×","助言番号":"H17I0243","計画機関名":"延岡市","_sourceFile":"20260505_202211_Public.geojson","_sourceKind":"Public"}},{"type":"Feature","geometry":{"type":"Point","coordinates":[131.6787841944,32.5870451667]},"properties":{"_markerType":"Icon","_iconUrl":"https://service.gsi.go.jp/kijunten/contents/screen/point/images/Public/TR3.png","_iconSize":[20,20],"name":"10A67","成果ID":"2010761","種別":"街区多角点","作業内容":"新設","等級":"3級","水準点兼用コード":"兼用なし","点名":"10A67","成果区分":"世界測地系（測地成果2011）","閲覧・謄本交付の可否":"閲覧・謄本交付可","成果状態":"正常（新設）","ワンストップ可否":"×","助言番号":"H17I0243","計画機関名":"延岡市","_sourceFile":"20260505_202211_Public.geojson","_sourceKind":"Public"}},{"type":"Feature","geometry":{"type":"Point","coordinates":[131.6677344722,32.5867156389]},"properties":{"_markerType":"Icon","_iconUrl":"https://service.gsi.go.jp/kijunten/contents/screen/point/images/Public/TR3.png","_iconSize":[20,20],"name":"10A69","成果ID":"2010763","種別":"街区多角点","作業内容":"新設","等級":"3級","水準点兼用コード":"兼用なし","点名":"10A69","成果区分":"世界測地系（測地成果2011）","閲覧・謄本交付の可否":"閲覧・謄本交付可","成果状態":"正常（新設）","ワンストップ可否":"×","助言番号":"H17I0243","計画機関名":"延岡市","_sourceFile":"20260505_202211_Public.geojson","_sourceKind":"Public"}},{"type":"Feature","geometry":{"type":"Point","coordinates":[131.6678506389,32.5843113889]},"properties":{"_markerType":"Icon","_iconUrl":"https://service.gsi.go.jp/kijunten/contents/screen/point/images/Public/TR3.png","_iconSize":[20,20],"name":"10A70","成果ID":"2010764","種別":"街区多角点","作業内容":"新設","等級":"3級","水準点兼用コード":"兼用なし","点名":"10A70","成果区分":"世界測地系（測地成果2011）","閲覧・謄本交付の可否":"閲覧・謄本交付可","成果状態":"正常（新設）","ワンストップ可否":"×","助言番号":"H17I0243","計画機関名":"延岡市","_sourceFile":"20260505_202211_Public.geojson","_sourceKind":"Public"}},{"type":"Feature","geometry":{"type":"Point","coordinates":[131.6759938889,32.5847110556]},"properties":{"_markerType":"Icon","_iconUrl":"https://service.gsi.go.jp/kijunten/contents/screen/point/images/Public/TR3.png","_iconSize":[20,20],"name":"10A71","成果ID":"2010765","種別":"街区多角点","作業内容":"新設","等級":"3級","水準点兼用コード":"兼用なし","点名":"10A71","成果区分":"世界測地系（測地成果2011）","閲覧・謄本交付の可否":"閲覧・謄本交付可","成果状態":"正常（新設）","ワンストップ可否":"×","助言番号":"H17I0243","計画機関名":"延岡市","_sourceFile":"20260505_202211_Public.geojson","_sourceKind":"Public"}},{"type":"Feature","geometry":{"type":"Point","coordinates":[131.6713541111,32.5841088889]},"properties":{"_markerType":"Icon","_iconUrl":"https://service.gsi.go.jp/kijunten/contents/screen/point/images/Public/TR3.png","_iconSize":[20,20],"name":"10A72","成果ID":"2010766","種別":"街区多角点","作業内容":"新設","等級":"3級","水準点兼用コード":"兼用なし","点名":"10A72","成果区分":"世界測地系（測地成果2011）","閲覧・謄本交付の可否":"閲覧・謄本交付可","成果状態":"正常（新設）","ワンストップ可否":"×","助言番号":"H17I0243","計画機関名":"延岡市","_sourceFile":"20260505_202211_Public.geojson","_sourceKind":"Public"}},{"type":"Feature","geometry":{"type":"Point","coordinates":[131.6712320556,32.5829068056]},"properties":{"_markerType":"Icon","_iconUrl":"https://service.gsi.go.jp/kijunten/contents/screen/point/images/Public/TR3.png","_iconSize":[20,20],"name":"10A73","成果ID":"2010767","種別":"街区多角点","作業内容":"新設","等級":"3級","水準点兼用コード":"兼用なし","点名":"10A73","成果区分":"世界測地系（測地成果2011）","閲覧・謄本交付の可否":"閲覧・謄本交付可","成果状態":"正常（新設）","ワンストップ可否":"×","助言番号":"H17I0243","計画機関名":"延岡市","_sourceFile":"20260505_202211_Public.geojson","_sourceKind":"Public"}},{"type":"Feature","geometry":{"type":"Point","coordinates":[131.6713405278,32.58094425]},"properties":{"_markerType":"Icon","_iconUrl":"https://service.gsi.go.jp/kijunten/contents/screen/point/images/Public/TR3.png","_iconSize":[20,20],"name":"10A74","成果ID":"2010768","種別":"街区多角点","作業内容":"新設","等級":"3級","水準点兼用コード":"兼用なし","点名":"10A74","成果区分":"世界測地系（測地成果2011）","閲覧・謄本交付の可否":"閲覧・謄本交付可","成果状態":"正常（新設）","ワンストップ可否":"×","助言番号":"H17I0243","計画機関名":"延岡市","_sourceFile":"20260505_202211_Public.geojson","_sourceKind":"Public"}},{"type":"Feature","geometry":{"type":"Point","coordinates":[131.6663730556,32.5832099444]},"properties":{"_markerType":"Icon","_iconUrl":"https://service.gsi.go.jp/kijunten/contents/screen/point/images/Public/TR3.png","_iconSize":[20,20],"name":"10A75","成果ID":"2010769","種別":"街区多角点","作業内容":"新設","等級":"3級","水準点兼用コード":"兼用なし","点名":"10A75","成果区分":"世界測地系（測地成果2011）","閲覧・謄本交付の可否":"閲覧・謄本交付可","成果状態":"正常（新設）","ワンストップ可否":"×","助言番号":"H17I0243","計画機関名":"延岡市","_sourceFile":"20260505_202211_Public.geojson","_sourceKind":"Public"}},{"type":"Feature","geometry":{"type":"Point","coordinates":[131.6645286667,32.5832402778]},"properties":{"_markerType":"Icon","_iconUrl":"https://service.gsi.go.jp/kijunten/contents/screen/point/images/Public/TR3.png","_iconSize":[20,20],"name":"10A76","成果ID":"2010770","種別":"街区多角点","作業内容":"新設","等級":"3級","水準点兼用コード":"兼用なし","点名":"10A76","成果区分":"世界測地系（測地成果2011）","閲覧・謄本交付の可否":"閲覧・謄本交付可","成果状態":"正常（新設）","ワンストップ可否":"×","助言番号":"H17I0243","計画機関名":"延岡市","_sourceFile":"20260505_202211_Public.geojson","_sourceKind":"Public"}},{"type":"Feature","geometry":{"type":"Point","coordinates":[131.6623308889,32.5825896111]},"properties":{"_markerType":"Icon","_iconUrl":"https://service.gsi.go.jp/kijunten/contents/screen/point/images/Public/TR3.png","_iconSize":[20,20],"name":"10A77","成果ID":"2010771","種別":"街区多角点","作業内容":"新設","等級":"3級","水準点兼用コード":"兼用なし","点名":"10A77","成果区分":"世界測地系（測地成果2011）","閲覧・謄本交付の可否":"閲覧・謄本交付可","成果状態":"正常（新設）","ワンストップ可否":"×","助言番号":"H17I0243","計画機関名":"延岡市","_sourceFile":"20260505_202211_Public.geojson","_sourceKind":"Public"}},{"type":"Feature","geometry":{"type":"Point","coordinates":[131.656621,32.5823430556]},"properties":{"_markerType":"Icon","_iconUrl":"https://service.gsi.go.jp/kijunten/contents/screen/point/images/Public/TR3.png","_iconSize":[20,20],"name":"10A79","成果ID":"2010773","種別":"街区多角点","作業内容":"新設","等級":"3級","水準点兼用コード":"兼用なし","点名":"10A79","成果区分":"世界測地系（測地成果2011）","閲覧・謄本交付の可否":"閲覧・謄本交付可","成果状態":"正常（新設）","ワンストップ可否":"×","助言番号":"H17I0243","計画機関名":"延岡市","_sourceFile":"20260505_202211_Public.geojson","_sourceKind":"Public"}},{"type":"Feature","geometry":{"type":"Point","coordinates":[131.6687899444,32.5816788056]},"properties":{"_markerType":"Icon","_iconUrl":"https://service.gsi.go.jp/kijunten/contents/screen/point/images/Public/TR3.png","_iconSize":[20,20],"name":"10A81","成果ID":"2010775","種別":"街区多角点","作業内容":"新設","等級":"3級","水準点兼用コード":"兼用なし","点名":"10A81","成果区分":"世界測地系（測地成果2011）","閲覧・謄本交付の可否":"閲覧・謄本交付可","成果状態":"正常（新設）","ワンストップ可否":"×","助言番号":"H17I0243","計画機関名":"延岡市","_sourceFile":"20260505_202211_Public.geojson","_sourceKind":"Public"}},{"type":"Feature","geometry":{"type":"Point","coordinates":[131.6665934167,32.5812207222]},"properties":{"_markerType":"Icon","_iconUrl":"https://service.gsi.go.jp/kijunten/contents/screen/point/images/Public/TR3.png","_iconSize":[20,20],"name":"10A82","成果ID":"2010776","種別":"街区多角点","作業内容":"新設","等級":"3級","水準点兼用コード":"兼用なし","点名":"10A82","成果区分":"世界測地系（測地成果2011）","閲覧・謄本交付の可否":"閲覧・謄本交付可","成果状態":"正常（新設）","ワンストップ可否":"×","助言番号":"H17I0243","計画機関名":"延岡市","_sourceFile":"20260505_202211_Public.geojson","_sourceKind":"Public"}},{"type":"Feature","geometry":{"type":"Point","coordinates":[131.6668588611,32.5790880556]},"properties":{"_markerType":"Icon","_iconUrl":"https://service.gsi.go.jp/kijunten/contents/screen/point/images/Public/TR3.png","_iconSize":[20,20],"name":"10A83","成果ID":"2010777","種別":"街区多角点","作業内容":"新設","等級":"3級","水準点兼用コード":"兼用なし","点名":"10A83","成果区分":"世界測地系（測地成果2011）","閲覧・謄本交付の可否":"閲覧・謄本交付可","成果状態":"正常（新設）","ワンストップ可否":"×","助言番号":"H17I0243","計画機関名":"延岡市","_sourceFile":"20260505_202211_Public.geojson","_sourceKind":"Public"}},{"type":"Feature","geometry":{"type":"Point","coordinates":[131.6618442222,32.5809909444]},"properties":{"_markerType":"Icon","_iconUrl":"https://service.gsi.go.jp/kijunten/contents/screen/point/images/Public/TR3.png","_iconSize":[20,20],"name":"10A84","成果ID":"2010778","種別":"街区多角点","作業内容":"新設","等級":"3級","水準点兼用コード":"兼用なし","点名":"10A84","成果区分":"世界測地系（測地成果2011）","閲覧・謄本交付の可否":"閲覧・謄本交付可","成果状態":"正常（新設）","ワンストップ可否":"×","助言番号":"H17I0243","計画機関名":"延岡市","_sourceFile":"20260505_202211_Public.geojson","_sourceKind":"Public"}},{"type":"Feature","geometry":{"type":"Point","coordinates":[131.6646515278,32.58041725]},"properties":{"_markerType":"Icon","_iconUrl":"https://service.gsi.go.jp/kijunten/contents/screen/point/images/Public/TR3.png","_iconSize":[20,20],"name":"10A85","成果ID":"2010779","種別":"街区多角点","作業内容":"新設","等級":"3級","水準点兼用コード":"兼用なし","点名":"10A85","成果区分":"世界測地系（測地成果2011）","閲覧・謄本交付の可否":"閲覧・謄本交付可","成果状態":"正常（新設）","ワンストップ可否":"×","助言番号":"H17I0243","計画機関名":"延岡市","_sourceFile":"20260505_202211_Public.geojson","_sourceKind":"Public"}},{"type":"Feature","geometry":{"type":"Point","coordinates":[131.6614898056,32.5774911667]},"properties":{"_markerType":"Icon","_iconUrl":"https://service.gsi.go.jp/kijunten/contents/screen/point/images/Public/TR3.png","_iconSize":[20,20],"name":"10A87","成果ID":"2010781","種別":"街区多角点","作業内容":"新設","等級":"3級","水準点兼用コード":"兼用なし","点名":"10A87","成果区分":"世界測地系（測地成果2011）","閲覧・謄本交付の可否":"閲覧・謄本交付可","成果状態":"正常（新設）","ワンストップ可否":"×","助言番号":"H17I0243","計画機関名":"延岡市","_sourceFile":"20260505_202211_Public.geojson","_sourceKind":"Public"}},{"type":"Feature","geometry":{"type":"Point","coordinates":[131.659292,32.5778950833]},"properties":{"_markerType":"Icon","_iconUrl":"https://service.gsi.go.jp/kijunten/contents/screen/point/images/Public/TR3.png","_iconSize":[20,20],"name":"10A88","成果ID":"2010782","種別":"街区多角点","作業内容":"新設","等級":"3級","水準点兼用コード":"兼用なし","点名":"10A88","成果区分":"世界測地系（測地成果2011）","閲覧・謄本交付の可否":"閲覧・謄本交付可","成果状態":"正常（新設）","ワンストップ可否":"×","助言番号":"H17I0243","計画機関名":"延岡市","_sourceFile":"20260505_202211_Public.geojson","_sourceKind":"Public"}},{"type":"Feature","geometry":{"type":"Point","coordinates":[131.6571121944,32.5782936944]},"properties":{"_markerType":"Icon","_iconUrl":"https://service.gsi.go.jp/kijunten/contents/screen/point/images/Public/TR3.png","_iconSize":[20,20],"name":"10A89","成果ID":"2010783","種別":"街区多角点","作業内容":"新設","等級":"3級","水準点兼用コード":"兼用なし","点名":"10A89","成果区分":"世界測地系（測地成果2011）","閲覧・謄本交付の可否":"閲覧・謄本交付可","成果状態":"正常（新設）","ワンストップ可否":"×","助言番号":"H17I0243","計画機関名":"延岡市","_sourceFile":"20260505_202211_Public.geojson","_sourceKind":"Public"}},{"type":"Feature","geometry":{"type":"Point","coordinates":[131.6539229444,32.5789415833]},"properties":{"_markerType":"Icon","_iconUrl":"https://service.gsi.go.jp/kijunten/contents/screen/point/images/Public/TR3.png","_iconSize":[20,20],"name":"10A90","成果ID":"2010784","種別":"街区多角点","作業内容":"新設","等級":"3級","水準点兼用コード":"兼用なし","点名":"10A90","成果区分":"世界測地系（測地成果2011）","閲覧・謄本交付の可否":"閲覧・謄本交付可","成果状態":"正常（新設）","ワンストップ可否":"×","助言番号":"H17I0243","計画機関名":"延岡市","_sourceFile":"20260505_202211_Public.geojson","_sourceKind":"Public"}},{"type":"Feature","geometry":{"type":"Point","coordinates":[131.6509311111,32.5794980833]},"properties":{"_markerType":"Icon","_iconUrl":"https://service.gsi.go.jp/kijunten/contents/screen/point/images/Public/TR3.png","_iconSize":[20,20],"name":"10A91","成果ID":"2010785","種別":"街区多角点","作業内容":"新設","等級":"3級","水準点兼用コード":"兼用なし","点名":"10A91","成果区分":"世界測地系（測地成果2011）","閲覧・謄本交付の可否":"閲覧・謄本交付可","成果状態":"正常（新設）","ワンストップ可否":"×","助言番号":"H17I0243","計画機関名":"延岡市","_sourceFile":"20260505_202211_Public.geojson","_sourceKind":"Public"}},{"type":"Feature","geometry":{"type":"Point","coordinates":[131.6456568333,32.5816291389]},"properties":{"_markerType":"Icon","_iconUrl":"https://service.gsi.go.jp/kijunten/contents/screen/point/images/Public/TR3.png","_iconSize":[20,20],"name":"10A92","成果ID":"2010786","種別":"街区多角点","作業内容":"新設","等級":"3級","水準点兼用コード":"兼用なし","点名":"10A92","成果区分":"世界測地系（測地成果2011）","閲覧・謄本交付の可否":"閲覧・謄本交付可","成果状態":"正常（新設）","ワンストップ可否":"×","助言番号":"H17I0243","計画機関名":"延岡市","_sourceFile":"20260505_202211_Public.geojson","_sourceKind":"Public"}},{"type":"Feature","geometry":{"type":"Point","coordinates":[131.6441705833,32.5813621389]},"properties":{"_markerType":"Icon","_iconUrl":"https://service.gsi.go.jp/kijunten/contents/screen/point/images/Public/TR3.png","_iconSize":[20,20],"name":"10A93","成果ID":"2010787","種別":"街区多角点","作業内容":"新設","等級":"3級","水準点兼用コード":"兼用なし","点名":"10A93","成果区分":"世界測地系（測地成果2011）","閲覧・謄本交付の可否":"閲覧・謄本交付可","成果状態":"正常（新設）","ワンストップ可否":"×","助言番号":"H17I0243","計画機関名":"延岡市","_sourceFile":"20260505_202211_Public.geojson","_sourceKind":"Public"}},{"type":"Feature","geometry":{"type":"Point","coordinates":[131.6914996944,32.5798524167]},"properties":{"_markerType":"Icon","_iconUrl":"https://service.gsi.go.jp/kijunten/contents/screen/point/images/Public/TR3.png","_iconSize":[20,20],"name":"10A94","成果ID":"2010788","種別":"街区多角点","作業内容":"新設","等級":"3級","水準点兼用コード":"兼用なし","点名":"10A94","成果区分":"世界測地系（測地成果2011）","閲覧・謄本交付の可否":"閲覧・謄本交付可","成果状態":"正常（新設）","ワンストップ可否":"×","助言番号":"H17I0243","計画機関名":"延岡市","_sourceFile":"20260505_202211_Public.geojson","_sourceKind":"Public"}},{"type":"Feature","geometry":{"type":"Point","coordinates":[131.6899643056,32.5788955278]},"properties":{"_markerType":"Icon","_iconUrl":"https://service.gsi.go.jp/kijunten/contents/screen/point/images/Public/TR3.png","_iconSize":[20,20],"name":"10A95","成果ID":"2010789","種別":"街区多角点","作業内容":"新設","等級":"3級","水準点兼用コード":"兼用なし","点名":"10A95","成果区分":"世界測地系（測地成果2011）","閲覧・謄本交付の可否":"閲覧・謄本交付可","成果状態":"正常（新設）","ワンストップ可否":"×","助言番号":"H17I0243","計画機関名":"延岡市","_sourceFile":"20260505_202211_Public.geojson","_sourceKind":"Public"}},{"type":"Feature","geometry":{"type":"Point","coordinates":[131.6881862222,32.5781029167]},"properties":{"_markerType":"Icon","_iconUrl":"https://service.gsi.go.jp/kijunten/contents/screen/point/images/Public/TR3.png","_iconSize":[20,20],"name":"10A96","成果ID":"2010790","種別":"街区多角点","作業内容":"新設","等級":"3級","水準点兼用コード":"兼用なし","点名":"10A96","成果区分":"世界測地系（測地成果2011）","閲覧・謄本交付の可否":"閲覧・謄本交付可","成果状態":"正常（新設）","ワンストップ可否":"×","助言番号":"H17I0243","計画機関名":"延岡市","_sourceFile":"20260505_202211_Public.geojson","_sourceKind":"Public"}},{"type":"Feature","geometry":{"type":"Point","coordinates":[131.6728098056,32.5786735278]},"properties":{"_markerType":"Icon","_iconUrl":"https://service.gsi.go.jp/kijunten/contents/screen/point/images/Public/TR3.png","_iconSize":[20,20],"name":"10A97","成果ID":"2010791","種別":"街区多角点","作業内容":"新設","等級":"3級","水準点兼用コード":"兼用なし","点名":"10A97","成果区分":"世界測地系（測地成果2011）","閲覧・謄本交付の可否":"閲覧・謄本交付可","成果状態":"正常（新設）","ワンストップ可否":"×","助言番号":"H17I0243","計画機関名":"延岡市","_sourceFile":"20260505_202211_Public.geojson","_sourceKind":"Public"}},{"type":"Feature","geometry":{"type":"Point","coordinates":[131.6672996111,32.5769583889]},"properties":{"_markerType":"Icon","_iconUrl":"https://service.gsi.go.jp/kijunten/contents/screen/point/images/Public/TR3.png","_iconSize":[20,20],"name":"10A99","成果ID":"2010793","種別":"街区多角点","作業内容":"新設","等級":"3級","水準点兼用コード":"兼用なし","点名":"10A99","成果区分":"世界測地系（測地成果2011）","閲覧・謄本交付の可否":"閲覧・謄本交付可","成果状態":"正常（新設）","ワンストップ可否":"×","助言番号":"H17I0243","計画機関名":"延岡市","_sourceFile":"20260505_202211_Public.geojson","_sourceKind":"Public"}},{"type":"Feature","geometry":{"type":"Point","coordinates":[131.6645164167,32.5761424444]},"properties":{"_markerType":"Icon","_iconUrl":"https://service.gsi.go.jp/kijunten/contents/screen/point/images/Public/TR3.png","_iconSize":[20,20],"name":"10B01","成果ID":"2010794","種別":"街区多角点","作業内容":"新設","等級":"3級","水準点兼用コード":"兼用なし","点名":"10B01","成果区分":"世界測地系（測地成果2011）","閲覧・謄本交付の可否":"閲覧・謄本交付可","成果状態":"正常（新設）","ワンストップ可否":"×","助言番号":"H17I0243","計画機関名":"延岡市","_sourceFile":"20260505_202211_Public.geojson","_sourceKind":"Public"}},{"type":"Feature","geometry":{"type":"Point","coordinates":[131.6614783611,32.5744632778]},"properties":{"_markerType":"Icon","_iconUrl":"https://service.gsi.go.jp/kijunten/contents/screen/point/images/Public/TR3.png","_iconSize":[20,20],"name":"10B02","成果ID":"2010795","種別":"街区多角点","作業内容":"新設","等級":"3級","水準点兼用コード":"兼用なし","点名":"10B02","成果区分":"世界測地系（測地成果2011）","閲覧・謄本交付の可否":"閲覧・謄本交付可","成果状態":"正常（新設）","ワンストップ可否":"×","助言番号":"H17I0243","計画機関名":"延岡市","_sourceFile":"20260505_202211_Public.geojson","_sourceKind":"Public"}},{"type":"Feature","geometry":{"type":"Point","coordinates":[131.6426411944,32.5801254167]},"properties":{"_markerType":"Icon","_iconUrl":"https://service.gsi.go.jp/kijunten/contents/screen/point/images/Public/TR3.png","_iconSize":[20,20],"name":"10B03","成果ID":"2010796","種別":"街区多角点","作業内容":"新設","等級":"3級","水準点兼用コード":"兼用なし","点名":"10B03","成果区分":"世界測地系（測地成果2011）","閲覧・謄本交付の可否":"閲覧・謄本交付可","成果状態":"正常（新設）","ワンストップ可否":"×","助言番号":"H17I0243","計画機関名":"延岡市","_sourceFile":"20260505_202211_Public.geojson","_sourceKind":"Public"}},{"type":"Feature","geometry":{"type":"Point","coordinates":[131.6442144444,32.5793203889]},"properties":{"_markerType":"Icon","_iconUrl":"https://service.gsi.go.jp/kijunten/contents/screen/point/images/Public/TR3.png","_iconSize":[20,20],"name":"10B04","成果ID":"2010797","種別":"街区多角点","作業内容":"新設","等級":"3級","水準点兼用コード":"兼用なし","点名":"10B04","成果区分":"世界測地系（測地成果2011）","閲覧・謄本交付の可否":"閲覧・謄本交付可","成果状態":"正常（新設）","ワンストップ可否":"×","助言番号":"H17I0243","計画機関名":"延岡市","_sourceFile":"20260505_202211_Public.geojson","_sourceKind":"Public"}},{"type":"Feature","geometry":{"type":"Point","coordinates":[131.6462412222,32.5785486667]},"properties":{"_markerType":"Icon","_iconUrl":"https://service.gsi.go.jp/kijunten/contents/screen/point/images/Public/TR3.png","_iconSize":[20,20],"name":"10B05","成果ID":"2010798","種別":"街区多角点","作業内容":"新設","等級":"3級","水準点兼用コード":"兼用なし","点名":"10B05","成果区分":"世界測地系（測地成果2011）","閲覧・謄本交付の可否":"閲覧・謄本交付可","成果状態":"正常（新設）","ワンストップ可否":"×","助言番号":"H17I0243","計画機関名":"延岡市","_sourceFile":"20260505_202211_Public.geojson","_sourceKind":"Public"}},{"type":"Feature","geometry":{"type":"Point","coordinates":[131.6399533056,32.5800546111]},"properties":{"_markerType":"Icon","_iconUrl":"https://service.gsi.go.jp/kijunten/contents/screen/point/images/Public/TR3.png","_iconSize":[20,20],"name":"10B06","成果ID":"2010799","種別":"街区多角点","作業内容":"新設","等級":"3級","水準点兼用コード":"兼用なし","点名":"10B06","成果区分":"世界測地系（測地成果2011）","閲覧・謄本交付の可否":"閲覧・謄本交付可","成果状態":"正常（新設）","ワンストップ可否":"×","助言番号":"H17I0243","計画機関名":"延岡市","_sourceFile":"20260505_202211_Public.geojson","_sourceKind":"Public"}},{"type":"Feature","geometry":{"type":"Point","coordinates":[131.6415202222,32.5784551389]},"properties":{"_markerType":"Icon","_iconUrl":"https://service.gsi.go.jp/kijunten/contents/screen/point/images/Public/TR3.png","_iconSize":[20,20],"name":"10B07","成果ID":"2010800","種別":"街区多角点","作業内容":"新設","等級":"3級","水準点兼用コード":"兼用なし","点名":"10B07","成果区分":"世界測地系（測地成果2011）","閲覧・謄本交付の可否":"閲覧・謄本交付可","成果状態":"正常（新設）","ワンストップ可否":"×","助言番号":"H17I0243","計画機関名":"延岡市","_sourceFile":"20260505_202211_Public.geojson","_sourceKind":"Public"}},{"type":"Feature","geometry":{"type":"Point","coordinates":[131.6422931389,32.5767611389]},"properties":{"_markerType":"Icon","_iconUrl":"https://service.gsi.go.jp/kijunten/contents/screen/point/images/Public/TR3.png","_iconSize":[20,20],"name":"10B08","成果ID":"2010801","種別":"街区多角点","作業内容":"新設","等級":"3級","水準点兼用コード":"兼用なし","点名":"10B08","成果区分":"世界測地系（測地成果2011）","閲覧・謄本交付の可否":"閲覧・謄本交付可","成果状態":"正常（新設）","ワンストップ可否":"×","助言番号":"H17I0243","計画機関名":"延岡市","_sourceFile":"20260505_202211_Public.geojson","_sourceKind":"Public"}},{"type":"Feature","geometry":{"type":"Point","coordinates":[131.6487233611,32.5790884722]},"properties":{"_markerType":"Icon","_iconUrl":"https://service.gsi.go.jp/kijunten/contents/screen/point/images/Public/TR3.png","_iconSize":[20,20],"name":"10B09","成果ID":"2010802","種別":"街区多角点","作業内容":"新設","等級":"3級","水準点兼用コード":"兼用なし","点名":"10B09","成果区分":"世界測地系（測地成果2011）","閲覧・謄本交付の可否":"閲覧・謄本交付可","成果状態":"正常（新設）","ワンストップ可否":"×","助言番号":"H17I0243","計画機関名":"延岡市","_sourceFile":"20260505_202211_Public.geojson","_sourceKind":"Public"}},{"type":"Feature","geometry":{"type":"Point","coordinates":[131.6476866667,32.5768755278]},"properties":{"_markerType":"Icon","_iconUrl":"https://service.gsi.go.jp/kijunten/contents/screen/point/images/Public/TR3.png","_iconSize":[20,20],"name":"10B10","成果ID":"2010803","種別":"街区多角点","作業内容":"新設","等級":"3級","水準点兼用コード":"兼用なし","点名":"10B10","成果区分":"世界測地系（測地成果2011）","閲覧・謄本交付の可否":"閲覧・謄本交付可","成果状態":"正常（新設）","ワンストップ可否":"×","助言番号":"H17I0243","計画機関名":"延岡市","_sourceFile":"20260505_202211_Public.geojson","_sourceKind":"Public"}},{"type":"Feature","geometry":{"type":"Point","coordinates":[131.6459786111,32.5752793611]},"properties":{"_markerType":"Icon","_iconUrl":"https://service.gsi.go.jp/kijunten/contents/screen/point/images/Public/TR3.png","_iconSize":[20,20],"name":"10B11","成果ID":"2010804","種別":"街区多角点","作業内容":"新設","等級":"3級","水準点兼用コード":"兼用なし","点名":"10B11","成果区分":"世界測地系（測地成果2011）","閲覧・謄本交付の可否":"閲覧・謄本交付可","成果状態":"正常（新設）","ワンストップ可否":"×","助言番号":"H17I0243","計画機関名":"延岡市","_sourceFile":"20260505_202211_Public.geojson","_sourceKind":"Public"}},{"type":"Feature","geometry":{"type":"Point","coordinates":[131.6443715,32.5732482222]},"properties":{"_markerType":"Icon","_iconUrl":"https://service.gsi.go.jp/kijunten/contents/screen/point/images/Public/TR3.png","_iconSize":[20,20],"name":"10B12","成果ID":"2010805","種別":"街区多角点","作業内容":"新設","等級":"3級","水準点兼用コード":"兼用なし","点名":"10B12","成果区分":"世界測地系（測地成果2011）","閲覧・謄本交付の可否":"閲覧・謄本交付可","成果状態":"正常（新設）","ワンストップ可否":"×","助言番号":"H17I0243","計画機関名":"延岡市","_sourceFile":"20260505_202211_Public.geojson","_sourceKind":"Public"}},{"type":"Feature","geometry":{"type":"Point","coordinates":[131.6505804167,32.5782133333]},"properties":{"_markerType":"Icon","_iconUrl":"https://service.gsi.go.jp/kijunten/contents/screen/point/images/Public/TR3.png","_iconSize":[20,20],"name":"10B14","成果ID":"2010807","種別":"街区多角点","作業内容":"新設","等級":"3級","水準点兼用コード":"兼用なし","点名":"10B14","成果区分":"世界測地系（測地成果2011）","閲覧・謄本交付の可否":"閲覧・謄本交付可","成果状態":"正常（新設）","ワンストップ可否":"×","助言番号":"H17I0243","計画機関名":"延岡市","_sourceFile":"20260505_202211_Public.geojson","_sourceKind":"Public"}},{"type":"Feature","geometry":{"type":"Point","coordinates":[131.6500316111,32.5762486111]},"properties":{"_markerType":"Icon","_iconUrl":"https://service.gsi.go.jp/kijunten/contents/screen/point/images/Public/TR3.png","_iconSize":[20,20],"name":"10B15","成果ID":"2010808","種別":"街区多角点","作業内容":"新設","等級":"3級","水準点兼用コード":"兼用なし","点名":"10B15","成果区分":"世界測地系（測地成果2011）","閲覧・謄本交付の可否":"閲覧・謄本交付可","成果状態":"正常（新設）","ワンストップ可否":"×","助言番号":"H17I0243","計画機関名":"延岡市","_sourceFile":"20260505_202211_Public.geojson","_sourceKind":"Public"}},{"type":"Feature","geometry":{"type":"Point","coordinates":[131.6763031111,32.5775023611]},"properties":{"_markerType":"Icon","_iconUrl":"https://service.gsi.go.jp/kijunten/contents/screen/point/images/Public/TR3.png","_iconSize":[20,20],"name":"10B16","成果ID":"2010809","種別":"街区多角点","作業内容":"新設","等級":"3級","水準点兼用コード":"兼用なし","点名":"10B16","成果区分":"世界測地系（測地成果2011）","閲覧・謄本交付の可否":"閲覧・謄本交付可","成果状態":"正常（新設）","ワンストップ可否":"×","助言番号":"H17I0243","計画機関名":"延岡市","_sourceFile":"20260505_202211_Public.geojson","_sourceKind":"Public"}},{"type":"Feature","geometry":{"type":"Point","coordinates":[131.6452966667,32.5772276111]},"properties":{"_markerType":"Icon","_iconUrl":"https://service.gsi.go.jp/kijunten/contents/screen/point/images/Public/TR3.png","_iconSize":[20,20],"name":"10B17","成果ID":"2010810","種別":"街区多角点","作業内容":"新設","等級":"3級","水準点兼用コード":"兼用なし","点名":"10B17","成果区分":"世界測地系（測地成果2011）","閲覧・謄本交付の可否":"閲覧・謄本交付可","成果状態":"正常（新設）","ワンストップ可否":"×","助言番号":"H17I0243","計画機関名":"延岡市","_sourceFile":"20260505_202211_Public.geojson","_sourceKind":"Public"}},{"type":"Feature","geometry":{"type":"Point","coordinates":[131.6604640833,32.5767368056]},"properties":{"_markerType":"Icon","_iconUrl":"https://service.gsi.go.jp/kijunten/contents/screen/point/images/Public/TR3.png","_iconSize":[20,20],"name":"10B18","成果ID":"2010811","種別":"街区多角点","作業内容":"新設","等級":"3級","水準点兼用コード":"兼用なし","点名":"10B18","成果区分":"世界測地系（測地成果2011）","閲覧・謄本交付の可否":"閲覧・謄本交付可","成果状態":"正常（新設）","ワンストップ可否":"×","助言番号":"H17I0243","計画機関名":"延岡市","_sourceFile":"20260505_202211_Public.geojson","_sourceKind":"Public"}},{"type":"Feature","geometry":{"type":"Point","coordinates":[131.6534327778,32.5771141111]},"properties":{"_markerType":"Icon","_iconUrl":"https://service.gsi.go.jp/kijunten/contents/screen/point/images/Public/TR3.png","_iconSize":[20,20],"name":"10B20","成果ID":"2010813","種別":"街区多角点","作業内容":"新設","等級":"3級","水準点兼用コード":"兼用なし","点名":"10B20","成果区分":"世界測地系（測地成果2011）","閲覧・謄本交付の可否":"閲覧・謄本交付可","成果状態":"正常（新設）","ワンストップ可否":"×","助言番号":"H17I0243","計画機関名":"延岡市","_sourceFile":"20260505_202211_Public.geojson","_sourceKind":"Public"}},{"type":"Feature","geometry":{"type":"Point","coordinates":[131.6564863889,32.5765289722]},"properties":{"_markerType":"Icon","_iconUrl":"https://service.gsi.go.jp/kijunten/contents/screen/point/images/Public/TR3.png","_iconSize":[20,20],"name":"10B21","成果ID":"2010814","種別":"街区多角点","作業内容":"新設","等級":"3級","水準点兼用コード":"兼用なし","点名":"10B21","成果区分":"世界測地系（測地成果2011）","閲覧・謄本交付の可否":"閲覧・謄本交付可","成果状態":"正常（新設）","ワンストップ可否":"×","助言番号":"H17I0243","計画機関名":"延岡市","_sourceFile":"20260505_202211_Public.geojson","_sourceKind":"Public"}},{"type":"Feature","geometry":{"type":"Point","coordinates":[131.6397256389,32.5761696389]},"properties":{"_markerType":"Icon","_iconUrl":"https://service.gsi.go.jp/kijunten/contents/screen/point/images/Public/TR3.png","_iconSize":[20,20],"name":"10B24","成果ID":"2010817","種別":"街区多角点","作業内容":"新設","等級":"3級","水準点兼用コード":"兼用なし","点名":"10B24","成果区分":"世界測地系（測地成果2011）","閲覧・謄本交付の可否":"閲覧・謄本交付可","成果状態":"正常（新設）","ワンストップ可否":"×","助言番号":"H17I0243","計画機関名":"延岡市","_sourceFile":"20260505_202211_Public.geojson","_sourceKind":"Public"}},{"type":"Feature","geometry":{"type":"Point","coordinates":[131.6406889167,32.5740464167]},"properties":{"_markerType":"Icon","_iconUrl":"https://service.gsi.go.jp/kijunten/contents/screen/point/images/Public/TR3.png","_iconSize":[20,20],"name":"10B25","成果ID":"2010818","種別":"街区多角点","作業内容":"新設","等級":"3級","水準点兼用コード":"兼用なし","点名":"10B25","成果区分":"世界測地系（測地成果2011）","閲覧・謄本交付の可否":"閲覧・謄本交付可","成果状態":"正常（新設）","ワンストップ可否":"×","助言番号":"H17I0243","計画機関名":"延岡市","_sourceFile":"20260505_202211_Public.geojson","_sourceKind":"Public"}},{"type":"Feature","geometry":{"type":"Point","coordinates":[131.6422733333,32.5734049444]},"properties":{"_markerType":"Icon","_iconUrl":"https://service.gsi.go.jp/kijunten/contents/screen/point/images/Public/TR3.png","_iconSize":[20,20],"name":"10B26","成果ID":"2010819","種別":"街区多角点","作業内容":"新設","等級":"3級","水準点兼用コード":"兼用なし","点名":"10B26","成果区分":"世界測地系（測地成果2011）","閲覧・謄本交付の可否":"閲覧・謄本交付可","成果状態":"正常（新設）","ワンストップ可否":"×","助言番号":"H17I0243","計画機関名":"延岡市","_sourceFile":"20260505_202211_Public.geojson","_sourceKind":"Public"}},{"type":"Feature","geometry":{"type":"Point","coordinates":[131.6765489167,32.57576225]},"properties":{"_markerType":"Icon","_iconUrl":"https://service.gsi.go.jp/kijunten/contents/screen/point/images/Public/TR3.png","_iconSize":[20,20],"name":"10B27","成果ID":"2010820","種別":"街区多角点","作業内容":"新設","等級":"3級","水準点兼用コード":"兼用なし","点名":"10B27","成果区分":"世界測地系（測地成果2011）","閲覧・謄本交付の可否":"閲覧・謄本交付可","成果状態":"正常（新設）","ワンストップ可否":"×","助言番号":"H17I0243","計画機関名":"延岡市","_sourceFile":"20260505_202211_Public.geojson","_sourceKind":"Public"}},{"type":"Feature","geometry":{"type":"Point","coordinates":[131.6674069444,32.5751116389]},"properties":{"_markerType":"Icon","_iconUrl":"https://service.gsi.go.jp/kijunten/contents/screen/point/images/Public/TR3.png","_iconSize":[20,20],"name":"10B28","成果ID":"2010821","種別":"街区多角点","作業内容":"新設","等級":"3級","水準点兼用コード":"兼用なし","点名":"10B28","成果区分":"世界測地系（測地成果2011）","閲覧・謄本交付の可否":"閲覧・謄本交付可","成果状態":"正常（新設）","ワンストップ可否":"×","助言番号":"H17I0243","計画機関名":"延岡市","_sourceFile":"20260505_202211_Public.geojson","_sourceKind":"Public"}},{"type":"Feature","geometry":{"type":"Point","coordinates":[131.6536512778,32.5749741111]},"properties":{"_markerType":"Icon","_iconUrl":"https://service.gsi.go.jp/kijunten/contents/screen/point/images/Public/TR3.png","_iconSize":[20,20],"name":"10B29","成果ID":"2010822","種別":"街区多角点","作業内容":"新設","等級":"3級","水準点兼用コード":"兼用なし","点名":"10B29","成果区分":"世界測地系（測地成果2011）","閲覧・謄本交付の可否":"閲覧・謄本交付可","成果状態":"正常（新設）","ワンストップ可否":"×","助言番号":"H17I0243","計画機関名":"延岡市","_sourceFile":"20260505_202211_Public.geojson","_sourceKind":"Public"}},{"type":"Feature","geometry":{"type":"Point","coordinates":[131.6945968333,32.5739882778]},"properties":{"_markerType":"Icon","_iconUrl":"https://service.gsi.go.jp/kijunten/contents/screen/point/images/Public/TR3.png","_iconSize":[20,20],"name":"10B30","成果ID":"2010823","種別":"街区多角点","作業内容":"新設","等級":"3級","水準点兼用コード":"兼用なし","点名":"10B30","成果区分":"世界測地系（測地成果2011）","閲覧・謄本交付の可否":"閲覧・謄本交付可","成果状態":"正常（新設）","ワンストップ可否":"×","助言番号":"H17I0243","計画機関名":"延岡市","_sourceFile":"20260505_202211_Public.geojson","_sourceKind":"Public"}},{"type":"Feature","geometry":{"type":"Point","coordinates":[131.6925966944,32.5742274722]},"properties":{"_markerType":"Icon","_iconUrl":"https://service.gsi.go.jp/kijunten/contents/screen/point/images/Public/TR3.png","_iconSize":[20,20],"name":"10B31","成果ID":"2010824","種別":"街区多角点","作業内容":"新設","等級":"3級","水準点兼用コード":"兼用なし","点名":"10B31","成果区分":"世界測地系（測地成果2011）","閲覧・謄本交付の可否":"閲覧・謄本交付可","成果状態":"正常（新設）","ワンストップ可否":"×","助言番号":"H17I0243","計画機関名":"延岡市","_sourceFile":"20260505_202211_Public.geojson","_sourceKind":"Public"}},{"type":"Feature","geometry":{"type":"Point","coordinates":[131.6903677778,32.574148]},"properties":{"_markerType":"Icon","_iconUrl":"https://service.gsi.go.jp/kijunten/contents/screen/point/images/Public/TR3.png","_iconSize":[20,20],"name":"10B32","成果ID":"2010825","種別":"街区多角点","作業内容":"新設","等級":"3級","水準点兼用コード":"兼用なし","点名":"10B32","成果区分":"世界測地系（測地成果2011）","閲覧・謄本交付の可否":"閲覧・謄本交付可","成果状態":"正常（新設）","ワンストップ可否":"×","助言番号":"H17I0243","計画機関名":"延岡市","_sourceFile":"20260505_202211_Public.geojson","_sourceKind":"Public"}},{"type":"Feature","geometry":{"type":"Point","coordinates":[131.6891914167,32.5727587222]},"properties":{"_markerType":"Icon","_iconUrl":"https://service.gsi.go.jp/kijunten/contents/screen/point/images/Public/TR3.png","_iconSize":[20,20],"name":"10B33","成果ID":"2010826","種別":"街区多角点","作業内容":"新設","等級":"3級","水準点兼用コード":"兼用なし","点名":"10B33","成果区分":"世界測地系（測地成果2011）","閲覧・謄本交付の可否":"閲覧・謄本交付可","成果状態":"正常（新設）","ワンストップ可否":"×","助言番号":"H17I0243","計画機関名":"延岡市","_sourceFile":"20260505_202211_Public.geojson","_sourceKind":"Public"}},{"type":"Feature","geometry":{"type":"Point","coordinates":[131.6484399167,32.57410425]},"properties":{"_markerType":"Icon","_iconUrl":"https://service.gsi.go.jp/kijunten/contents/screen/point/images/Public/TR3.png","_iconSize":[20,20],"name":"10B34","成果ID":"2010827","種別":"街区多角点","作業内容":"新設","等級":"3級","水準点兼用コード":"兼用なし","点名":"10B34","成果区分":"世界測地系（測地成果2011）","閲覧・謄本交付の可否":"閲覧・謄本交付可","成果状態":"正常（新設）","ワンストップ可否":"×","助言番号":"H17I0243","計画機関名":"延岡市","_sourceFile":"20260505_202211_Public.geojson","_sourceKind":"Public"}},{"type":"Feature","geometry":{"type":"Point","coordinates":[131.6463955556,32.5732483056]},"properties":{"_markerType":"Icon","_iconUrl":"https://service.gsi.go.jp/kijunten/contents/screen/point/images/Public/TR3.png","_iconSize":[20,20],"name":"10B35","成果ID":"2010828","種別":"街区多角点","作業内容":"新設","等級":"3級","水準点兼用コード":"兼用なし","点名":"10B35","成果区分":"世界測地系（測地成果2011）","閲覧・謄本交付の可否":"閲覧・謄本交付可","成果状態":"正常（新設）","ワンストップ可否":"×","助言番号":"H17I0243","計画機関名":"延岡市","_sourceFile":"20260505_202211_Public.geojson","_sourceKind":"Public"}},{"type":"Feature","geometry":{"type":"Point","coordinates":[131.6380108056,32.5747209167]},"properties":{"_markerType":"Icon","_iconUrl":"https://service.gsi.go.jp/kijunten/contents/screen/point/images/Public/TR3.png","_iconSize":[20,20],"name":"10B36","成果ID":"2010829","種別":"街区多角点","作業内容":"新設","等級":"3級","水準点兼用コード":"兼用なし","点名":"10B36","成果区分":"世界測地系（測地成果2011）","閲覧・謄本交付の可否":"閲覧・謄本交付可","成果状態":"正常（新設）","ワンストップ可否":"×","助言番号":"H17I0243","計画機関名":"延岡市","_sourceFile":"20260505_202211_Public.geojson","_sourceKind":"Public"}},{"type":"Feature","geometry":{"type":"Point","coordinates":[131.6637974722,32.5736868333]},"properties":{"_markerType":"Icon","_iconUrl":"https://service.gsi.go.jp/kijunten/contents/screen/point/images/Public/TR3.png","_iconSize":[20,20],"name":"10B38","成果ID":"2010831","種別":"街区多角点","作業内容":"新設","等級":"3級","水準点兼用コード":"兼用なし","点名":"10B38","成果区分":"世界測地系（測地成果2011）","閲覧・謄本交付の可否":"閲覧・謄本交付可","成果状態":"正常（新設）","ワンストップ可否":"×","助言番号":"H17I0243","計画機関名":"延岡市","_sourceFile":"20260505_202211_Public.geojson","_sourceKind":"Public"}},{"type":"Feature","geometry":{"type":"Point","coordinates":[131.6711461111,32.5736173056]},"properties":{"_markerType":"Icon","_iconUrl":"https://service.gsi.go.jp/kijunten/contents/screen/point/images/Public/TR3.png","_iconSize":[20,20],"name":"10B39","成果ID":"2010832","種別":"街区多角点","作業内容":"新設","等級":"3級","水準点兼用コード":"兼用なし","点名":"10B39","成果区分":"世界測地系（測地成果2011）","閲覧・謄本交付の可否":"閲覧・謄本交付可","成果状態":"正常（新設）","ワンストップ可否":"×","助言番号":"H17I0243","計画機関名":"延岡市","_sourceFile":"20260505_202211_Public.geojson","_sourceKind":"Public"}},{"type":"Feature","geometry":{"type":"Point","coordinates":[131.6555830278,32.5731775278]},"properties":{"_markerType":"Icon","_iconUrl":"https://service.gsi.go.jp/kijunten/contents/screen/point/images/Public/TR3.png","_iconSize":[20,20],"name":"10B40","成果ID":"2010833","種別":"街区多角点","作業内容":"新設","等級":"3級","水準点兼用コード":"兼用なし","点名":"10B40","成果区分":"世界測地系（測地成果2011）","閲覧・謄本交付の可否":"閲覧・謄本交付可","成果状態":"正常（新設）","ワンストップ可否":"×","助言番号":"H17I0243","計画機関名":"延岡市","_sourceFile":"20260505_202211_Public.geojson","_sourceKind":"Public"}},{"type":"Feature","geometry":{"type":"Point","coordinates":[131.665927,32.572903]},"properties":{"_markerType":"Icon","_iconUrl":"https://service.gsi.go.jp/kijunten/contents/screen/point/images/Public/TR3.png","_iconSize":[20,20],"name":"10B42","成果ID":"2010835","種別":"街区多角点","作業内容":"新設","等級":"3級","水準点兼用コード":"兼用なし","点名":"10B42","成果区分":"世界測地系（測地成果2011）","閲覧・謄本交付の可否":"閲覧・謄本交付可","成果状態":"正常（新設）","ワンストップ可否":"×","助言番号":"H17I0243","計画機関名":"延岡市","_sourceFile":"20260505_202211_Public.geojson","_sourceKind":"Public"}},{"type":"Feature","geometry":{"type":"Point","coordinates":[131.6689794722,32.5726235]},"properties":{"_markerType":"Icon","_iconUrl":"https://service.gsi.go.jp/kijunten/contents/screen/point/images/Public/TR3.png","_iconSize":[20,20],"name":"10B43","成果ID":"2010836","種別":"街区多角点","作業内容":"新設","等級":"3級","水準点兼用コード":"兼用なし","点名":"10B43","成果区分":"世界測地系（測地成果2011）","閲覧・謄本交付の可否":"閲覧・謄本交付可","成果状態":"正常（新設）","ワンストップ可否":"×","助言番号":"H17I0243","計画機関名":"延岡市","_sourceFile":"20260505_202211_Public.geojson","_sourceKind":"Public"}},{"type":"Feature","geometry":{"type":"Point","coordinates":[131.6332255833,32.5719349444]},"properties":{"_markerType":"Icon","_iconUrl":"https://service.gsi.go.jp/kijunten/contents/screen/point/images/Public/TR3.png","_iconSize":[20,20],"name":"10B45","成果ID":"2010838","種別":"街区多角点","作業内容":"新設","等級":"3級","水準点兼用コード":"兼用なし","点名":"10B45","成果区分":"世界測地系（測地成果2011）","閲覧・謄本交付の可否":"閲覧・謄本交付可","成果状態":"正常（新設）","ワンストップ可否":"×","助言番号":"H17I0243","計画機関名":"延岡市","_sourceFile":"20260505_202211_Public.geojson","_sourceKind":"Public"}},{"type":"Feature","geometry":{"type":"Point","coordinates":[131.6901538333,32.57106875]},"properties":{"_markerType":"Icon","_iconUrl":"https://service.gsi.go.jp/kijunten/contents/screen/point/images/Public/TR3.png","_iconSize":[20,20],"name":"10B46","成果ID":"2010839","種別":"街区多角点","作業内容":"新設","等級":"3級","水準点兼用コード":"兼用なし","点名":"10B46","成果区分":"世界測地系（測地成果2011）","閲覧・謄本交付の可否":"閲覧・謄本交付可","成果状態":"正常（新設）","ワンストップ可否":"×","助言番号":"H17I0243","計画機関名":"延岡市","_sourceFile":"20260505_202211_Public.geojson","_sourceKind":"Public"}},{"type":"Feature","geometry":{"type":"Point","coordinates":[131.6640845833,32.5711090278]},"properties":{"_markerType":"Icon","_iconUrl":"https://service.gsi.go.jp/kijunten/contents/screen/point/images/Public/TR3.png","_iconSize":[20,20],"name":"10B47","成果ID":"2010840","種別":"街区多角点","作業内容":"新設","等級":"3級","水準点兼用コード":"兼用なし","点名":"10B47","成果区分":"世界測地系（測地成果2011）","閲覧・謄本交付の可否":"閲覧・謄本交付可","成果状態":"正常（新設）","ワンストップ可否":"×","助言番号":"H17I0243","計画機関名":"延岡市","_sourceFile":"20260505_202211_Public.geojson","_sourceKind":"Public"}},{"type":"Feature","geometry":{"type":"Point","coordinates":[131.66422125,32.5694045833]},"properties":{"_markerType":"Icon","_iconUrl":"https://service.gsi.go.jp/kijunten/contents/screen/point/images/Public/TR3.png","_iconSize":[20,20],"name":"10B48","成果ID":"2010841","種別":"街区多角点","作業内容":"新設","等級":"3級","水準点兼用コード":"兼用なし","点名":"10B48","成果区分":"世界測地系（測地成果2011）","閲覧・謄本交付の可否":"閲覧・謄本交付可","成果状態":"正常（新設）","ワンストップ可否":"×","助言番号":"H17I0243","計画機関名":"延岡市","_sourceFile":"20260505_202211_Public.geojson","_sourceKind":"Public"}},{"type":"Feature","geometry":{"type":"Point","coordinates":[131.6613304722,32.5710106111]},"properties":{"_markerType":"Icon","_iconUrl":"https://service.gsi.go.jp/kijunten/contents/screen/point/images/Public/TR3.png","_iconSize":[20,20],"name":"10B49","成果ID":"2010842","種別":"街区多角点","作業内容":"新設","等級":"3級","水準点兼用コード":"兼用なし","点名":"10B49","成果区分":"世界測地系（測地成果2011）","閲覧・謄本交付の可否":"閲覧・謄本交付可","成果状態":"正常（新設）","ワンストップ可否":"×","助言番号":"H17I0243","計画機関名":"延岡市","_sourceFile":"20260505_202211_Public.geojson","_sourceKind":"Public"}},{"type":"Feature","geometry":{"type":"Point","coordinates":[131.6613537222,32.5693630278]},"properties":{"_markerType":"Icon","_iconUrl":"https://service.gsi.go.jp/kijunten/contents/screen/point/images/Public/TR3.png","_iconSize":[20,20],"name":"10B50","成果ID":"2010843","種別":"街区多角点","作業内容":"新設","等級":"3級","水準点兼用コード":"兼用なし","点名":"10B50","成果区分":"世界測地系（測地成果2011）","閲覧・謄本交付の可否":"閲覧・謄本交付可","成果状態":"正常（新設）","ワンストップ可否":"×","助言番号":"H17I0243","計画機関名":"延岡市","_sourceFile":"20260505_202211_Public.geojson","_sourceKind":"Public"}},{"type":"Feature","geometry":{"type":"Point","coordinates":[131.6616834722,32.5662318611]},"properties":{"_markerType":"Icon","_iconUrl":"https://service.gsi.go.jp/kijunten/contents/screen/point/images/Public/TR3.png","_iconSize":[20,20],"name":"10B51","成果ID":"2010844","種別":"街区多角点","作業内容":"新設","等級":"3級","水準点兼用コード":"兼用なし","点名":"10B51","成果区分":"世界測地系（測地成果2011）","閲覧・謄本交付の可否":"閲覧・謄本交付可","成果状態":"正常（新設）","ワンストップ可否":"×","助言番号":"H17I0243","計画機関名":"延岡市","_sourceFile":"20260505_202211_Public.geojson","_sourceKind":"Public"}},{"type":"Feature","geometry":{"type":"Point","coordinates":[131.6512899444,32.5709295556]},"properties":{"_markerType":"Icon","_iconUrl":"https://service.gsi.go.jp/kijunten/contents/screen/point/images/Public/TR3.png","_iconSize":[20,20],"name":"10B52","成果ID":"2010845","種別":"街区多角点","作業内容":"新設","等級":"3級","水準点兼用コード":"兼用なし","点名":"10B52","成果区分":"世界測地系（測地成果2011）","閲覧・謄本交付の可否":"閲覧・謄本交付可","成果状態":"正常（新設）","ワンストップ可否":"×","助言番号":"H17I0243","計画機関名":"延岡市","_sourceFile":"20260505_202211_Public.geojson","_sourceKind":"Public"}},{"type":"Feature","geometry":{"type":"Point","coordinates":[131.6576914167,32.5708538056]},"properties":{"_markerType":"Icon","_iconUrl":"https://service.gsi.go.jp/kijunten/contents/screen/point/images/Public/TR3.png","_iconSize":[20,20],"name":"10B53","成果ID":"2010846","種別":"街区多角点","作業内容":"新設","等級":"3級","水準点兼用コード":"兼用なし","点名":"10B53","成果区分":"世界測地系（測地成果2011）","閲覧・謄本交付の可否":"閲覧・謄本交付可","成果状態":"正常（新設）","ワンストップ可否":"×","助言番号":"H17I0243","計画機関名":"延岡市","_sourceFile":"20260505_202211_Public.geojson","_sourceKind":"Public"}},{"type":"Feature","geometry":{"type":"Point","coordinates":[131.6562315,32.5689246667]},"properties":{"_markerType":"Icon","_iconUrl":"https://service.gsi.go.jp/kijunten/contents/screen/point/images/Public/TR3.png","_iconSize":[20,20],"name":"10B54","成果ID":"2010847","種別":"街区多角点","作業内容":"新設","等級":"3級","水準点兼用コード":"兼用なし","点名":"10B54","成果区分":"世界測地系（測地成果2011）","閲覧・謄本交付の可否":"閲覧・謄本交付可","成果状態":"正常（新設）","ワンストップ可否":"×","助言番号":"H17I0243","計画機関名":"延岡市","_sourceFile":"20260505_202211_Public.geojson","_sourceKind":"Public"}},{"type":"Feature","geometry":{"type":"Point","coordinates":[131.6930532778,32.5701843056]},"properties":{"_markerType":"Icon","_iconUrl":"https://service.gsi.go.jp/kijunten/contents/screen/point/images/Public/TR3.png","_iconSize":[20,20],"name":"10B55","成果ID":"2010848","種別":"街区多角点","作業内容":"新設","等級":"3級","水準点兼用コード":"兼用なし","点名":"10B55","成果区分":"世界測地系（測地成果2011）","閲覧・謄本交付の可否":"閲覧・謄本交付可","成果状態":"正常（新設）","ワンストップ可否":"×","助言番号":"H17I0243","計画機関名":"延岡市","_sourceFile":"20260505_202211_Public.geojson","_sourceKind":"Public"}},{"type":"Feature","geometry":{"type":"Point","coordinates":[131.67243925,32.5697191667]},"properties":{"_markerType":"Icon","_iconUrl":"https://service.gsi.go.jp/kijunten/contents/screen/point/images/Public/TR3.png","_iconSize":[20,20],"name":"10B56","成果ID":"2010849","種別":"街区多角点","作業内容":"新設","等級":"3級","水準点兼用コード":"兼用なし","点名":"10B56","成果区分":"世界測地系（測地成果2011）","閲覧・謄本交付の可否":"閲覧・謄本交付可","成果状態":"正常（新設）","ワンストップ可否":"×","助言番号":"H17I0243","計画機関名":"延岡市","_sourceFile":"20260505_202211_Public.geojson","_sourceKind":"Public"}},{"type":"Feature","geometry":{"type":"Point","coordinates":[131.6686514444,32.5696268056]},"properties":{"_markerType":"Icon","_iconUrl":"https://service.gsi.go.jp/kijunten/contents/screen/point/images/Public/TR3.png","_iconSize":[20,20],"name":"10B57","成果ID":"2010850","種別":"街区多角点","作業内容":"新設","等級":"3級","水準点兼用コード":"兼用なし","点名":"10B57","成果区分":"世界測地系（測地成果2011）","閲覧・謄本交付の可否":"閲覧・謄本交付可","成果状態":"正常（新設）","ワンストップ可否":"×","助言番号":"H17I0243","計画機関名":"延岡市","_sourceFile":"20260505_202211_Public.geojson","_sourceKind":"Public"}},{"type":"Feature","geometry":{"type":"Point","coordinates":[131.6436785556,32.5703474444]},"properties":{"_markerType":"Icon","_iconUrl":"https://service.gsi.go.jp/kijunten/contents/screen/point/images/Public/TR3.png","_iconSize":[20,20],"name":"10B58","成果ID":"2010851","種別":"街区多角点","作業内容":"新設","等級":"3級","水準点兼用コード":"兼用なし","点名":"10B58","成果区分":"世界測地系（測地成果2011）","閲覧・謄本交付の可否":"閲覧・謄本交付可","成果状態":"正常（新設）","ワンストップ可否":"×","助言番号":"H17I0243","計画機関名":"延岡市","_sourceFile":"20260505_202211_Public.geojson","_sourceKind":"Public"}},{"type":"Feature","geometry":{"type":"Point","coordinates":[131.6446135556,32.5682937778]},"properties":{"_markerType":"Icon","_iconUrl":"https://service.gsi.go.jp/kijunten/contents/screen/point/images/Public/TR3.png","_iconSize":[20,20],"name":"10B59","成果ID":"2010852","種別":"街区多角点","作業内容":"新設","等級":"3級","水準点兼用コード":"兼用なし","点名":"10B59","成果区分":"世界測地系（測地成果2011）","閲覧・謄本交付の可否":"閲覧・謄本交付可","成果状態":"正常（新設）","ワンストップ可否":"×","助言番号":"H17I0243","計画機関名":"延岡市","_sourceFile":"20260505_202211_Public.geojson","_sourceKind":"Public"}},{"type":"Feature","geometry":{"type":"Point","coordinates":[131.6450814167,32.5657416667]},"properties":{"_markerType":"Icon","_iconUrl":"https://service.gsi.go.jp/kijunten/contents/screen/point/images/Public/TR3.png","_iconSize":[20,20],"name":"10B60","成果ID":"2010853","種別":"街区多角点","作業内容":"新設","等級":"3級","水準点兼用コード":"兼用なし","点名":"10B60","成果区分":"世界測地系（測地成果2011）","閲覧・謄本交付の可否":"閲覧・謄本交付可","成果状態":"正常（新設）","ワンストップ可否":"×","助言番号":"H17I0243","計画機関名":"延岡市","_sourceFile":"20260505_202211_Public.geojson","_sourceKind":"Public"}},{"type":"Feature","geometry":{"type":"Point","coordinates":[131.6480096111,32.5692444167]},"properties":{"_markerType":"Icon","_iconUrl":"https://service.gsi.go.jp/kijunten/contents/screen/point/images/Public/TR3.png","_iconSize":[20,20],"name":"10B61","成果ID":"2010854","種別":"街区多角点","作業内容":"新設","等級":"3級","水準点兼用コード":"兼用なし","点名":"10B61","成果区分":"世界測地系（測地成果2011）","閲覧・謄本交付の可否":"閲覧・謄本交付可","成果状態":"正常（新設）","ワンストップ可否":"×","助言番号":"H17I0243","計画機関名":"延岡市","_sourceFile":"20260505_202211_Public.geojson","_sourceKind":"Public"}},{"type":"Feature","geometry":{"type":"Point","coordinates":[131.6582500833,32.5692328333]},"properties":{"_markerType":"Icon","_iconUrl":"https://service.gsi.go.jp/kijunten/contents/screen/point/images/Public/TR3.png","_iconSize":[20,20],"name":"10B62","成果ID":"2010855","種別":"街区多角点","作業内容":"新設","等級":"3級","水準点兼用コード":"兼用なし","点名":"10B62","成果区分":"世界測地系（測地成果2011）","閲覧・謄本交付の可否":"閲覧・謄本交付可","成果状態":"正常（新設）","ワンストップ可否":"×","助言番号":"H17I0243","計画機関名":"延岡市","_sourceFile":"20260505_202211_Public.geojson","_sourceKind":"Public"}},{"type":"Feature","geometry":{"type":"Point","coordinates":[131.6585587222,32.5675309444]},"properties":{"_markerType":"Icon","_iconUrl":"https://service.gsi.go.jp/kijunten/contents/screen/point/images/Public/TR3.png","_iconSize":[20,20],"name":"10B63","成果ID":"2010856","種別":"街区多角点","作業内容":"新設","等級":"3級","水準点兼用コード":"兼用なし","点名":"10B63","成果区分":"世界測地系（測地成果2011）","閲覧・謄本交付の可否":"閲覧・謄本交付可","成果状態":"正常（新設）","ワンストップ可否":"×","助言番号":"H17I0243","計画機関名":"延岡市","_sourceFile":"20260505_202211_Public.geojson","_sourceKind":"Public"}},{"type":"Feature","geometry":{"type":"Point","coordinates":[131.6564495556,32.5665766389]},"properties":{"_markerType":"Icon","_iconUrl":"https://service.gsi.go.jp/kijunten/contents/screen/point/images/Public/TR3.png","_iconSize":[20,20],"name":"10B64","成果ID":"2010857","種別":"街区多角点","作業内容":"新設","等級":"3級","水準点兼用コード":"兼用なし","点名":"10B64","成果区分":"世界測地系（測地成果2011）","閲覧・謄本交付の可否":"閲覧・謄本交付可","成果状態":"正常（新設）","ワンストップ可否":"×","助言番号":"H17I0243","計画機関名":"延岡市","_sourceFile":"20260505_202211_Public.geojson","_sourceKind":"Public"}},{"type":"Feature","geometry":{"type":"Point","coordinates":[131.6428435,32.5683768611]},"properties":{"_markerType":"Icon","_iconUrl":"https://service.gsi.go.jp/kijunten/contents/screen/point/images/Public/TR3.png","_iconSize":[20,20],"name":"10B67","成果ID":"2010860","種別":"街区多角点","作業内容":"新設","等級":"3級","水準点兼用コード":"兼用なし","点名":"10B67","成果区分":"世界測地系（測地成果2011）","閲覧・謄本交付の可否":"閲覧・謄本交付可","成果状態":"正常（新設）","ワンストップ可否":"×","助言番号":"H17I0243","計画機関名":"延岡市","_sourceFile":"20260505_202211_Public.geojson","_sourceKind":"Public"}},{"type":"Feature","geometry":{"type":"Point","coordinates":[131.6388333056,32.567165]},"properties":{"_markerType":"Icon","_iconUrl":"https://service.gsi.go.jp/kijunten/contents/screen/point/images/Public/TR3.png","_iconSize":[20,20],"name":"10B69","成果ID":"2010862","種別":"街区多角点","作業内容":"新設","等級":"3級","水準点兼用コード":"兼用なし","点名":"10B69","成果区分":"世界測地系（測地成果2011）","閲覧・謄本交付の可否":"閲覧・謄本交付可","成果状態":"正常（新設）","ワンストップ可否":"×","助言番号":"H17I0243","計画機関名":"延岡市","_sourceFile":"20260505_202211_Public.geojson","_sourceKind":"Public"}},{"type":"Feature","geometry":{"type":"Point","coordinates":[131.6785948611,32.5670076667]},"properties":{"_markerType":"Icon","_iconUrl":"https://service.gsi.go.jp/kijunten/contents/screen/point/images/Public/TR3.png","_iconSize":[20,20],"name":"10B70","成果ID":"2010863","種別":"街区多角点","作業内容":"新設","等級":"3級","水準点兼用コード":"兼用なし","点名":"10B70","成果区分":"世界測地系（測地成果2011）","閲覧・謄本交付の可否":"閲覧・謄本交付可","成果状態":"正常（新設）","ワンストップ可否":"×","助言番号":"H17I0243","計画機関名":"延岡市","_sourceFile":"20260505_202211_Public.geojson","_sourceKind":"Public"}},{"type":"Feature","geometry":{"type":"Point","coordinates":[131.6716145556,32.5660375]},"properties":{"_markerType":"Icon","_iconUrl":"https://service.gsi.go.jp/kijunten/contents/screen/point/images/Public/TR3.png","_iconSize":[20,20],"name":"10B71","成果ID":"2010864","種別":"街区多角点","作業内容":"新設","等級":"3級","水準点兼用コード":"兼用なし","点名":"10B71","成果区分":"世界測地系（測地成果2011）","閲覧・謄本交付の可否":"閲覧・謄本交付可","成果状態":"正常（新設）","ワンストップ可否":"×","助言番号":"H17I0243","計画機関名":"延岡市","_sourceFile":"20260505_202211_Public.geojson","_sourceKind":"Public"}},{"type":"Feature","geometry":{"type":"Point","coordinates":[131.6679695556,32.5662557778]},"properties":{"_markerType":"Icon","_iconUrl":"https://service.gsi.go.jp/kijunten/contents/screen/point/images/Public/TR3.png","_iconSize":[20,20],"name":"10B72","成果ID":"2010865","種別":"街区多角点","作業内容":"新設","等級":"3級","水準点兼用コード":"兼用なし","点名":"10B72","成果区分":"世界測地系（測地成果2011）","閲覧・謄本交付の可否":"閲覧・謄本交付可","成果状態":"正常（新設）","ワンストップ可否":"×","助言番号":"H17I0243","計画機関名":"延岡市","_sourceFile":"20260505_202211_Public.geojson","_sourceKind":"Public"}},{"type":"Feature","geometry":{"type":"Point","coordinates":[131.6662794167,32.5657074167]},"properties":{"_markerType":"Icon","_iconUrl":"https://service.gsi.go.jp/kijunten/contents/screen/point/images/Public/TR3.png","_iconSize":[20,20],"name":"10B73","成果ID":"2010866","種別":"街区多角点","作業内容":"新設","等級":"3級","水準点兼用コード":"兼用なし","点名":"10B73","成果区分":"世界測地系（測地成果2011）","閲覧・謄本交付の可否":"閲覧・謄本交付可","成果状態":"正常（新設）","ワンストップ可否":"×","助言番号":"H17I0243","計画機関名":"延岡市","_sourceFile":"20260505_202211_Public.geojson","_sourceKind":"Public"}},{"type":"Feature","geometry":{"type":"Point","coordinates":[131.6744808889,32.5656531667]},"properties":{"_markerType":"Icon","_iconUrl":"https://service.gsi.go.jp/kijunten/contents/screen/point/images/Public/TR3.png","_iconSize":[20,20],"name":"10B74","成果ID":"2010867","種別":"街区多角点","作業内容":"新設","等級":"3級","水準点兼用コード":"兼用なし","点名":"10B74","成果区分":"世界測地系（測地成果2011）","閲覧・謄本交付の可否":"閲覧・謄本交付可","成果状態":"正常（新設）","ワンストップ可否":"×","助言番号":"H17I0243","計画機関名":"延岡市","_sourceFile":"20260505_202211_Public.geojson","_sourceKind":"Public"}},{"type":"Feature","geometry":{"type":"Point","coordinates":[131.6313630556,32.5664923889]},"properties":{"_markerType":"Icon","_iconUrl":"https://service.gsi.go.jp/kijunten/contents/screen/point/images/Public/TR3.png","_iconSize":[20,20],"name":"10B75","成果ID":"2010868","種別":"街区多角点","作業内容":"新設","等級":"3級","水準点兼用コード":"兼用なし","点名":"10B75","成果区分":"世界測地系（測地成果2011）","閲覧・謄本交付の可否":"閲覧・謄本交付可","成果状態":"正常（新設）","ワンストップ可否":"×","助言番号":"H17I0243","計画機関名":"延岡市","_sourceFile":"20260505_202211_Public.geojson","_sourceKind":"Public"}},{"type":"Feature","geometry":{"type":"Point","coordinates":[131.6328781944,32.5663224167]},"properties":{"_markerType":"Icon","_iconUrl":"https://service.gsi.go.jp/kijunten/contents/screen/point/images/Public/TR3.png","_iconSize":[20,20],"name":"10B76","成果ID":"2010869","種別":"街区多角点","作業内容":"新設","等級":"3級","水準点兼用コード":"兼用なし","点名":"10B76","成果区分":"世界測地系（測地成果2011）","閲覧・謄本交付の可否":"閲覧・謄本交付可","成果状態":"正常（新設）","ワンストップ可否":"×","助言番号":"H17I0243","計画機関名":"延岡市","_sourceFile":"20260505_202211_Public.geojson","_sourceKind":"Public"}},{"type":"Feature","geometry":{"type":"Point","coordinates":[131.6421365833,32.5665110833]},"properties":{"_markerType":"Icon","_iconUrl":"https://service.gsi.go.jp/kijunten/contents/screen/point/images/Public/TR3.png","_iconSize":[20,20],"name":"10B77","成果ID":"2010870","種別":"街区多角点","作業内容":"新設","等級":"3級","水準点兼用コード":"兼用なし","点名":"10B77","成果区分":"世界測地系（測地成果2011）","閲覧・謄本交付の可否":"閲覧・謄本交付可","成果状態":"正常（新設）","ワンストップ可否":"×","助言番号":"H17I0243","計画機関名":"延岡市","_sourceFile":"20260505_202211_Public.geojson","_sourceKind":"Public"}},{"type":"Feature","geometry":{"type":"Point","coordinates":[131.6769679444,32.5640652222]},"properties":{"_markerType":"Icon","_iconUrl":"https://service.gsi.go.jp/kijunten/contents/screen/point/images/Public/TR3.png","_iconSize":[20,20],"name":"10B78","成果ID":"2010871","種別":"街区多角点","作業内容":"新設","等級":"3級","水準点兼用コード":"兼用なし","点名":"10B78","成果区分":"世界測地系（測地成果2011）","閲覧・謄本交付の可否":"閲覧・謄本交付可","成果状態":"正常（新設）","ワンストップ可否":"×","助言番号":"H17I0243","計画機関名":"延岡市","_sourceFile":"20260505_202211_Public.geojson","_sourceKind":"Public"}},{"type":"Feature","geometry":{"type":"Point","coordinates":[131.6795920556,32.5632130833]},"properties":{"_markerType":"Icon","_iconUrl":"https://service.gsi.go.jp/kijunten/contents/screen/point/images/Public/TR3.png","_iconSize":[20,20],"name":"10B79","成果ID":"2010872","種別":"街区多角点","作業内容":"新設","等級":"3級","水準点兼用コード":"兼用なし","点名":"10B79","成果区分":"世界測地系（測地成果2011）","閲覧・謄本交付の可否":"閲覧・謄本交付可","成果状態":"正常（新設）","ワンストップ可否":"×","助言番号":"H17I0243","計画機関名":"延岡市","_sourceFile":"20260505_202211_Public.geojson","_sourceKind":"Public"}},{"type":"Feature","geometry":{"type":"Point","coordinates":[131.6821762778,32.5626421667]},"properties":{"_markerType":"Icon","_iconUrl":"https://service.gsi.go.jp/kijunten/contents/screen/point/images/Public/TR3.png","_iconSize":[20,20],"name":"10B80","成果ID":"2010873","種別":"街区多角点","作業内容":"新設","等級":"3級","水準点兼用コード":"兼用なし","点名":"10B80","成果区分":"世界測地系（測地成果2011）","閲覧・謄本交付の可否":"閲覧・謄本交付可","成果状態":"正常（新設）","ワンストップ可否":"×","助言番号":"H17I0243","計画機関名":"延岡市","_sourceFile":"20260505_202211_Public.geojson","_sourceKind":"Public"}},{"type":"Feature","geometry":{"type":"Point","coordinates":[131.6555182222,32.5654122778]},"properties":{"_markerType":"Icon","_iconUrl":"https://service.gsi.go.jp/kijunten/contents/screen/point/images/Public/TR3.png","_iconSize":[20,20],"name":"10B81","成果ID":"2010874","種別":"街区多角点","作業内容":"新設","等級":"3級","水準点兼用コード":"兼用なし","点名":"10B81","成果区分":"世界測地系（測地成果2011）","閲覧・謄本交付の可否":"閲覧・謄本交付可","成果状態":"正常（新設）","ワンストップ可否":"×","助言番号":"H17I0243","計画機関名":"延岡市","_sourceFile":"20260505_202211_Public.geojson","_sourceKind":"Public"}},{"type":"Feature","geometry":{"type":"Point","coordinates":[131.6406406389,32.5655578611]},"properties":{"_markerType":"Icon","_iconUrl":"https://service.gsi.go.jp/kijunten/contents/screen/point/images/Public/TR3.png","_iconSize":[20,20],"name":"10B82","成果ID":"2010875","種別":"街区多角点","作業内容":"新設","等級":"3級","水準点兼用コード":"兼用なし","点名":"10B82","成果区分":"世界測地系（測地成果2011）","閲覧・謄本交付の可否":"閲覧・謄本交付可","成果状態":"正常（新設）","ワンストップ可否":"×","助言番号":"H17I0243","計画機関名":"延岡市","_sourceFile":"20260505_202211_Public.geojson","_sourceKind":"Public"}},{"type":"Feature","geometry":{"type":"Point","coordinates":[131.6583349444,32.5653162778]},"properties":{"_markerType":"Icon","_iconUrl":"https://service.gsi.go.jp/kijunten/contents/screen/point/images/Public/TR3.png","_iconSize":[20,20],"name":"10B83","成果ID":"2010876","種別":"街区多角点","作業内容":"新設","等級":"3級","水準点兼用コード":"兼用なし","点名":"10B83","成果区分":"世界測地系（測地成果2011）","閲覧・謄本交付の可否":"閲覧・謄本交付可","成果状態":"正常（新設）","ワンストップ可否":"×","助言番号":"H17I0243","計画機関名":"延岡市","_sourceFile":"20260505_202211_Public.geojson","_sourceKind":"Public"}},{"type":"Feature","geometry":{"type":"Point","coordinates":[131.6569389444,32.5647803056]},"properties":{"_markerType":"Icon","_iconUrl":"https://service.gsi.go.jp/kijunten/contents/screen/point/images/Public/TR3.png","_iconSize":[20,20],"name":"10B84","成果ID":"2010877","種別":"街区多角点","作業内容":"新設","等級":"3級","水準点兼用コード":"兼用なし","点名":"10B84","成果区分":"世界測地系（測地成果2011）","閲覧・謄本交付の可否":"閲覧・謄本交付可","成果状態":"正常（新設）","ワンストップ可否":"×","助言番号":"H17I0243","計画機関名":"延岡市","_sourceFile":"20260505_202211_Public.geojson","_sourceKind":"Public"}},{"type":"Feature","geometry":{"type":"Point","coordinates":[131.6743340556,32.5628110556]},"properties":{"_markerType":"Icon","_iconUrl":"https://service.gsi.go.jp/kijunten/contents/screen/point/images/Public/TR3.png","_iconSize":[20,20],"name":"10B85","成果ID":"2010878","種別":"街区多角点","作業内容":"新設","等級":"3級","水準点兼用コード":"兼用なし","点名":"10B85","成果区分":"世界測地系（測地成果2011）","閲覧・謄本交付の可否":"閲覧・謄本交付可","成果状態":"正常（新設）","ワンストップ可否":"×","助言番号":"H17I0243","計画機関名":"延岡市","_sourceFile":"20260505_202211_Public.geojson","_sourceKind":"Public"}},{"type":"Feature","geometry":{"type":"Point","coordinates":[131.675916,32.5620808889]},"properties":{"_markerType":"Icon","_iconUrl":"https://service.gsi.go.jp/kijunten/contents/screen/point/images/Public/TR3.png","_iconSize":[20,20],"name":"10B86","成果ID":"2010879","種別":"街区多角点","作業内容":"新設","等級":"3級","水準点兼用コード":"兼用なし","点名":"10B86","成果区分":"世界測地系（測地成果2011）","閲覧・謄本交付の可否":"閲覧・謄本交付可","成果状態":"正常（新設）","ワンストップ可否":"×","助言番号":"H17I0243","計画機関名":"延岡市","_sourceFile":"20260505_202211_Public.geojson","_sourceKind":"Public"}},{"type":"Feature","geometry":{"type":"Point","coordinates":[131.6847050556,32.5617798056]},"properties":{"_markerType":"Icon","_iconUrl":"https://service.gsi.go.jp/kijunten/contents/screen/point/images/Public/TR3.png","_iconSize":[20,20],"name":"10B87","成果ID":"2010880","種別":"街区多角点","作業内容":"新設","等級":"3級","水準点兼用コード":"兼用なし","点名":"10B87","成果区分":"世界測地系（測地成果2011）","閲覧・謄本交付の可否":"閲覧・謄本交付可","成果状態":"正常（新設）","ワンストップ可否":"×","助言番号":"H17I0243","計画機関名":"延岡市","_sourceFile":"20260505_202211_Public.geojson","_sourceKind":"Public"}},{"type":"Feature","geometry":{"type":"Point","coordinates":[131.6841765833,32.5598496667]},"properties":{"_markerType":"Icon","_iconUrl":"https://service.gsi.go.jp/kijunten/contents/screen/point/images/Public/TR3.png","_iconSize":[20,20],"name":"10B88","成果ID":"2010881","種別":"街区多角点","作業内容":"新設","等級":"3級","水準点兼用コード":"兼用なし","点名":"10B88","成果区分":"世界測地系（測地成果2011）","閲覧・謄本交付の可否":"閲覧・謄本交付可","成果状態":"正常（新設）","ワンストップ可否":"×","助言番号":"H17I0243","計画機関名":"延岡市","_sourceFile":"20260505_202211_Public.geojson","_sourceKind":"Public"}},{"type":"Feature","geometry":{"type":"Point","coordinates":[131.6739480833,32.5611235278]},"properties":{"_markerType":"Icon","_iconUrl":"https://service.gsi.go.jp/kijunten/contents/screen/point/images/Public/TR3.png","_iconSize":[20,20],"name":"10B89","成果ID":"2010882","種別":"街区多角点","作業内容":"新設","等級":"3級","水準点兼用コード":"兼用なし","点名":"10B89","成果区分":"世界測地系（測地成果2011）","閲覧・謄本交付の可否":"閲覧・謄本交付可","成果状態":"正常（新設）","ワンストップ可否":"×","助言番号":"H17I0243","計画機関名":"延岡市","_sourceFile":"20260505_202211_Public.geojson","_sourceKind":"Public"}},{"type":"Feature","geometry":{"type":"Point","coordinates":[131.6820895,32.5605245278]},"properties":{"_markerType":"Icon","_iconUrl":"https://service.gsi.go.jp/kijunten/contents/screen/point/images/Public/TR3.png","_iconSize":[20,20],"name":"10B90","成果ID":"2010883","種別":"街区多角点","作業内容":"新設","等級":"3級","水準点兼用コード":"兼用なし","点名":"10B90","成果区分":"世界測地系（測地成果2011）","閲覧・謄本交付の可否":"閲覧・謄本交付可","成果状態":"正常（新設）","ワンストップ可否":"×","助言番号":"H17I0243","計画機関名":"延岡市","_sourceFile":"20260505_202211_Public.geojson","_sourceKind":"Public"}},{"type":"Feature","geometry":{"type":"Point","coordinates":[131.6828193056,32.5591325556]},"properties":{"_markerType":"Icon","_iconUrl":"https://service.gsi.go.jp/kijunten/contents/screen/point/images/Public/TR3.png","_iconSize":[20,20],"name":"10B91","成果ID":"2010884","種別":"街区多角点","作業内容":"新設","等級":"3級","水準点兼用コード":"兼用なし","点名":"10B91","成果区分":"世界測地系（測地成果2011）","閲覧・謄本交付の可否":"閲覧・謄本交付可","成果状態":"正常（新設）","ワンストップ可否":"×","助言番号":"H17I0243","計画機関名":"延岡市","_sourceFile":"20260505_202211_Public.geojson","_sourceKind":"Public"}},{"type":"Feature","geometry":{"type":"Point","coordinates":[131.6789584167,32.5604541389]},"properties":{"_markerType":"Icon","_iconUrl":"https://service.gsi.go.jp/kijunten/contents/screen/point/images/Public/TR3.png","_iconSize":[20,20],"name":"10B92","成果ID":"2010885","種別":"街区多角点","作業内容":"新設","等級":"3級","水準点兼用コード":"兼用なし","点名":"10B92","成果区分":"世界測地系（測地成果2011）","閲覧・謄本交付の可否":"閲覧・謄本交付可","成果状態":"正常（新設）","ワンストップ可否":"×","助言番号":"H17I0243","計画機関名":"延岡市","_sourceFile":"20260505_202211_Public.geojson","_sourceKind":"Public"}},{"type":"Feature","geometry":{"type":"Point","coordinates":[131.6732991667,32.5560549167]},"properties":{"_markerType":"Icon","_iconUrl":"https://service.gsi.go.jp/kijunten/contents/screen/point/images/Public/TR3.png","_iconSize":[20,20],"name":"10B95","成果ID":"2010888","種別":"街区多角点","作業内容":"新設","等級":"3級","水準点兼用コード":"兼用なし","点名":"10B95","成果区分":"世界測地系（測地成果2011）","閲覧・謄本交付の可否":"閲覧・謄本交付可","成果状態":"正常（新設）","ワンストップ可否":"×","助言番号":"H17I0243","計画機関名":"延岡市","_sourceFile":"20260505_202211_Public.geojson","_sourceKind":"Public"}},{"type":"Feature","geometry":{"type":"Point","coordinates":[131.6710351667,32.5550099722]},"properties":{"_markerType":"Icon","_iconUrl":"https://service.gsi.go.jp/kijunten/contents/screen/point/images/Public/TR3.png","_iconSize":[20,20],"name":"10B96","成果ID":"2010889","種別":"街区多角点","作業内容":"新設","等級":"3級","水準点兼用コード":"兼用なし","点名":"10B96","成果区分":"世界測地系（測地成果2011）","閲覧・謄本交付の可否":"閲覧・謄本交付可","成果状態":"正常（新設）","ワンストップ可否":"×","助言番号":"H17I0243","計画機関名":"延岡市","_sourceFile":"20260505_202211_Public.geojson","_sourceKind":"Public"}},{"type":"Feature","geometry":{"type":"Point","coordinates":[131.6681175833,32.55380875]},"properties":{"_markerType":"Icon","_iconUrl":"https://service.gsi.go.jp/kijunten/contents/screen/point/images/Public/TR3.png","_iconSize":[20,20],"name":"10B97","成果ID":"2010890","種別":"街区多角点","作業内容":"新設","等級":"3級","水準点兼用コード":"兼用なし","点名":"10B97","成果区分":"世界測地系（測地成果2011）","閲覧・謄本交付の可否":"閲覧・謄本交付可","成果状態":"正常（新設）","ワンストップ可否":"×","助言番号":"H17I0243","計画機関名":"延岡市","_sourceFile":"20260505_202211_Public.geojson","_sourceKind":"Public"}},{"type":"Feature","geometry":{"type":"Point","coordinates":[131.6826924722,32.55692425]},"properties":{"_markerType":"Icon","_iconUrl":"https://service.gsi.go.jp/kijunten/contents/screen/point/images/Public/TR3.png","_iconSize":[20,20],"name":"10B98","成果ID":"2010891","種別":"街区多角点","作業内容":"新設","等級":"3級","水準点兼用コード":"兼用なし","点名":"10B98","成果区分":"世界測地系（測地成果2011）","閲覧・謄本交付の可否":"閲覧・謄本交付可","成果状態":"正常（新設）","ワンストップ可否":"×","助言番号":"H17I0243","計画機関名":"延岡市","_sourceFile":"20260505_202211_Public.geojson","_sourceKind":"Public"}},{"type":"Feature","geometry":{"type":"Point","coordinates":[131.6811996667,32.5558224167]},"properties":{"_markerType":"Icon","_iconUrl":"https://service.gsi.go.jp/kijunten/contents/screen/point/images/Public/TR3.png","_iconSize":[20,20],"name":"10B99","成果ID":"2010892","種別":"街区多角点","作業内容":"新設","等級":"3級","水準点兼用コード":"兼用なし","点名":"10B99","成果区分":"世界測地系（測地成果2011）","閲覧・謄本交付の可否":"閲覧・謄本交付可","成果状態":"正常（新設）","ワンストップ可否":"×","助言番号":"H17I0243","計画機関名":"延岡市","_sourceFile":"20260505_202211_Public.geojson","_sourceKind":"Public"}},{"type":"Feature","geometry":{"type":"Point","coordinates":[131.6777717222,32.5564959722]},"properties":{"_markerType":"Icon","_iconUrl":"https://service.gsi.go.jp/kijunten/contents/screen/point/images/Public/TR3.png","_iconSize":[20,20],"name":"10C01","成果ID":"2010893","種別":"街区多角点","作業内容":"新設","等級":"3級","水準点兼用コード":"兼用なし","点名":"10C01","成果区分":"世界測地系（測地成果2011）","閲覧・謄本交付の可否":"閲覧・謄本交付可","成果状態":"正常（新設）","ワンストップ可否":"×","助言番号":"H17I0243","計画機関名":"延岡市","_sourceFile":"20260505_202211_Public.geojson","_sourceKind":"Public"}},{"type":"Feature","geometry":{"type":"Point","coordinates":[131.6766406389,32.5530317778]},"properties":{"_markerType":"Icon","_iconUrl":"https://service.gsi.go.jp/kijunten/contents/screen/point/images/Public/TR3.png","_iconSize":[20,20],"name":"10C02","成果ID":"2010894","種別":"街区多角点","作業内容":"新設","等級":"3級","水準点兼用コード":"兼用なし","点名":"10C02","成果区分":"世界測地系（測地成果2011）","閲覧・謄本交付の可否":"閲覧・謄本交付可","成果状態":"正常（新設）","ワンストップ可否":"×","助言番号":"H17I0243","計画機関名":"延岡市","_sourceFile":"20260505_202211_Public.geojson","_sourceKind":"Public"}},{"type":"Feature","geometry":{"type":"Point","coordinates":[131.6754572222,32.5551776667]},"properties":{"_markerType":"Icon","_iconUrl":"https://service.gsi.go.jp/kijunten/contents/screen/point/images/Public/TR3.png","_iconSize":[20,20],"name":"10C03","成果ID":"2010895","種別":"街区多角点","作業内容":"新設","等級":"3級","水準点兼用コード":"兼用なし","点名":"10C03","成果区分":"世界測地系（測地成果2011）","閲覧・謄本交付の可否":"閲覧・謄本交付可","成果状態":"正常（新設）","ワンストップ可否":"×","助言番号":"H17I0243","計画機関名":"延岡市","_sourceFile":"20260505_202211_Public.geojson","_sourceKind":"Public"}},{"type":"Feature","geometry":{"type":"Point","coordinates":[131.6839594167,32.5546769722]},"properties":{"_markerType":"Icon","_iconUrl":"https://service.gsi.go.jp/kijunten/contents/screen/point/images/Public/TR3.png","_iconSize":[20,20],"name":"10C04","成果ID":"2010896","種別":"街区多角点","作業内容":"新設","等級":"3級","水準点兼用コード":"兼用なし","点名":"10C04","成果区分":"世界測地系（測地成果2011）","閲覧・謄本交付の可否":"閲覧・謄本交付可","成果状態":"正常（新設）","ワンストップ可否":"×","助言番号":"H17I0243","計画機関名":"延岡市","_sourceFile":"20260505_202211_Public.geojson","_sourceKind":"Public"}},{"type":"Feature","geometry":{"type":"Point","coordinates":[131.6791440278,32.5546116944]},"properties":{"_markerType":"Icon","_iconUrl":"https://service.gsi.go.jp/kijunten/contents/screen/point/images/Public/TR3.png","_iconSize":[20,20],"name":"10C05","成果ID":"2010897","種別":"街区多角点","作業内容":"新設","等級":"3級","水準点兼用コード":"兼用なし","点名":"10C05","成果区分":"世界測地系（測地成果2011）","閲覧・謄本交付の可否":"閲覧・謄本交付可","成果状態":"正常（新設）","ワンストップ可否":"×","助言番号":"H17I0243","計画機関名":"延岡市","_sourceFile":"20260505_202211_Public.geojson","_sourceKind":"Public"}},{"type":"Feature","geometry":{"type":"Point","coordinates":[131.6735821944,32.5541464444]},"properties":{"_markerType":"Icon","_iconUrl":"https://service.gsi.go.jp/kijunten/contents/screen/point/images/Public/TR3.png","_iconSize":[20,20],"name":"10C06","成果ID":"2010898","種別":"街区多角点","作業内容":"新設","等級":"3級","水準点兼用コード":"兼用なし","点名":"10C06","成果区分":"世界測地系（測地成果2011）","閲覧・謄本交付の可否":"閲覧・謄本交付可","成果状態":"正常（新設）","ワンストップ可否":"×","助言番号":"H17I0243","計画機関名":"延岡市","_sourceFile":"20260505_202211_Public.geojson","_sourceKind":"Public"}},{"type":"Feature","geometry":{"type":"Point","coordinates":[131.6814417222,32.5536491944]},"properties":{"_markerType":"Icon","_iconUrl":"https://service.gsi.go.jp/kijunten/contents/screen/point/images/Public/TR3.png","_iconSize":[20,20],"name":"10C07","成果ID":"2010899","種別":"街区多角点","作業内容":"新設","等級":"3級","水準点兼用コード":"兼用なし","点名":"10C07","成果区分":"世界測地系（測地成果2011）","閲覧・謄本交付の可否":"閲覧・謄本交付可","成果状態":"正常（新設）","ワンストップ可否":"×","助言番号":"H17I0243","計画機関名":"延岡市","_sourceFile":"20260505_202211_Public.geojson","_sourceKind":"Public"}},{"type":"Feature","geometry":{"type":"Point","coordinates":[131.6719546389,32.5523035833]},"properties":{"_markerType":"Icon","_iconUrl":"https://service.gsi.go.jp/kijunten/contents/screen/point/images/Public/TR3.png","_iconSize":[20,20],"name":"10C08","成果ID":"2010900","種別":"街区多角点","作業内容":"新設","等級":"3級","水準点兼用コード":"兼用なし","点名":"10C08","成果区分":"世界測地系（測地成果2011）","閲覧・謄本交付の可否":"閲覧・謄本交付可","成果状態":"正常（新設）","ワンストップ可否":"×","助言番号":"H17I0243","計画機関名":"延岡市","_sourceFile":"20260505_202211_Public.geojson","_sourceKind":"Public"}},{"type":"Feature","geometry":{"type":"Point","coordinates":[131.6681823056,32.5520278889]},"properties":{"_markerType":"Icon","_iconUrl":"https://service.gsi.go.jp/kijunten/contents/screen/point/images/Public/TR3.png","_iconSize":[20,20],"name":"10C09","成果ID":"2010901","種別":"街区多角点","作業内容":"新設","等級":"3級","水準点兼用コード":"兼用なし","点名":"10C09","成果区分":"世界測地系（測地成果2011）","閲覧・謄本交付の可否":"閲覧・謄本交付可","成果状態":"正常（新設）","ワンストップ可否":"×","助言番号":"H17I0243","計画機関名":"延岡市","_sourceFile":"20260505_202211_Public.geojson","_sourceKind":"Public"}},{"type":"Feature","geometry":{"type":"Point","coordinates":[131.6653579167,32.5494298889]},"properties":{"_markerType":"Icon","_iconUrl":"https://service.gsi.go.jp/kijunten/contents/screen/point/images/Public/TR3.png","_iconSize":[20,20],"name":"10C11","成果ID":"2010903","種別":"街区多角点","作業内容":"新設","等級":"3級","水準点兼用コード":"兼用なし","点名":"10C11","成果区分":"世界測地系（測地成果2011）","閲覧・謄本交付の可否":"閲覧・謄本交付可","成果状態":"正常（新設）","ワンストップ可否":"×","助言番号":"H17I0243","計画機関名":"延岡市","_sourceFile":"20260505_202211_Public.geojson","_sourceKind":"Public"}},{"type":"Feature","geometry":{"type":"Point","coordinates":[131.6799414167,32.5514899722]},"properties":{"_markerType":"Icon","_iconUrl":"https://service.gsi.go.jp/kijunten/contents/screen/point/images/Public/TR3.png","_iconSize":[20,20],"name":"10C13","成果ID":"2010905","種別":"街区多角点","作業内容":"新設","等級":"3級","水準点兼用コード":"兼用なし","点名":"10C13","成果区分":"世界測地系（測地成果2011）","閲覧・謄本交付の可否":"閲覧・謄本交付可","成果状態":"正常（新設）","ワンストップ可否":"×","助言番号":"H17I0243","計画機関名":"延岡市","_sourceFile":"20260505_202211_Public.geojson","_sourceKind":"Public"}},{"type":"Feature","geometry":{"type":"Point","coordinates":[131.6780181944,32.5520802222]},"properties":{"_markerType":"Icon","_iconUrl":"https://service.gsi.go.jp/kijunten/contents/screen/point/images/Public/TR3.png","_iconSize":[20,20],"name":"10C14","成果ID":"2010906","種別":"街区多角点","作業内容":"新設","等級":"3級","水準点兼用コード":"兼用なし","点名":"10C14","成果区分":"世界測地系（測地成果2011）","閲覧・謄本交付の可否":"閲覧・謄本交付可","成果状態":"正常（新設）","ワンストップ可否":"×","助言番号":"H17I0243","計画機関名":"延岡市","_sourceFile":"20260505_202211_Public.geojson","_sourceKind":"Public"}},{"type":"Feature","geometry":{"type":"Point","coordinates":[131.6636417222,32.5517911944]},"properties":{"_markerType":"Icon","_iconUrl":"https://service.gsi.go.jp/kijunten/contents/screen/point/images/Public/TR3.png","_iconSize":[20,20],"name":"10C15","成果ID":"2010907","種別":"街区多角点","作業内容":"新設","等級":"3級","水準点兼用コード":"兼用なし","点名":"10C15","成果区分":"世界測地系（測地成果2011）","閲覧・謄本交付の可否":"閲覧・謄本交付可","成果状態":"正常（新設）","ワンストップ可否":"×","助言番号":"H17I0243","計画機関名":"延岡市","_sourceFile":"20260505_202211_Public.geojson","_sourceKind":"Public"}},{"type":"Feature","geometry":{"type":"Point","coordinates":[131.6641614444,32.5504270278]},"properties":{"_markerType":"Icon","_iconUrl":"https://service.gsi.go.jp/kijunten/contents/screen/point/images/Public/TR3.png","_iconSize":[20,20],"name":"10C16","成果ID":"2010908","種別":"街区多角点","作業内容":"新設","等級":"3級","水準点兼用コード":"兼用なし","点名":"10C16","成果区分":"世界測地系（測地成果2011）","閲覧・謄本交付の可否":"閲覧・謄本交付可","成果状態":"正常（新設）","ワンストップ可否":"×","助言番号":"H17I0243","計画機関名":"延岡市","_sourceFile":"20260505_202211_Public.geojson","_sourceKind":"Public"}},{"type":"Feature","geometry":{"type":"Point","coordinates":[131.6724668056,32.5502374444]},"properties":{"_markerType":"Icon","_iconUrl":"https://service.gsi.go.jp/kijunten/contents/screen/point/images/Public/TR3.png","_iconSize":[20,20],"name":"10C17","成果ID":"2010909","種別":"街区多角点","作業内容":"新設","等級":"3級","水準点兼用コード":"兼用なし","点名":"10C17","成果区分":"世界測地系（測地成果2011）","閲覧・謄本交付の可否":"閲覧・謄本交付可","成果状態":"正常（新設）","ワンストップ可否":"×","助言番号":"H17I0243","計画機関名":"延岡市","_sourceFile":"20260505_202211_Public.geojson","_sourceKind":"Public"}},{"type":"Feature","geometry":{"type":"Point","coordinates":[131.6752314167,32.5499213889]},"properties":{"_markerType":"Icon","_iconUrl":"https://service.gsi.go.jp/kijunten/contents/screen/point/images/Public/TR3.png","_iconSize":[20,20],"name":"10C18","成果ID":"2010910","種別":"街区多角点","作業内容":"新設","等級":"3級","水準点兼用コード":"兼用なし","点名":"10C18","成果区分":"世界測地系（測地成果2011）","閲覧・謄本交付の可否":"閲覧・謄本交付可","成果状態":"正常（新設）","ワンストップ可否":"×","助言番号":"H17I0243","計画機関名":"延岡市","_sourceFile":"20260505_202211_Public.geojson","_sourceKind":"Public"}},{"type":"Feature","geometry":{"type":"Point","coordinates":[131.6753507222,32.5475792778]},"properties":{"_markerType":"Icon","_iconUrl":"https://service.gsi.go.jp/kijunten/contents/screen/point/images/Public/TR3.png","_iconSize":[20,20],"name":"10C19","成果ID":"2010911","種別":"街区多角点","作業内容":"新設","等級":"3級","水準点兼用コード":"兼用なし","点名":"10C19","成果区分":"世界測地系（測地成果2011）","閲覧・謄本交付の可否":"閲覧・謄本交付可","成果状態":"正常（新設）","ワンストップ可否":"×","助言番号":"H17I0243","計画機関名":"延岡市","_sourceFile":"20260505_202211_Public.geojson","_sourceKind":"Public"}},{"type":"Feature","geometry":{"type":"Point","coordinates":[131.6764681111,32.5460205]},"properties":{"_markerType":"Icon","_iconUrl":"https://service.gsi.go.jp/kijunten/contents/screen/point/images/Public/TR3.png","_iconSize":[20,20],"name":"10C20","成果ID":"2010912","種別":"街区多角点","作業内容":"新設","等級":"3級","水準点兼用コード":"兼用なし","点名":"10C20","成果区分":"世界測地系（測地成果2011）","閲覧・謄本交付の可否":"閲覧・謄本交付可","成果状態":"正常（新設）","ワンストップ可否":"×","助言番号":"H17I0243","計画機関名":"延岡市","_sourceFile":"20260505_202211_Public.geojson","_sourceKind":"Public"}},{"type":"Feature","geometry":{"type":"Point","coordinates":[131.6683786667,32.5494989167]},"properties":{"_markerType":"Icon","_iconUrl":"https://service.gsi.go.jp/kijunten/contents/screen/point/images/Public/TR3.png","_iconSize":[20,20],"name":"10C21","成果ID":"2010913","種別":"街区多角点","作業内容":"新設","等級":"3級","水準点兼用コード":"兼用なし","点名":"10C21","成果区分":"世界測地系（測地成果2011）","閲覧・謄本交付の可否":"閲覧・謄本交付可","成果状態":"正常（新設）","ワンストップ可否":"×","助言番号":"H17I0243","計画機関名":"延岡市","_sourceFile":"20260505_202211_Public.geojson","_sourceKind":"Public"}},{"type":"Feature","geometry":{"type":"Point","coordinates":[131.6795491667,32.5493079722]},"properties":{"_markerType":"Icon","_iconUrl":"https://service.gsi.go.jp/kijunten/contents/screen/point/images/Public/TR3.png","_iconSize":[20,20],"name":"10C22","成果ID":"2010914","種別":"街区多角点","作業内容":"新設","等級":"3級","水準点兼用コード":"兼用なし","点名":"10C22","成果区分":"世界測地系（測地成果2011）","閲覧・謄本交付の可否":"閲覧・謄本交付可","成果状態":"正常（新設）","ワンストップ可否":"×","助言番号":"H17I0243","計画機関名":"延岡市","_sourceFile":"20260505_202211_Public.geojson","_sourceKind":"Public"}},{"type":"Feature","geometry":{"type":"Point","coordinates":[131.6797644444,32.5471767778]},"properties":{"_markerType":"Icon","_iconUrl":"https://service.gsi.go.jp/kijunten/contents/screen/point/images/Public/TR3.png","_iconSize":[20,20],"name":"10C23","成果ID":"2010915","種別":"街区多角点","作業内容":"新設","等級":"3級","水準点兼用コード":"兼用なし","点名":"10C23","成果区分":"世界測地系（測地成果2011）","閲覧・謄本交付の可否":"閲覧・謄本交付可","成果状態":"正常（新設）","ワンストップ可否":"×","助言番号":"H17I0243","計画機関名":"延岡市","_sourceFile":"20260505_202211_Public.geojson","_sourceKind":"Public"}},{"type":"Feature","geometry":{"type":"Point","coordinates":[131.6656573056,32.5476749722]},"properties":{"_markerType":"Icon","_iconUrl":"https://service.gsi.go.jp/kijunten/contents/screen/point/images/Public/TR3.png","_iconSize":[20,20],"name":"10C24","成果ID":"2010916","種別":"街区多角点","作業内容":"新設","等級":"3級","水準点兼用コード":"兼用なし","点名":"10C24","成果区分":"世界測地系（測地成果2011）","閲覧・謄本交付の可否":"閲覧・謄本交付可","成果状態":"正常（新設）","ワンストップ可否":"×","助言番号":"H17I0243","計画機関名":"延岡市","_sourceFile":"20260505_202211_Public.geojson","_sourceKind":"Public"}},{"type":"Feature","geometry":{"type":"Point","coordinates":[131.6807613889,32.5460404444]},"properties":{"_markerType":"Icon","_iconUrl":"https://service.gsi.go.jp/kijunten/contents/screen/point/images/Public/TR3.png","_iconSize":[20,20],"name":"10C25","成果ID":"2010917","種別":"街区多角点","作業内容":"新設","等級":"3級","水準点兼用コード":"兼用なし","点名":"10C25","成果区分":"世界測地系（測地成果2011）","閲覧・謄本交付の可否":"閲覧・謄本交付可","成果状態":"正常（新設）","ワンストップ可否":"×","助言番号":"H17I0243","計画機関名":"延岡市","_sourceFile":"20260505_202211_Public.geojson","_sourceKind":"Public"}},{"type":"Feature","geometry":{"type":"Point","coordinates":[131.6714996944,32.5444109167]},"properties":{"_markerType":"Icon","_iconUrl":"https://service.gsi.go.jp/kijunten/contents/screen/point/images/Public/TR3.png","_iconSize":[20,20],"name":"10C27","成果ID":"2010919","種別":"街区多角点","作業内容":"新設","等級":"3級","水準点兼用コード":"兼用なし","点名":"10C27","成果区分":"世界測地系（測地成果2011）","閲覧・謄本交付の可否":"閲覧・謄本交付可","成果状態":"正常（新設）","ワンストップ可否":"×","助言番号":"H17I0243","計画機関名":"延岡市","_sourceFile":"20260505_202211_Public.geojson","_sourceKind":"Public"}},{"type":"Feature","geometry":{"type":"Point","coordinates":[131.6748432778,32.5449726667]},"properties":{"_markerType":"Icon","_iconUrl":"https://service.gsi.go.jp/kijunten/contents/screen/point/images/Public/TR3.png","_iconSize":[20,20],"name":"10C28","成果ID":"2010920","種別":"街区多角点","作業内容":"新設","等級":"3級","水準点兼用コード":"兼用なし","点名":"10C28","成果区分":"世界測地系（測地成果2011）","閲覧・謄本交付の可否":"閲覧・謄本交付可","成果状態":"正常（新設）","ワンストップ可否":"×","助言番号":"H17I0243","計画機関名":"延岡市","_sourceFile":"20260505_202211_Public.geojson","_sourceKind":"Public"}},{"type":"Feature","geometry":{"type":"Point","coordinates":[131.6767496667,32.5432281389]},"properties":{"_markerType":"Icon","_iconUrl":"https://service.gsi.go.jp/kijunten/contents/screen/point/images/Public/TR3.png","_iconSize":[20,20],"name":"10C29","成果ID":"2010921","種別":"街区多角点","作業内容":"新設","等級":"3級","水準点兼用コード":"兼用なし","点名":"10C29","成果区分":"世界測地系（測地成果2011）","閲覧・謄本交付の可否":"閲覧・謄本交付可","成果状態":"正常（新設）","ワンストップ可否":"×","助言番号":"H17I0243","計画機関名":"延岡市","_sourceFile":"20260505_202211_Public.geojson","_sourceKind":"Public"}},{"type":"Feature","geometry":{"type":"Point","coordinates":[131.6756778611,32.5407958611]},"properties":{"_markerType":"Icon","_iconUrl":"https://service.gsi.go.jp/kijunten/contents/screen/point/images/Public/TR3.png","_iconSize":[20,20],"name":"10C30","成果ID":"2010922","種別":"街区多角点","作業内容":"新設","等級":"3級","水準点兼用コード":"兼用なし","点名":"10C30","成果区分":"世界測地系（測地成果2011）","閲覧・謄本交付の可否":"閲覧・謄本交付可","成果状態":"正常（新設）","ワンストップ可否":"×","助言番号":"H17I0243","計画機関名":"延岡市","_sourceFile":"20260505_202211_Public.geojson","_sourceKind":"Public"}},{"type":"Feature","geometry":{"type":"Point","coordinates":[131.6733506667,32.5370755278]},"properties":{"_markerType":"Icon","_iconUrl":"https://service.gsi.go.jp/kijunten/contents/screen/point/images/Public/TR3.png","_iconSize":[20,20],"name":"10C32","成果ID":"2010924","種別":"街区多角点","作業内容":"新設","等級":"3級","水準点兼用コード":"兼用なし","点名":"10C32","成果区分":"世界測地系（測地成果2011）","閲覧・謄本交付の可否":"閲覧・謄本交付可","成果状態":"正常（新設）","ワンストップ可否":"×","助言番号":"H17I0243","計画機関名":"延岡市","_sourceFile":"20260505_202211_Public.geojson","_sourceKind":"Public"}},{"type":"Feature","geometry":{"type":"Point","coordinates":[131.6785019722,32.54246725]},"properties":{"_markerType":"Icon","_iconUrl":"https://service.gsi.go.jp/kijunten/contents/screen/point/images/Public/TR3.png","_iconSize":[20,20],"name":"10C33","成果ID":"2010925","種別":"街区多角点","作業内容":"新設","等級":"3級","水準点兼用コード":"兼用なし","点名":"10C33","成果区分":"世界測地系（測地成果2011）","閲覧・謄本交付の可否":"閲覧・謄本交付可","成果状態":"正常（新設）","ワンストップ可否":"×","助言番号":"H17I0243","計画機関名":"延岡市","_sourceFile":"20260505_202211_Public.geojson","_sourceKind":"Public"}},{"type":"Feature","geometry":{"type":"Point","coordinates":[131.6740403333,32.54166475]},"properties":{"_markerType":"Icon","_iconUrl":"https://service.gsi.go.jp/kijunten/contents/screen/point/images/Public/TR3.png","_iconSize":[20,20],"name":"10C34","成果ID":"2010926","種別":"街区多角点","作業内容":"新設","等級":"3級","水準点兼用コード":"兼用なし","点名":"10C34","成果区分":"世界測地系（測地成果2011）","閲覧・謄本交付の可否":"閲覧・謄本交付可","成果状態":"正常（新設）","ワンストップ可否":"×","助言番号":"H17I0243","計画機関名":"延岡市","_sourceFile":"20260505_202211_Public.geojson","_sourceKind":"Public"}},{"type":"Feature","geometry":{"type":"Point","coordinates":[131.67207825,32.5402728889]},"properties":{"_markerType":"Icon","_iconUrl":"https://service.gsi.go.jp/kijunten/contents/screen/point/images/Public/TR3.png","_iconSize":[20,20],"name":"10C35","成果ID":"2010927","種別":"街区多角点","作業内容":"新設","等級":"3級","水準点兼用コード":"兼用なし","点名":"10C35","成果区分":"世界測地系（測地成果2011）","閲覧・謄本交付の可否":"閲覧・謄本交付可","成果状態":"正常（新設）","ワンストップ可否":"×","助言番号":"H17I0243","計画機関名":"延岡市","_sourceFile":"20260505_202211_Public.geojson","_sourceKind":"Public"}},{"type":"Feature","geometry":{"type":"Point","coordinates":[131.6709729167,32.5407166944]},"properties":{"_markerType":"Icon","_iconUrl":"https://service.gsi.go.jp/kijunten/contents/screen/point/images/Public/TR3.png","_iconSize":[20,20],"name":"10C36","成果ID":"2010928","種別":"街区多角点","作業内容":"新設","等級":"3級","水準点兼用コード":"兼用なし","点名":"10C36","成果区分":"世界測地系（測地成果2011）","閲覧・謄本交付の可否":"閲覧・謄本交付可","成果状態":"正常（新設）","ワンストップ可否":"×","助言番号":"H17I0243","計画機関名":"延岡市","_sourceFile":"20260505_202211_Public.geojson","_sourceKind":"Public"}},{"type":"Feature","geometry":{"type":"Point","coordinates":[131.6699605833,32.5392804722]},"properties":{"_markerType":"Icon","_iconUrl":"https://service.gsi.go.jp/kijunten/contents/screen/point/images/Public/TR3.png","_iconSize":[20,20],"name":"10C37","成果ID":"2010929","種別":"街区多角点","作業内容":"新設","等級":"3級","水準点兼用コード":"兼用なし","点名":"10C37","成果区分":"世界測地系（測地成果2011）","閲覧・謄本交付の可否":"閲覧・謄本交付可","成果状態":"正常（新設）","ワンストップ可否":"×","助言番号":"H17I0243","計画機関名":"延岡市","_sourceFile":"20260505_202211_Public.geojson","_sourceKind":"Public"}},{"type":"Feature","geometry":{"type":"Point","coordinates":[131.6720988056,32.5392124167]},"properties":{"_markerType":"Icon","_iconUrl":"https://service.gsi.go.jp/kijunten/contents/screen/point/images/Public/TR3.png","_iconSize":[20,20],"name":"10C38","成果ID":"2010930","種別":"街区多角点","作業内容":"新設","等級":"3級","水準点兼用コード":"兼用なし","点名":"10C38","成果区分":"世界測地系（測地成果2011）","閲覧・謄本交付の可否":"閲覧・謄本交付可","成果状態":"正常（新設）","ワンストップ可否":"×","助言番号":"H17I0243","計画機関名":"延岡市","_sourceFile":"20260505_202211_Public.geojson","_sourceKind":"Public"}},{"type":"Feature","geometry":{"type":"Point","coordinates":[131.67500075,32.5362506944]},"properties":{"_markerType":"Icon","_iconUrl":"https://service.gsi.go.jp/kijunten/contents/screen/point/images/Public/TR3.png","_iconSize":[20,20],"name":"10C39","成果ID":"2010931","種別":"街区多角点","作業内容":"新設","等級":"3級","水準点兼用コード":"兼用なし","点名":"10C39","成果区分":"世界測地系（測地成果2011）","閲覧・謄本交付の可否":"閲覧・謄本交付可","成果状態":"正常（新設）","ワンストップ可否":"×","助言番号":"H17I0243","計画機関名":"延岡市","_sourceFile":"20260505_202211_Public.geojson","_sourceKind":"Public"}},{"type":"Feature","geometry":{"type":"Point","coordinates":[131.6742798889,32.5351703333]},"properties":{"_markerType":"Icon","_iconUrl":"https://service.gsi.go.jp/kijunten/contents/screen/point/images/Public/TR3.png","_iconSize":[20,20],"name":"10C40","成果ID":"2010932","種別":"街区多角点","作業内容":"新設","等級":"3級","水準点兼用コード":"兼用なし","点名":"10C40","成果区分":"世界測地系（測地成果2011）","閲覧・謄本交付の可否":"閲覧・謄本交付可","成果状態":"正常（新設）","ワンストップ可否":"×","助言番号":"H17I0243","計画機関名":"延岡市","_sourceFile":"20260505_202211_Public.geojson","_sourceKind":"Public"}},{"type":"Feature","geometry":{"type":"Point","coordinates":[131.6787986667,32.5347297778]},"properties":{"_markerType":"Icon","_iconUrl":"https://service.gsi.go.jp/kijunten/contents/screen/point/images/Public/TR3.png","_iconSize":[20,20],"name":"10C41","成果ID":"2010933","種別":"街区多角点","作業内容":"新設","等級":"3級","水準点兼用コード":"兼用なし","点名":"10C41","成果区分":"世界測地系（測地成果2011）","閲覧・謄本交付の可否":"閲覧・謄本交付可","成果状態":"正常（新設）","ワンストップ可否":"×","助言番号":"H17I0243","計画機関名":"延岡市","_sourceFile":"20260505_202211_Public.geojson","_sourceKind":"Public"}},{"type":"Feature","geometry":{"type":"Point","coordinates":[131.6767272778,32.5332350278]},"properties":{"_markerType":"Icon","_iconUrl":"https://service.gsi.go.jp/kijunten/contents/screen/point/images/Public/TR3.png","_iconSize":[20,20],"name":"10C42","成果ID":"2010934","種別":"街区多角点","作業内容":"新設","等級":"3級","水準点兼用コード":"兼用なし","点名":"10C42","成果区分":"世界測地系（測地成果2011）","閲覧・謄本交付の可否":"閲覧・謄本交付可","成果状態":"正常（新設）","ワンストップ可否":"×","助言番号":"H17I0243","計画機関名":"延岡市","_sourceFile":"20260505_202211_Public.geojson","_sourceKind":"Public"}},{"type":"Feature","geometry":{"type":"Point","coordinates":[131.6729765278,32.5314225]},"properties":{"_markerType":"Icon","_iconUrl":"https://service.gsi.go.jp/kijunten/contents/screen/point/images/Public/TR3.png","_iconSize":[20,20],"name":"10C43","成果ID":"2010935","種別":"街区多角点","作業内容":"新設","等級":"3級","水準点兼用コード":"兼用なし","点名":"10C43","成果区分":"世界測地系（測地成果2011）","閲覧・謄本交付の可否":"閲覧・謄本交付可","成果状態":"正常（新設）","ワンストップ可否":"×","助言番号":"H17I0243","計画機関名":"延岡市","_sourceFile":"20260505_202211_Public.geojson","_sourceKind":"Public"}},{"type":"Feature","geometry":{"type":"Point","coordinates":[131.6762484722,32.5305441944]},"properties":{"_markerType":"Icon","_iconUrl":"https://service.gsi.go.jp/kijunten/contents/screen/point/images/Public/TR3.png","_iconSize":[20,20],"name":"10C45","成果ID":"2010937","種別":"街区多角点","作業内容":"新設","等級":"3級","水準点兼用コード":"兼用なし","点名":"10C45","成果区分":"世界測地系（測地成果2011）","閲覧・謄本交付の可否":"閲覧・謄本交付可","成果状態":"正常（新設）","ワンストップ可否":"×","助言番号":"H17I0243","計画機関名":"延岡市","_sourceFile":"20260505_202211_Public.geojson","_sourceKind":"Public"}},{"type":"Feature","geometry":{"type":"Point","coordinates":[131.6812904167,32.5301570556]},"properties":{"_markerType":"Icon","_iconUrl":"https://service.gsi.go.jp/kijunten/contents/screen/point/images/Public/TR3.png","_iconSize":[20,20],"name":"10C46","成果ID":"2010938","種別":"街区多角点","作業内容":"新設","等級":"3級","水準点兼用コード":"兼用なし","点名":"10C46","成果区分":"世界測地系（測地成果2011）","閲覧・謄本交付の可否":"閲覧・謄本交付可","成果状態":"正常（新設）","ワンストップ可否":"×","助言番号":"H17I0243","計画機関名":"延岡市","_sourceFile":"20260505_202211_Public.geojson","_sourceKind":"Public"}},{"type":"Feature","geometry":{"type":"Point","coordinates":[131.6785373611,32.5295988056]},"properties":{"_markerType":"Icon","_iconUrl":"https://service.gsi.go.jp/kijunten/contents/screen/point/images/Public/TR3.png","_iconSize":[20,20],"name":"10C47","成果ID":"2010939","種別":"街区多角点","作業内容":"新設","等級":"3級","水準点兼用コード":"兼用なし","点名":"10C47","成果区分":"世界測地系（測地成果2011）","閲覧・謄本交付の可否":"閲覧・謄本交付可","成果状態":"正常（新設）","ワンストップ可否":"×","助言番号":"H17I0243","計画機関名":"延岡市","_sourceFile":"20260505_202211_Public.geojson","_sourceKind":"Public"}},{"type":"Feature","geometry":{"type":"Point","coordinates":[131.6727603889,32.5291783333]},"properties":{"_markerType":"Icon","_iconUrl":"https://service.gsi.go.jp/kijunten/contents/screen/point/images/Public/TR3.png","_iconSize":[20,20],"name":"10C48","成果ID":"2010940","種別":"街区多角点","作業内容":"新設","等級":"3級","水準点兼用コード":"兼用なし","点名":"10C48","成果区分":"世界測地系（測地成果2011）","閲覧・謄本交付の可否":"閲覧・謄本交付可","成果状態":"正常（新設）","ワンストップ可否":"×","助言番号":"H17I0243","計画機関名":"延岡市","_sourceFile":"20260505_202211_Public.geojson","_sourceKind":"Public"}},{"type":"Feature","geometry":{"type":"Point","coordinates":[131.6685126944,32.5279694444]},"properties":{"_markerType":"Icon","_iconUrl":"https://service.gsi.go.jp/kijunten/contents/screen/point/images/Public/TR3.png","_iconSize":[20,20],"name":"10C50","成果ID":"2010942","種別":"街区多角点","作業内容":"新設","等級":"3級","水準点兼用コード":"兼用なし","点名":"10C50","成果区分":"世界測地系（測地成果2011）","閲覧・謄本交付の可否":"閲覧・謄本交付可","成果状態":"正常（新設）","ワンストップ可否":"×","助言番号":"H17I0243","計画機関名":"延岡市","_sourceFile":"20260505_202211_Public.geojson","_sourceKind":"Public"}},{"type":"Feature","geometry":{"type":"Point","coordinates":[131.6697205556,32.5252401944]},"properties":{"_markerType":"Icon","_iconUrl":"https://service.gsi.go.jp/kijunten/contents/screen/point/images/Public/TR3.png","_iconSize":[20,20],"name":"10C51","成果ID":"2010943","種別":"街区多角点","作業内容":"新設","等級":"3級","水準点兼用コード":"兼用なし","点名":"10C51","成果区分":"世界測地系（測地成果2011）","閲覧・謄本交付の可否":"閲覧・謄本交付可","成果状態":"正常（新設）","ワンストップ可否":"×","助言番号":"H17I0243","計画機関名":"延岡市","_sourceFile":"20260505_202211_Public.geojson","_sourceKind":"Public"}},{"type":"Feature","geometry":{"type":"Point","coordinates":[131.6721466667,32.5259190278]},"properties":{"_markerType":"Icon","_iconUrl":"https://service.gsi.go.jp/kijunten/contents/screen/point/images/Public/TR3.png","_iconSize":[20,20],"name":"10C52","成果ID":"2010944","種別":"街区多角点","作業内容":"新設","等級":"3級","水準点兼用コード":"兼用なし","点名":"10C52","成果区分":"世界測地系（測地成果2011）","閲覧・謄本交付の可否":"閲覧・謄本交付可","成果状態":"正常（新設）","ワンストップ可否":"×","助言番号":"H17I0243","計画機関名":"延岡市","_sourceFile":"20260505_202211_Public.geojson","_sourceKind":"Public"}},{"type":"Feature","geometry":{"type":"Point","coordinates":[131.6727889444,32.5244742222]},"properties":{"_markerType":"Icon","_iconUrl":"https://service.gsi.go.jp/kijunten/contents/screen/point/images/Public/TR3.png","_iconSize":[20,20],"name":"10C53","成果ID":"2010945","種別":"街区多角点","作業内容":"新設","等級":"3級","水準点兼用コード":"兼用なし","点名":"10C53","成果区分":"世界測地系（測地成果2011）","閲覧・謄本交付の可否":"閲覧・謄本交付可","成果状態":"正常（新設）","ワンストップ可否":"×","助言番号":"H17I0243","計画機関名":"延岡市","_sourceFile":"20260505_202211_Public.geojson","_sourceKind":"Public"}},{"type":"Feature","geometry":{"type":"Point","coordinates":[131.6716436944,32.5277801944]},"properties":{"_markerType":"Icon","_iconUrl":"https://service.gsi.go.jp/kijunten/contents/screen/point/images/Public/TR3.png","_iconSize":[20,20],"name":"10C55","成果ID":"2010947","種別":"街区多角点","作業内容":"新設","等級":"3級","水準点兼用コード":"兼用なし","点名":"10C55","成果区分":"世界測地系（測地成果2011）","閲覧・謄本交付の可否":"閲覧・謄本交付可","成果状態":"正常（新設）","ワンストップ可否":"×","助言番号":"H17I0243","計画機関名":"延岡市","_sourceFile":"20260505_202211_Public.geojson","_sourceKind":"Public"}},{"type":"Feature","geometry":{"type":"Point","coordinates":[131.6816143333,32.5270155]},"properties":{"_markerType":"Icon","_iconUrl":"https://service.gsi.go.jp/kijunten/contents/screen/point/images/Public/TR3.png","_iconSize":[20,20],"name":"10C56","成果ID":"2010948","種別":"街区多角点","作業内容":"新設","等級":"3級","水準点兼用コード":"兼用なし","点名":"10C56","成果区分":"世界測地系（測地成果2011）","閲覧・謄本交付の可否":"閲覧・謄本交付可","成果状態":"正常（新設）","ワンストップ可否":"×","助言番号":"H17I0243","計画機関名":"延岡市","_sourceFile":"20260505_202211_Public.geojson","_sourceKind":"Public"}},{"type":"Feature","geometry":{"type":"Point","coordinates":[131.6824920833,32.5243845278]},"properties":{"_markerType":"Icon","_iconUrl":"https://service.gsi.go.jp/kijunten/contents/screen/point/images/Public/TR3.png","_iconSize":[20,20],"name":"10C57","成果ID":"2010949","種別":"街区多角点","作業内容":"新設","等級":"3級","水準点兼用コード":"兼用なし","点名":"10C57","成果区分":"世界測地系（測地成果2011）","閲覧・謄本交付の可否":"閲覧・謄本交付可","成果状態":"正常（新設）","ワンストップ可否":"×","助言番号":"H17I0243","計画機関名":"延岡市","_sourceFile":"20260505_202211_Public.geojson","_sourceKind":"Public"}},{"type":"Feature","geometry":{"type":"Point","coordinates":[131.6789618889,32.5261913056]},"properties":{"_markerType":"Icon","_iconUrl":"https://service.gsi.go.jp/kijunten/contents/screen/point/images/Public/TR3.png","_iconSize":[20,20],"name":"10C59","成果ID":"2010951","種別":"街区多角点","作業内容":"新設","等級":"3級","水準点兼用コード":"兼用なし","点名":"10C59","成果区分":"世界測地系（測地成果2011）","閲覧・謄本交付の可否":"閲覧・謄本交付可","成果状態":"正常（新設）","ワンストップ可否":"×","助言番号":"H17I0243","計画機関名":"延岡市","_sourceFile":"20260505_202211_Public.geojson","_sourceKind":"Public"}},{"type":"Feature","geometry":{"type":"Point","coordinates":[131.6754467778,32.5255677778]},"properties":{"_markerType":"Icon","_iconUrl":"https://service.gsi.go.jp/kijunten/contents/screen/point/images/Public/TR3.png","_iconSize":[20,20],"name":"10C60","成果ID":"2010952","種別":"街区多角点","作業内容":"新設","等級":"3級","水準点兼用コード":"兼用なし","点名":"10C60","成果区分":"世界測地系（測地成果2011）","閲覧・謄本交付の可否":"閲覧・謄本交付可","成果状態":"正常（新設）","ワンストップ可否":"×","助言番号":"H17I0243","計画機関名":"延岡市","_sourceFile":"20260505_202211_Public.geojson","_sourceKind":"Public"}},{"type":"Feature","geometry":{"type":"Point","coordinates":[131.6778811944,32.52414775]},"properties":{"_markerType":"Icon","_iconUrl":"https://service.gsi.go.jp/kijunten/contents/screen/point/images/Public/TR3.png","_iconSize":[20,20],"name":"10C61","成果ID":"2010953","種別":"街区多角点","作業内容":"新設","等級":"3級","水準点兼用コード":"兼用なし","点名":"10C61","成果区分":"世界測地系（測地成果2011）","閲覧・謄本交付の可否":"閲覧・謄本交付可","成果状態":"正常（新設）","ワンストップ可否":"×","助言番号":"H17I0243","計画機関名":"延岡市","_sourceFile":"20260505_202211_Public.geojson","_sourceKind":"Public"}},{"type":"Feature","geometry":{"type":"Point","coordinates":[131.6795280278,32.5210964444]},"properties":{"_markerType":"Icon","_iconUrl":"https://service.gsi.go.jp/kijunten/contents/screen/point/images/Public/TR3.png","_iconSize":[20,20],"name":"10C63","成果ID":"2010955","種別":"街区多角点","作業内容":"新設","等級":"3級","水準点兼用コード":"兼用なし","点名":"10C63","成果区分":"世界測地系（測地成果2011）","閲覧・謄本交付の可否":"閲覧・謄本交付可","成果状態":"正常（新設）","ワンストップ可否":"×","助言番号":"H17I0243","計画機関名":"延岡市","_sourceFile":"20260505_202211_Public.geojson","_sourceKind":"Public"}},{"type":"Feature","geometry":{"type":"Point","coordinates":[131.6771328056,32.51888925]},"properties":{"_markerType":"Icon","_iconUrl":"https://service.gsi.go.jp/kijunten/contents/screen/point/images/Public/TR3.png","_iconSize":[20,20],"name":"10C64","成果ID":"2010956","種別":"街区多角点","作業内容":"新設","等級":"3級","水準点兼用コード":"兼用なし","点名":"10C64","成果区分":"世界測地系（測地成果2011）","閲覧・謄本交付の可否":"閲覧・謄本交付可","成果状態":"正常（新設）","ワンストップ可否":"×","助言番号":"H17I0243","計画機関名":"延岡市","_sourceFile":"20260505_202211_Public.geojson","_sourceKind":"Public"}},{"type":"Feature","geometry":{"type":"Point","coordinates":[131.6764486111,32.5209448333]},"properties":{"_markerType":"Icon","_iconUrl":"https://service.gsi.go.jp/kijunten/contents/screen/point/images/Public/TR3.png","_iconSize":[20,20],"name":"10C65","成果ID":"2010957","種別":"街区多角点","作業内容":"新設","等級":"3級","水準点兼用コード":"兼用なし","点名":"10C65","成果区分":"世界測地系（測地成果2011）","閲覧・謄本交付の可否":"閲覧・謄本交付可","成果状態":"正常（新設）","ワンストップ可否":"×","助言番号":"H17I0243","計画機関名":"延岡市","_sourceFile":"20260505_202211_Public.geojson","_sourceKind":"Public"}},{"type":"Feature","geometry":{"type":"Point","coordinates":[131.6744489167,32.5205163056]},"properties":{"_markerType":"Icon","_iconUrl":"https://service.gsi.go.jp/kijunten/contents/screen/point/images/Public/TR3.png","_iconSize":[20,20],"name":"10C66","成果ID":"2010958","種別":"街区多角点","作業内容":"新設","等級":"3級","水準点兼用コード":"兼用なし","点名":"10C66","成果区分":"世界測地系（測地成果2011）","閲覧・謄本交付の可否":"閲覧・謄本交付可","成果状態":"正常（新設）","ワンストップ可否":"×","助言番号":"H17I0243","計画機関名":"延岡市","_sourceFile":"20260505_202211_Public.geojson","_sourceKind":"Public"}},{"type":"Feature","geometry":{"type":"Point","coordinates":[131.6832796111,32.5198481667]},"properties":{"_markerType":"Icon","_iconUrl":"https://service.gsi.go.jp/kijunten/contents/screen/point/images/Public/TR3.png","_iconSize":[20,20],"name":"10C67","成果ID":"2010959","種別":"街区多角点","作業内容":"新設","等級":"3級","水準点兼用コード":"兼用なし","点名":"10C67","成果区分":"世界測地系（測地成果2011）","閲覧・謄本交付の可否":"閲覧・謄本交付可","成果状態":"正常（新設）","ワンストップ可否":"×","助言番号":"H17I0243","計画機関名":"延岡市","_sourceFile":"20260505_202211_Public.geojson","_sourceKind":"Public"}},{"type":"Feature","geometry":{"type":"Point","coordinates":[131.6823908333,32.5175736944]},"properties":{"_markerType":"Icon","_iconUrl":"https://service.gsi.go.jp/kijunten/contents/screen/point/images/Public/TR3.png","_iconSize":[20,20],"name":"10C68","成果ID":"2010960","種別":"街区多角点","作業内容":"新設","等級":"3級","水準点兼用コード":"兼用なし","点名":"10C68","成果区分":"世界測地系（測地成果2011）","閲覧・謄本交付の可否":"閲覧・謄本交付可","成果状態":"正常（新設）","ワンストップ可否":"×","助言番号":"H17I0243","計画機関名":"延岡市","_sourceFile":"20260505_202211_Public.geojson","_sourceKind":"Public"}},{"type":"Feature","geometry":{"type":"Point","coordinates":[131.6845395278,32.5180220556]},"properties":{"_markerType":"Icon","_iconUrl":"https://service.gsi.go.jp/kijunten/contents/screen/point/images/Public/TR3.png","_iconSize":[20,20],"name":"10C69","成果ID":"2010961","種別":"街区多角点","作業内容":"新設","等級":"3級","水準点兼用コード":"兼用なし","点名":"10C69","成果区分":"世界測地系（測地成果2011）","閲覧・謄本交付の可否":"閲覧・謄本交付可","成果状態":"正常（新設）","ワンストップ可否":"×","助言番号":"H17I0243","計画機関名":"延岡市","_sourceFile":"20260505_202211_Public.geojson","_sourceKind":"Public"}},{"type":"Feature","geometry":{"type":"Point","coordinates":[131.6789000833,32.5170418611]},"properties":{"_markerType":"Icon","_iconUrl":"https://service.gsi.go.jp/kijunten/contents/screen/point/images/Public/TR3.png","_iconSize":[20,20],"name":"10C70","成果ID":"2010962","種別":"街区多角点","作業内容":"新設","等級":"3級","水準点兼用コード":"兼用なし","点名":"10C70","成果区分":"世界測地系（測地成果2011）","閲覧・謄本交付の可否":"閲覧・謄本交付可","成果状態":"正常（新設）","ワンストップ可否":"×","助言番号":"H17I0243","計画機関名":"延岡市","_sourceFile":"20260505_202211_Public.geojson","_sourceKind":"Public"}},{"type":"Feature","geometry":{"type":"Point","coordinates":[131.6800617778,32.5140604444]},"properties":{"_markerType":"Icon","_iconUrl":"https://service.gsi.go.jp/kijunten/contents/screen/point/images/Public/TR3.png","_iconSize":[20,20],"name":"10C71","成果ID":"2010963","種別":"街区多角点","作業内容":"新設","等級":"3級","水準点兼用コード":"兼用なし","点名":"10C71","成果区分":"世界測地系（測地成果2011）","閲覧・謄本交付の可否":"閲覧・謄本交付可","成果状態":"正常（新設）","ワンストップ可否":"×","助言番号":"H17I0243","計画機関名":"延岡市","_sourceFile":"20260505_202211_Public.geojson","_sourceKind":"Public"}},{"type":"Feature","geometry":{"type":"Point","coordinates":[131.67981325,32.5126846667]},"properties":{"_markerType":"Icon","_iconUrl":"https://service.gsi.go.jp/kijunten/contents/screen/point/images/Public/TR3.png","_iconSize":[20,20],"name":"10C72","成果ID":"2010964","種別":"街区多角点","作業内容":"新設","等級":"3級","水準点兼用コード":"兼用なし","点名":"10C72","成果区分":"世界測地系（測地成果2011）","閲覧・謄本交付の可否":"閲覧・謄本交付可","成果状態":"正常（新設）","ワンストップ可否":"×","助言番号":"H17I0243","計画機関名":"延岡市","_sourceFile":"20260505_202211_Public.geojson","_sourceKind":"Public"}},{"type":"Feature","geometry":{"type":"Point","coordinates":[131.6771816389,32.5158398611]},"properties":{"_markerType":"Icon","_iconUrl":"https://service.gsi.go.jp/kijunten/contents/screen/point/images/Public/TR3.png","_iconSize":[20,20],"name":"10C73","成果ID":"2010965","種別":"街区多角点","作業内容":"新設","等級":"3級","水準点兼用コード":"兼用なし","点名":"10C73","成果区分":"世界測地系（測地成果2011）","閲覧・謄本交付の可否":"閲覧・謄本交付可","成果状態":"正常（新設）","ワンストップ可否":"×","助言番号":"H17I0243","計画機関名":"延岡市","_sourceFile":"20260505_202211_Public.geojson","_sourceKind":"Public"}},{"type":"Feature","geometry":{"type":"Point","coordinates":[131.6820645556,32.5139231667]},"properties":{"_markerType":"Icon","_iconUrl":"https://service.gsi.go.jp/kijunten/contents/screen/point/images/Public/TR3.png","_iconSize":[20,20],"name":"10C74","成果ID":"2010966","種別":"街区多角点","作業内容":"新設","等級":"3級","水準点兼用コード":"兼用なし","点名":"10C74","成果区分":"世界測地系（測地成果2011）","閲覧・謄本交付の可否":"閲覧・謄本交付可","成果状態":"正常（新設）","ワンストップ可否":"×","助言番号":"H17I0243","計画機関名":"延岡市","_sourceFile":"20260505_202211_Public.geojson","_sourceKind":"Public"}},{"type":"Feature","geometry":{"type":"Point","coordinates":[131.6821541944,32.51303975]},"properties":{"_markerType":"Icon","_iconUrl":"https://service.gsi.go.jp/kijunten/contents/screen/point/images/Public/TR3.png","_iconSize":[20,20],"name":"10C75","成果ID":"2010967","種別":"街区多角点","作業内容":"新設","等級":"3級","水準点兼用コード":"兼用なし","点名":"10C75","成果区分":"世界測地系（測地成果2011）","閲覧・謄本交付の可否":"閲覧・謄本交付可","成果状態":"正常（新設）","ワンストップ可否":"×","助言番号":"H17I0243","計画機関名":"延岡市","_sourceFile":"20260505_202211_Public.geojson","_sourceKind":"Public"}},{"type":"Feature","geometry":{"type":"Point","coordinates":[131.6823628611,32.5099222778]},"properties":{"_markerType":"Icon","_iconUrl":"https://service.gsi.go.jp/kijunten/contents/screen/point/images/Public/TR3.png","_iconSize":[20,20],"name":"10C76","成果ID":"2010968","種別":"街区多角点","作業内容":"新設","等級":"3級","水準点兼用コード":"兼用なし","点名":"10C76","成果区分":"世界測地系（測地成果2011）","閲覧・謄本交付の可否":"閲覧・謄本交付可","成果状態":"正常（新設）","ワンストップ可否":"×","助言番号":"H17I0243","計画機関名":"延岡市","_sourceFile":"20260505_202211_Public.geojson","_sourceKind":"Public"}},{"type":"Feature","geometry":{"type":"Point","coordinates":[131.6765251389,32.5129960556]},"properties":{"_markerType":"Icon","_iconUrl":"https://service.gsi.go.jp/kijunten/contents/screen/point/images/Public/TR3.png","_iconSize":[20,20],"name":"10C77","成果ID":"2010969","種別":"街区多角点","作業内容":"新設","等級":"3級","水準点兼用コード":"兼用なし","点名":"10C77","成果区分":"世界測地系（測地成果2011）","閲覧・謄本交付の可否":"閲覧・謄本交付可","成果状態":"正常（新設）","ワンストップ可否":"×","助言番号":"H17I0243","計画機関名":"延岡市","_sourceFile":"20260505_202211_Public.geojson","_sourceKind":"Public"}},{"type":"Feature","geometry":{"type":"Point","coordinates":[131.6780875556,32.5110100278]},"properties":{"_markerType":"Icon","_iconUrl":"https://service.gsi.go.jp/kijunten/contents/screen/point/images/Public/TR3.png","_iconSize":[20,20],"name":"10C78","成果ID":"2010970","種別":"街区多角点","作業内容":"新設","等級":"3級","水準点兼用コード":"兼用なし","点名":"10C78","成果区分":"世界測地系（測地成果2011）","閲覧・謄本交付の可否":"閲覧・謄本交付可","成果状態":"正常（新設）","ワンストップ可否":"×","助言番号":"H17I0243","計画機関名":"延岡市","_sourceFile":"20260505_202211_Public.geojson","_sourceKind":"Public"}},{"type":"Feature","geometry":{"type":"Point","coordinates":[131.6731995556,32.5088791389]},"properties":{"_markerType":"Icon","_iconUrl":"https://service.gsi.go.jp/kijunten/contents/screen/point/images/Public/TR3.png","_iconSize":[20,20],"name":"10C79","成果ID":"2010971","種別":"街区多角点","作業内容":"新設","等級":"3級","水準点兼用コード":"兼用なし","点名":"10C79","成果区分":"世界測地系（測地成果2011）","閲覧・謄本交付の可否":"閲覧・謄本交付可","成果状態":"正常（新設）","ワンストップ可否":"×","助言番号":"H17I0243","計画機関名":"延岡市","_sourceFile":"20260505_202211_Public.geojson","_sourceKind":"Public"}},{"type":"Feature","geometry":{"type":"Point","coordinates":[131.6802280833,32.5111541667]},"properties":{"_markerType":"Icon","_iconUrl":"https://service.gsi.go.jp/kijunten/contents/screen/point/images/Public/TR3.png","_iconSize":[20,20],"name":"10C80","成果ID":"2010972","種別":"街区多角点","作業内容":"新設","等級":"3級","水準点兼用コード":"兼用なし","点名":"10C80","成果区分":"世界測地系（測地成果2011）","閲覧・謄本交付の可否":"閲覧・謄本交付可","成果状態":"正常（新設）","ワンストップ可否":"×","助言番号":"H17I0243","計画機関名":"延岡市","_sourceFile":"20260505_202211_Public.geojson","_sourceKind":"Public"}},{"type":"Feature","geometry":{"type":"Point","coordinates":[131.6803460556,32.5082086667]},"properties":{"_markerType":"Icon","_iconUrl":"https://service.gsi.go.jp/kijunten/contents/screen/point/images/Public/TR3.png","_iconSize":[20,20],"name":"10C82","成果ID":"2010974","種別":"街区多角点","作業内容":"新設","等級":"3級","水準点兼用コード":"兼用なし","点名":"10C82","成果区分":"世界測地系（測地成果2011）","閲覧・謄本交付の可否":"閲覧・謄本交付可","成果状態":"正常（新設）","ワンストップ可否":"×","助言番号":"H17I0243","計画機関名":"延岡市","_sourceFile":"20260505_202211_Public.geojson","_sourceKind":"Public"}},{"type":"Feature","geometry":{"type":"Point","coordinates":[131.6765137778,32.5079153889]},"properties":{"_markerType":"Icon","_iconUrl":"https://service.gsi.go.jp/kijunten/contents/screen/point/images/Public/TR3.png","_iconSize":[20,20],"name":"10C83","成果ID":"2010975","種別":"街区多角点","作業内容":"新設","等級":"3級","水準点兼用コード":"兼用なし","点名":"10C83","成果区分":"世界測地系（測地成果2011）","閲覧・謄本交付の可否":"閲覧・謄本交付可","成果状態":"正常（新設）","ワンストップ可否":"×","助言番号":"H17I0243","計画機関名":"延岡市","_sourceFile":"20260505_202211_Public.geojson","_sourceKind":"Public"}},{"type":"Feature","geometry":{"type":"Point","coordinates":[131.6746749444,32.5066414444]},"properties":{"_markerType":"Icon","_iconUrl":"https://service.gsi.go.jp/kijunten/contents/screen/point/images/Public/TR3.png","_iconSize":[20,20],"name":"10C84","成果ID":"2010976","種別":"街区多角点","作業内容":"新設","等級":"3級","水準点兼用コード":"兼用なし","点名":"10C84","成果区分":"世界測地系（測地成果2011）","閲覧・謄本交付の可否":"閲覧・謄本交付可","成果状態":"正常（新設）","ワンストップ可否":"×","助言番号":"H17I0243","計画機関名":"延岡市","_sourceFile":"20260505_202211_Public.geojson","_sourceKind":"Public"}},{"type":"Feature","geometry":{"type":"Point","coordinates":[131.6741878889,32.5054996667]},"properties":{"_markerType":"Icon","_iconUrl":"https://service.gsi.go.jp/kijunten/contents/screen/point/images/Public/TR3.png","_iconSize":[20,20],"name":"10C85","成果ID":"2010977","種別":"街区多角点","作業内容":"新設","等級":"3級","水準点兼用コード":"兼用なし","点名":"10C85","成果区分":"世界測地系（測地成果2011）","閲覧・謄本交付の可否":"閲覧・謄本交付可","成果状態":"正常（新設）","ワンストップ可否":"×","助言番号":"H17I0243","計画機関名":"延岡市","_sourceFile":"20260505_202211_Public.geojson","_sourceKind":"Public"}},{"type":"Feature","geometry":{"type":"Point","coordinates":[131.6763795,32.5043571389]},"properties":{"_markerType":"Icon","_iconUrl":"https://service.gsi.go.jp/kijunten/contents/screen/point/images/Public/TR3.png","_iconSize":[20,20],"name":"10C86","成果ID":"2010978","種別":"街区多角点","作業内容":"新設","等級":"3級","水準点兼用コード":"兼用なし","点名":"10C86","成果区分":"世界測地系（測地成果2011）","閲覧・謄本交付の可否":"閲覧・謄本交付可","成果状態":"正常（新設）","ワンストップ可否":"×","助言番号":"H17I0243","計画機関名":"延岡市","_sourceFile":"20260505_202211_Public.geojson","_sourceKind":"Public"}},{"type":"Feature","geometry":{"type":"Point","coordinates":[131.669289,32.5039018333]},"properties":{"_markerType":"Icon","_iconUrl":"https://service.gsi.go.jp/kijunten/contents/screen/point/images/Public/TR3.png","_iconSize":[20,20],"name":"10C87","成果ID":"2010979","種別":"街区多角点","作業内容":"新設","等級":"3級","水準点兼用コード":"兼用なし","点名":"10C87","成果区分":"世界測地系（測地成果2011）","閲覧・謄本交付の可否":"閲覧・謄本交付可","成果状態":"正常（新設）","ワンストップ可否":"×","助言番号":"H17I0243","計画機関名":"延岡市","_sourceFile":"20260505_202211_Public.geojson","_sourceKind":"Public"}},{"type":"Feature","geometry":{"type":"Point","coordinates":[131.6382171944,32.5730704444]},"properties":{"_markerType":"Icon","_iconUrl":"https://service.gsi.go.jp/kijunten/contents/screen/point/images/Public/TR3.png","_iconSize":[20,20],"name":"10B37","成果ID":"2183349","種別":"街区多角点","作業内容":"移転","等級":"3級","水準点兼用コード":"兼用なし","点名":"10B37","成果区分":"世界測地系（測地成果2011）","閲覧・謄本交付の可否":"閲覧・謄本交付可","成果状態":"正常（新設）","ワンストップ可否":"×","助言番号":"H19I0465-5","計画機関名":"国土交通省土地・建設産業局.","_sourceFile":"20260505_202211_Public.geojson","_sourceKind":"Public"}},{"type":"Feature","geometry":{"type":"Point","coordinates":[131.6398303333,32.5721306389]},"properties":{"_markerType":"Icon","_iconUrl":"https://service.gsi.go.jp/kijunten/contents/screen/point/images/Public/TR3.png","_iconSize":[20,20],"name":"10B44","成果ID":"2183350","種別":"街区多角点","作業内容":"移転","等級":"3級","水準点兼用コード":"兼用なし","点名":"10B44","成果区分":"世界測地系（測地成果2011）","閲覧・謄本交付の可否":"閲覧・謄本交付可","成果状態":"正常（新設）","ワンストップ可否":"×","助言番号":"H19I0465-5","計画機関名":"国土交通省土地・建設産業局.","_sourceFile":"20260505_202211_Public.geojson","_sourceKind":"Public"}},{"type":"Feature","geometry":{"type":"Point","coordinates":[131.5642348889,32.3991239167]},"properties":{"_markerType":"Icon","_iconUrl":"https://service.gsi.go.jp/kijunten/contents/screen/point/images/Public/TR2.png","_iconSize":[20,20],"name":"基Ⅱ－１７","成果ID":"901558","種別":"基準点","作業内容":"新設","等級":"2級","水準点兼用コード":"兼用なし","点名":"基Ⅱ－１７","成果区分":"世界測地系（測地成果2011）","閲覧・謄本交付の可否":"閲覧・謄本交付可","成果状態":"正常（新設）","ワンストップ可否":"×","助言番号":"H14I0082","計画機関名":"宮崎県","_sourceFile":"20260505_202238_Public.geojson","_sourceKind":"Public"}},{"type":"Feature","geometry":{"type":"Point","coordinates":[131.5626755556,32.4007887222]},"properties":{"_markerType":"Icon","_iconUrl":"https://service.gsi.go.jp/kijunten/contents/screen/point/images/Public/TR2.png","_iconSize":[20,20],"name":"基Ⅱ－１３","成果ID":"901559","種別":"基準点","作業内容":"新設","等級":"2級","水準点兼用コード":"兼用なし","点名":"基Ⅱ－１３","成果区分":"世界測地系（測地成果2011）","閲覧・謄本交付の可否":"閲覧・謄本交付可","成果状態":"正常（新設）","ワンストップ可否":"×","助言番号":"H14I0082","計画機関名":"宮崎県","_sourceFile":"20260505_202238_Public.geojson","_sourceKind":"Public"}},{"type":"Feature","geometry":{"type":"Point","coordinates":[131.5593131667,32.3993674722]},"properties":{"_markerType":"Icon","_iconUrl":"https://service.gsi.go.jp/kijunten/contents/screen/point/images/Public/TR2.png","_iconSize":[20,20],"name":"基Ⅱ－１４","成果ID":"901560","種別":"基準点","作業内容":"新設","等級":"2級","水準点兼用コード":"兼用なし","点名":"基Ⅱ－１４","成果区分":"世界測地系（測地成果2011）","閲覧・謄本交付の可否":"閲覧・謄本交付可","成果状態":"正常（新設）","ワンストップ可否":"×","助言番号":"H14I0082","計画機関名":"宮崎県","_sourceFile":"20260505_202238_Public.geojson","_sourceKind":"Public"}},{"type":"Feature","geometry":{"type":"Point","coordinates":[131.55878525,32.4011736111]},"properties":{"_markerType":"Icon","_iconUrl":"https://service.gsi.go.jp/kijunten/contents/screen/point/images/Public/TR2.png","_iconSize":[20,20],"name":"基Ⅱ－１２","成果ID":"901561","種別":"基準点","作業内容":"新設","等級":"2級","水準点兼用コード":"兼用なし","点名":"基Ⅱ－１２","成果区分":"世界測地系（測地成果2011）","閲覧・謄本交付の可否":"閲覧・謄本交付可","成果状態":"正常（新設）","ワンストップ可否":"×","助言番号":"H14I0082","計画機関名":"宮崎県","_sourceFile":"20260505_202238_Public.geojson","_sourceKind":"Public"}},{"type":"Feature","geometry":{"type":"Point","coordinates":[131.55668475,32.3985840833]},"properties":{"_markerType":"Icon","_iconUrl":"https://service.gsi.go.jp/kijunten/contents/screen/point/images/Public/TR2.png","_iconSize":[20,20],"name":"基Ⅱ－１６","成果ID":"901562","種別":"基準点","作業内容":"新設","等級":"2級","水準点兼用コード":"兼用なし","点名":"基Ⅱ－１６","成果区分":"世界測地系（測地成果2011）","閲覧・謄本交付の可否":"閲覧・謄本交付可","成果状態":"正常（新設）","ワンストップ可否":"×","助言番号":"H14I0082","計画機関名":"宮崎県","_sourceFile":"20260505_202238_Public.geojson","_sourceKind":"Public"}},{"type":"Feature","geometry":{"type":"Point","coordinates":[131.5571754444,32.4033036944]},"properties":{"_markerType":"Icon","_iconUrl":"https://service.gsi.go.jp/kijunten/contents/screen/point/images/Public/TR2.png","_iconSize":[20,20],"name":"基Ⅱ－１０","成果ID":"901563","種別":"基準点","作業内容":"新設","等級":"2級","水準点兼用コード":"兼用なし","点名":"基Ⅱ－１０","成果区分":"世界測地系（測地成果2011）","閲覧・謄本交付の可否":"閲覧・謄本交付可","成果状態":"正常（新設）","ワンストップ可否":"×","助言番号":"H14I0082","計画機関名":"宮崎県","_sourceFile":"20260505_202238_Public.geojson","_sourceKind":"Public"}},{"type":"Feature","geometry":{"type":"Point","coordinates":[131.5534270833,32.3990794444]},"properties":{"_markerType":"Icon","_iconUrl":"https://service.gsi.go.jp/kijunten/contents/screen/point/images/Public/TR2.png","_iconSize":[20,20],"name":"基Ⅱ－１５","成果ID":"901564","種別":"基準点","作業内容":"新設","等級":"2級","水準点兼用コード":"兼用なし","点名":"基Ⅱ－１５","成果区分":"世界測地系（測地成果2011）","閲覧・謄本交付の可否":"閲覧・謄本交付可","成果状態":"正常（新設）","ワンストップ可否":"×","助言番号":"H14I0082","計画機関名":"宮崎県","_sourceFile":"20260505_202238_Public.geojson","_sourceKind":"Public"}},{"type":"Feature","geometry":{"type":"Point","coordinates":[131.5526104444,32.4018350278]},"properties":{"_markerType":"Icon","_iconUrl":"https://service.gsi.go.jp/kijunten/contents/screen/point/images/Public/TR2.png","_iconSize":[20,20],"name":"基Ⅱ－１１","成果ID":"901565","種別":"基準点","作業内容":"新設","等級":"2級","水準点兼用コード":"兼用なし","点名":"基Ⅱ－１１","成果区分":"世界測地系（測地成果2011）","閲覧・謄本交付の可否":"閲覧・謄本交付可","成果状態":"正常（新設）","ワンストップ可否":"×","助言番号":"H14I0082","計画機関名":"宮崎県","_sourceFile":"20260505_202238_Public.geojson","_sourceKind":"Public"}},{"type":"Feature","geometry":{"type":"Point","coordinates":[131.5517052778,32.4040051944]},"properties":{"_markerType":"Icon","_iconUrl":"https://service.gsi.go.jp/kijunten/contents/screen/point/images/Public/TR2.png","_iconSize":[20,20],"name":"基Ⅱ－９","成果ID":"901566","種別":"基準点","作業内容":"新設","等級":"2級","水準点兼用コード":"兼用なし","点名":"基Ⅱ－９","成果区分":"世界測地系（測地成果2011）","閲覧・謄本交付の可否":"閲覧・謄本交付可","成果状態":"正常（新設）","ワンストップ可否":"×","助言番号":"H14I0082","計画機関名":"宮崎県","_sourceFile":"20260505_202238_Public.geojson","_sourceKind":"Public"}},{"type":"Feature","geometry":{"type":"Point","coordinates":[131.5833343056,32.3190383889]},"properties":{"_markerType":"Icon","_iconUrl":"https://service.gsi.go.jp/kijunten/contents/screen/point/images/Public/TR2.png","_iconSize":[20,20],"name":"日-17","成果ID":"902474","種別":"基準点","作業内容":"改算","等級":"2級","水準点兼用コード":"兼用なし","点名":"日-17","成果区分":"世界測地系（測地成果2011）","閲覧・謄本交付の可否":"閲覧・謄本交付可","成果状態":"正常（新設）","ワンストップ可否":"×","助言番号":"H14I0306","計画機関名":"NEXCO西日本九州支社宮崎工事事務所","_sourceFile":"20260505_202238_Public.geojson","_sourceKind":"Public"}},{"type":"Feature","geometry":{"type":"Point","coordinates":[131.6171698333,32.3576782778]},"properties":{"_markerType":"Icon","_iconUrl":"https://service.gsi.go.jp/kijunten/contents/screen/point/images/Public/TR2.png","_iconSize":[20,20],"name":"日-8","成果ID":"902476","種別":"基準点","作業内容":"改算","等級":"2級","水準点兼用コード":"兼用なし","点名":"日-8","成果区分":"世界測地系（測地成果2011）","閲覧・謄本交付の可否":"閲覧・謄本交付可","成果状態":"正常（新設）","ワンストップ可否":"×","助言番号":"H14I0306","計画機関名":"NEXCO西日本九州支社宮崎工事事務所","_sourceFile":"20260505_202238_Public.geojson","_sourceKind":"Public"}},{"type":"Feature","geometry":{"type":"Point","coordinates":[131.5844945556,32.3222343611]},"properties":{"_markerType":"Icon","_iconUrl":"https://service.gsi.go.jp/kijunten/contents/screen/point/images/Public/TR2.png","_iconSize":[20,20],"name":"日-16","成果ID":"902477","種別":"基準点","作業内容":"改算","等級":"2級","水準点兼用コード":"兼用なし","点名":"日-16","成果区分":"世界測地系（測地成果2011）","閲覧・謄本交付の可否":"閲覧・謄本交付可","成果状態":"正常（新設）","ワンストップ可否":"×","助言番号":"H14I0306","計画機関名":"NEXCO西日本九州支社宮崎工事事務所","_sourceFile":"20260505_202238_Public.geojson","_sourceKind":"Public"}},{"type":"Feature","geometry":{"type":"Point","coordinates":[131.6098854722,32.3505163056]},"properties":{"_markerType":"Icon","_iconUrl":"https://service.gsi.go.jp/kijunten/contents/screen/point/images/Public/TR2.png","_iconSize":[20,20],"name":"日-10","成果ID":"902479","種別":"基準点","作業内容":"改算","等級":"2級","水準点兼用コード":"兼用なし","点名":"日-10","成果区分":"世界測地系（測地成果2011）","閲覧・謄本交付の可否":"閲覧・謄本交付可","成果状態":"正常（新設）","ワンストップ可否":"×","助言番号":"H14I0306","計画機関名":"NEXCO西日本九州支社宮崎工事事務所","_sourceFile":"20260505_202238_Public.geojson","_sourceKind":"Public"}},{"type":"Feature","geometry":{"type":"Point","coordinates":[131.6222693056,32.3647631111]},"properties":{"_markerType":"Icon","_iconUrl":"https://service.gsi.go.jp/kijunten/contents/screen/point/images/Public/TR2.png","_iconSize":[20,20],"name":"日-7","成果ID":"902480","種別":"基準点","作業内容":"改算","等級":"2級","水準点兼用コード":"兼用なし","点名":"日-7","成果区分":"世界測地系（測地成果2011）","閲覧・謄本交付の可否":"閲覧・謄本交付可","成果状態":"正常（新設）","ワンストップ可否":"×","助言番号":"H14I0306","計画機関名":"NEXCO西日本九州支社宮崎工事事務所","_sourceFile":"20260505_202238_Public.geojson","_sourceKind":"Public"}},{"type":"Feature","geometry":{"type":"Point","coordinates":[131.5916425278,32.3320945556]},"properties":{"_markerType":"Icon","_iconUrl":"https://service.gsi.go.jp/kijunten/contents/screen/point/images/Public/TR2.png","_iconSize":[20,20],"name":"日-14","成果ID":"902481","種別":"基準点","作業内容":"改算","等級":"2級","水準点兼用コード":"兼用なし","点名":"日-14","成果区分":"世界測地系（測地成果2011）","閲覧・謄本交付の可否":"閲覧・謄本交付可","成果状態":"正常（新設）","ワンストップ可否":"×","助言番号":"H14I0306","計画機関名":"NEXCO西日本九州支社宮崎工事事務所","_sourceFile":"20260505_202238_Public.geojson","_sourceKind":"Public"}},{"type":"Feature","geometry":{"type":"Point","coordinates":[131.6013997222,32.3440364722]},"properties":{"_markerType":"Icon","_iconUrl":"https://service.gsi.go.jp/kijunten/contents/screen/point/images/Public/TR2.png","_iconSize":[20,20],"name":"日-11","成果ID":"902482","種別":"基準点","作業内容":"改算","等級":"2級","水準点兼用コード":"兼用なし","点名":"日-11","成果区分":"世界測地系（測地成果2011）","閲覧・謄本交付の可否":"閲覧・謄本交付可","成果状態":"正常（新設）","ワンストップ可否":"×","助言番号":"H14I0306","計画機関名":"NEXCO西日本九州支社宮崎工事事務所","_sourceFile":"20260505_202238_Public.geojson","_sourceKind":"Public"}},{"type":"Feature","geometry":{"type":"Point","coordinates":[131.59816525,32.3419157222]},"properties":{"_markerType":"Icon","_iconUrl":"https://service.gsi.go.jp/kijunten/contents/screen/point/images/Public/TR2.png","_iconSize":[20,20],"name":"日-12","成果ID":"902483","種別":"基準点","作業内容":"改算","等級":"2級","水準点兼用コード":"兼用なし","点名":"日-12","成果区分":"世界測地系（測地成果2011）","閲覧・謄本交付の可否":"閲覧・謄本交付可","成果状態":"正常（新設）","ワンストップ可否":"×","助言番号":"H14I0306","計画機関名":"NEXCO西日本九州支社宮崎工事事務所","_sourceFile":"20260505_202238_Public.geojson","_sourceKind":"Public"}},{"type":"Feature","geometry":{"type":"Point","coordinates":[131.6113419167,32.3566763889]},"properties":{"_markerType":"Icon","_iconUrl":"https://service.gsi.go.jp/kijunten/contents/screen/point/images/Public/TR2.png","_iconSize":[20,20],"name":"日-9","成果ID":"902484","種別":"基準点","作業内容":"改算","等級":"2級","水準点兼用コード":"兼用なし","点名":"日-9","成果区分":"世界測地系（測地成果2011）","閲覧・謄本交付の可否":"閲覧・謄本交付可","成果状態":"正常（新設）","ワンストップ可否":"×","助言番号":"H14I0306","計画機関名":"NEXCO西日本九州支社宮崎工事事務所","_sourceFile":"20260505_202238_Public.geojson","_sourceKind":"Public"}},{"type":"Feature","geometry":{"type":"Point","coordinates":[131.6209485,32.3679131667]},"properties":{"_markerType":"Icon","_iconUrl":"https://service.gsi.go.jp/kijunten/contents/screen/point/images/Public/TR2.png","_iconSize":[20,20],"name":"日-6","成果ID":"902486","種別":"基準点","作業内容":"改算","等級":"2級","水準点兼用コード":"兼用なし","点名":"日-6","成果区分":"世界測地系（測地成果2011）","閲覧・謄本交付の可否":"閲覧・謄本交付可","成果状態":"正常（新設）","ワンストップ可否":"×","助言番号":"H14I0306","計画機関名":"NEXCO西日本九州支社宮崎工事事務所","_sourceFile":"20260505_202238_Public.geojson","_sourceKind":"Public"}},{"type":"Feature","geometry":{"type":"Point","coordinates":[131.5914843611,32.3360873611]},"properties":{"_markerType":"Icon","_iconUrl":"https://service.gsi.go.jp/kijunten/contents/screen/point/images/Public/TR2.png","_iconSize":[20,20],"name":"日-13","成果ID":"902487","種別":"基準点","作業内容":"改算","等級":"2級","水準点兼用コード":"兼用なし","点名":"日-13","成果区分":"世界測地系（測地成果2011）","閲覧・謄本交付の可否":"閲覧・謄本交付可","成果状態":"正常（新設）","ワンストップ可否":"×","助言番号":"H14I0306","計画機関名":"NEXCO西日本九州支社宮崎工事事務所","_sourceFile":"20260505_202238_Public.geojson","_sourceKind":"Public"}},{"type":"Feature","geometry":{"type":"Point","coordinates":[131.5749621667,32.3179362778]},"properties":{"_markerType":"Icon","_iconUrl":"https://service.gsi.go.jp/kijunten/contents/screen/point/images/Public/TR2.png","_iconSize":[20,20],"name":"日-18","成果ID":"902488","種別":"基準点","作業内容":"改算","等級":"2級","水準点兼用コード":"兼用なし","点名":"日-18","成果区分":"世界測地系（測地成果2011）","閲覧・謄本交付の可否":"閲覧・謄本交付可","成果状態":"正常（新設）","ワンストップ可否":"×","助言番号":"H14I0306","計画機関名":"NEXCO西日本九州支社宮崎工事事務所","_sourceFile":"20260505_202238_Public.geojson","_sourceKind":"Public"}},{"type":"Feature","geometry":{"type":"Point","coordinates":[131.5709376667,32.3146229444]},"properties":{"_markerType":"Icon","_iconUrl":"https://service.gsi.go.jp/kijunten/contents/screen/point/images/Public/TR2.png","_iconSize":[20,20],"name":"日-19","成果ID":"902489","種別":"基準点","作業内容":"改算","等級":"2級","水準点兼用コード":"兼用なし","点名":"日-19","成果区分":"世界測地系（測地成果2011）","閲覧・謄本交付の可否":"閲覧・謄本交付可","成果状態":"正常（新設）","ワンストップ可否":"×","助言番号":"H14I0306","計画機関名":"NEXCO西日本九州支社宮崎工事事務所","_sourceFile":"20260505_202238_Public.geojson","_sourceKind":"Public"}},{"type":"Feature","geometry":{"type":"Point","coordinates":[131.5859106667,32.3324364167]},"properties":{"_markerType":"Icon","_iconUrl":"https://service.gsi.go.jp/kijunten/contents/screen/point/images/Public/TR2.png","_iconSize":[20,20],"name":"日-15","成果ID":"902490","種別":"基準点","作業内容":"改算","等級":"2級","水準点兼用コード":"兼用なし","点名":"日-15","成果区分":"世界測地系（測地成果2011）","閲覧・謄本交付の可否":"閲覧・謄本交付可","成果状態":"正常（新設）","ワンストップ可否":"×","助言番号":"H14I0306","計画機関名":"NEXCO西日本九州支社宮崎工事事務所","_sourceFile":"20260505_202238_Public.geojson","_sourceKind":"Public"}},{"type":"Feature","geometry":{"type":"Point","coordinates":[131.5627951667,32.3081422778]},"properties":{"_markerType":"Icon","_iconUrl":"https://service.gsi.go.jp/kijunten/contents/screen/point/images/Public/TR2.png","_iconSize":[20,20],"name":"日-21","成果ID":"902492","種別":"基準点","作業内容":"改算","等級":"2級","水準点兼用コード":"兼用なし","点名":"日-21","成果区分":"世界測地系（測地成果2011）","閲覧・謄本交付の可否":"閲覧・謄本交付可","成果状態":"正常（新設）","ワンストップ可否":"×","助言番号":"H14I0306","計画機関名":"NEXCO西日本九州支社宮崎工事事務所","_sourceFile":"20260505_202238_Public.geojson","_sourceKind":"Public"}},{"type":"Feature","geometry":{"type":"Point","coordinates":[131.6224134167,32.3779401389]},"properties":{"_markerType":"Icon","_iconUrl":"https://service.gsi.go.jp/kijunten/contents/screen/point/images/Public/TR2.png","_iconSize":[20,20],"name":"日-5","成果ID":"902494","種別":"基準点","作業内容":"改算","等級":"2級","水準点兼用コード":"兼用なし","点名":"日-5","成果区分":"世界測地系（測地成果2011）","閲覧・謄本交付の可否":"閲覧・謄本交付可","成果状態":"正常（新設）","ワンストップ可否":"×","助言番号":"H14I0306","計画機関名":"NEXCO西日本九州支社宮崎工事事務所","_sourceFile":"20260505_202238_Public.geojson","_sourceKind":"Public"}},{"type":"Feature","geometry":{"type":"Point","coordinates":[131.5617181667,32.3103710556]},"properties":{"_markerType":"Icon","_iconUrl":"https://service.gsi.go.jp/kijunten/contents/screen/point/images/Public/TR2.png","_iconSize":[20,20],"name":"日-20","成果ID":"902497","種別":"基準点","作業内容":"改算","等級":"2級","水準点兼用コード":"兼用なし","点名":"日-20","成果区分":"世界測地系（測地成果2011）","閲覧・謄本交付の可否":"閲覧・謄本交付可","成果状態":"正常（新設）","ワンストップ可否":"×","助言番号":"H14I0306","計画機関名":"NEXCO西日本九州支社宮崎工事事務所","_sourceFile":"20260505_202238_Public.geojson","_sourceKind":"Public"}},{"type":"Feature","geometry":{"type":"Point","coordinates":[131.6245227222,32.3861584722]},"properties":{"_markerType":"Icon","_iconUrl":"https://service.gsi.go.jp/kijunten/contents/screen/point/images/Public/TR2.png","_iconSize":[20,20],"name":"日-4","成果ID":"902498","種別":"基準点","作業内容":"改算","等級":"2級","水準点兼用コード":"兼用なし","点名":"日-4","成果区分":"世界測地系（測地成果2011）","閲覧・謄本交付の可否":"閲覧・謄本交付可","成果状態":"正常（新設）","ワンストップ可否":"×","助言番号":"H14I0306","計画機関名":"NEXCO西日本九州支社宮崎工事事務所","_sourceFile":"20260505_202238_Public.geojson","_sourceKind":"Public"}},{"type":"Feature","geometry":{"type":"Point","coordinates":[131.6254568611,32.3921506667]},"properties":{"_markerType":"Icon","_iconUrl":"https://service.gsi.go.jp/kijunten/contents/screen/point/images/Public/TR2.png","_iconSize":[20,20],"name":"日-3","成果ID":"902502","種別":"基準点","作業内容":"改算","等級":"2級","水準点兼用コード":"兼用なし","点名":"日-3","成果区分":"世界測地系（測地成果2011）","閲覧・謄本交付の可否":"閲覧・謄本交付可","成果状態":"正常（新設）","ワンストップ可否":"×","助言番号":"H14I0306","計画機関名":"NEXCO西日本九州支社宮崎工事事務所","_sourceFile":"20260505_202238_Public.geojson","_sourceKind":"Public"}},{"type":"Feature","geometry":{"type":"Point","coordinates":[131.6185551667,32.4016992778]},"properties":{"_markerType":"Icon","_iconUrl":"https://service.gsi.go.jp/kijunten/contents/screen/point/images/Public/TR2.png","_iconSize":[20,20],"name":"日-1","成果ID":"902506","種別":"基準点","作業内容":"改算","等級":"2級","水準点兼用コード":"兼用なし","点名":"日-1","成果区分":"世界測地系（測地成果2011）","閲覧・謄本交付の可否":"閲覧・謄本交付可","成果状態":"正常（新設）","ワンストップ可否":"×","助言番号":"H14I0306","計画機関名":"NEXCO西日本九州支社宮崎工事事務所","_sourceFile":"20260505_202238_Public.geojson","_sourceKind":"Public"}},{"type":"Feature","geometry":{"type":"Point","coordinates":[131.6163176111,32.4049873611]},"properties":{"_markerType":"Icon","_iconUrl":"https://service.gsi.go.jp/kijunten/contents/screen/point/images/Public/TR2.png","_iconSize":[20,20],"name":"門-24","成果ID":"902507","種別":"基準点","作業内容":"改算","等級":"2級","水準点兼用コード":"兼用なし","点名":"門-24","成果区分":"世界測地系（測地成果2011）","閲覧・謄本交付の可否":"閲覧・謄本交付可","成果状態":"正常（新設）","ワンストップ可否":"×","助言番号":"H14I0306","計画機関名":"NEXCO西日本九州支社宮崎工事事務所","_sourceFile":"20260505_202238_Public.geojson","_sourceKind":"Public"}},{"type":"Feature","geometry":{"type":"Point","coordinates":[131.607659,32.4108523333]},"properties":{"_markerType":"Icon","_iconUrl":"https://service.gsi.go.jp/kijunten/contents/screen/point/images/Public/TR2.png","_iconSize":[20,20],"name":"門-23","成果ID":"902508","種別":"基準点","作業内容":"改算","等級":"2級","水準点兼用コード":"兼用なし","点名":"門-23","成果区分":"世界測地系（測地成果2011）","閲覧・謄本交付の可否":"閲覧・謄本交付可","成果状態":"正常（新設）","ワンストップ可否":"×","助言番号":"H14I0306","計画機関名":"NEXCO西日本九州支社宮崎工事事務所","_sourceFile":"20260505_202238_Public.geojson","_sourceKind":"Public"}},{"type":"Feature","geometry":{"type":"Point","coordinates":[131.6041395278,32.4142066389]},"properties":{"_markerType":"Icon","_iconUrl":"https://service.gsi.go.jp/kijunten/contents/screen/point/images/Public/TR2.png","_iconSize":[20,20],"name":"門-22","成果ID":"902509","種別":"基準点","作業内容":"改算","等級":"2級","水準点兼用コード":"兼用なし","点名":"門-22","成果区分":"世界測地系（測地成果2011）","閲覧・謄本交付の可否":"閲覧・謄本交付可","成果状態":"正常（新設）","ワンストップ可否":"×","助言番号":"H14I0306","計画機関名":"NEXCO西日本九州支社宮崎工事事務所","_sourceFile":"20260505_202238_Public.geojson","_sourceKind":"Public"}},{"type":"Feature","geometry":{"type":"Point","coordinates":[131.6008354444,32.4195429167]},"properties":{"_markerType":"Icon","_iconUrl":"https://service.gsi.go.jp/kijunten/contents/screen/point/images/Public/TR2.png","_iconSize":[20,20],"name":"門-21","成果ID":"902510","種別":"基準点","作業内容":"改算","等級":"2級","水準点兼用コード":"兼用なし","点名":"門-21","成果区分":"世界測地系（測地成果2011）","閲覧・謄本交付の可否":"閲覧・謄本交付可","成果状態":"正常（新設）","ワンストップ可否":"×","助言番号":"H14I0306","計画機関名":"NEXCO西日本九州支社宮崎工事事務所","_sourceFile":"20260505_202238_Public.geojson","_sourceKind":"Public"}},{"type":"Feature","geometry":{"type":"Point","coordinates":[131.6017403333,32.4293690556]},"properties":{"_markerType":"Icon","_iconUrl":"https://service.gsi.go.jp/kijunten/contents/screen/point/images/Public/TR2.png","_iconSize":[20,20],"name":"門-19","成果ID":"902511","種別":"基準点","作業内容":"改算","等級":"2級","水準点兼用コード":"兼用なし","点名":"門-19","成果区分":"世界測地系（測地成果2011）","閲覧・謄本交付の可否":"閲覧・謄本交付可","成果状態":"正常（新設）","ワンストップ可否":"×","助言番号":"H14I0306","計画機関名":"NEXCO西日本九州支社宮崎工事事務所","_sourceFile":"20260505_202238_Public.geojson","_sourceKind":"Public"}},{"type":"Feature","geometry":{"type":"Point","coordinates":[131.5964770278,32.4234376667]},"properties":{"_markerType":"Icon","_iconUrl":"https://service.gsi.go.jp/kijunten/contents/screen/point/images/Public/TR2.png","_iconSize":[20,20],"name":"門-20","成果ID":"902512","種別":"基準点","作業内容":"改算","等級":"2級","水準点兼用コード":"兼用なし","点名":"門-20","成果区分":"世界測地系（測地成果2011）","閲覧・謄本交付の可否":"閲覧・謄本交付可","成果状態":"正常（新設）","ワンストップ可否":"×","助言番号":"H14I0306","計画機関名":"NEXCO西日本九州支社宮崎工事事務所","_sourceFile":"20260505_202238_Public.geojson","_sourceKind":"Public"}},{"type":"Feature","geometry":{"type":"Point","coordinates":[131.6012917222,32.4355658611]},"properties":{"_markerType":"Icon","_iconUrl":"https://service.gsi.go.jp/kijunten/contents/screen/point/images/Public/TR2.png","_iconSize":[20,20],"name":"門-17","成果ID":"902517","種別":"基準点","作業内容":"改算","等級":"2級","水準点兼用コード":"兼用なし","点名":"門-17","成果区分":"世界測地系（測地成果2011）","閲覧・謄本交付の可否":"閲覧・謄本交付可","成果状態":"正常（新設）","ワンストップ可否":"×","助言番号":"H14I0306","計画機関名":"NEXCO西日本九州支社宮崎工事事務所","_sourceFile":"20260505_202238_Public.geojson","_sourceKind":"Public"}},{"type":"Feature","geometry":{"type":"Point","coordinates":[131.6051813889,32.4410781389]},"properties":{"_markerType":"Icon","_iconUrl":"https://service.gsi.go.jp/kijunten/contents/screen/point/images/Public/TR2.png","_iconSize":[20,20],"name":"門-16","成果ID":"902518","種別":"基準点","作業内容":"改算","等級":"2級","水準点兼用コード":"兼用なし","点名":"門-16","成果区分":"世界測地系（測地成果2011）","閲覧・謄本交付の可否":"閲覧・謄本交付可","成果状態":"正常（新設）","ワンストップ可否":"×","助言番号":"H14I0306","計画機関名":"NEXCO西日本九州支社宮崎工事事務所","_sourceFile":"20260505_202238_Public.geojson","_sourceKind":"Public"}},{"type":"Feature","geometry":{"type":"Point","coordinates":[131.59721575,32.4323458889]},"properties":{"_markerType":"Icon","_iconUrl":"https://service.gsi.go.jp/kijunten/contents/screen/point/images/Public/TR2.png","_iconSize":[20,20],"name":"門-18","成果ID":"902520","種別":"基準点","作業内容":"改算","等級":"2級","水準点兼用コード":"兼用なし","点名":"門-18","成果区分":"世界測地系（測地成果2011）","閲覧・謄本交付の可否":"閲覧・謄本交付可","成果状態":"正常（新設）","ワンストップ可否":"×","助言番号":"H14I0306","計画機関名":"NEXCO西日本九州支社宮崎工事事務所","_sourceFile":"20260505_202238_Public.geojson","_sourceKind":"Public"}},{"type":"Feature","geometry":{"type":"Point","coordinates":[131.6110447222,32.4521950556]},"properties":{"_markerType":"Icon","_iconUrl":"https://service.gsi.go.jp/kijunten/contents/screen/point/images/Public/TR2.png","_iconSize":[20,20],"name":"門-13","成果ID":"902522","種別":"基準点","作業内容":"改算","等級":"2級","水準点兼用コード":"兼用なし","点名":"門-13","成果区分":"世界測地系（測地成果2011）","閲覧・謄本交付の可否":"閲覧・謄本交付可","成果状態":"正常（新設）","ワンストップ可否":"×","助言番号":"H14I0306","計画機関名":"NEXCO西日本九州支社宮崎工事事務所","_sourceFile":"20260505_202238_Public.geojson","_sourceKind":"Public"}},{"type":"Feature","geometry":{"type":"Point","coordinates":[131.6043596111,32.4452744444]},"properties":{"_markerType":"Icon","_iconUrl":"https://service.gsi.go.jp/kijunten/contents/screen/point/images/Public/TR2.png","_iconSize":[20,20],"name":"門-15","成果ID":"902524","種別":"基準点","作業内容":"改算","等級":"2級","水準点兼用コード":"兼用なし","点名":"門-15","成果区分":"世界測地系（測地成果2011）","閲覧・謄本交付の可否":"閲覧・謄本交付可","成果状態":"正常（新設）","ワンストップ可否":"×","助言番号":"H14I0306","計画機関名":"NEXCO西日本九州支社宮崎工事事務所","_sourceFile":"20260505_202238_Public.geojson","_sourceKind":"Public"}},{"type":"Feature","geometry":{"type":"Point","coordinates":[131.6076028889,32.4493286667]},"properties":{"_markerType":"Icon","_iconUrl":"https://service.gsi.go.jp/kijunten/contents/screen/point/images/Public/TR2.png","_iconSize":[20,20],"name":"門-14","成果ID":"902525","種別":"基準点","作業内容":"改算","等級":"2級","水準点兼用コード":"兼用なし","点名":"門-14","成果区分":"世界測地系（測地成果2011）","閲覧・謄本交付の可否":"閲覧・謄本交付可","成果状態":"正常（新設）","ワンストップ可否":"×","助言番号":"H14I0306","計画機関名":"NEXCO西日本九州支社宮崎工事事務所","_sourceFile":"20260505_202238_Public.geojson","_sourceKind":"Public"}},{"type":"Feature","geometry":{"type":"Point","coordinates":[131.6135026389,32.459436]},"properties":{"_markerType":"Icon","_iconUrl":"https://service.gsi.go.jp/kijunten/contents/screen/point/images/Public/TR2.png","_iconSize":[20,20],"name":"門-12","成果ID":"902529","種別":"基準点","作業内容":"改算","等級":"2級","水準点兼用コード":"兼用なし","点名":"門-12","成果区分":"世界測地系（測地成果2011）","閲覧・謄本交付の可否":"閲覧・謄本交付可","成果状態":"正常（新設）","ワンストップ可否":"×","助言番号":"H14I0306","計画機関名":"NEXCO西日本九州支社宮崎工事事務所","_sourceFile":"20260505_202238_Public.geojson","_sourceKind":"Public"}},{"type":"Feature","geometry":{"type":"Point","coordinates":[131.5345624167,32.3492401111]},"properties":{"_markerType":"Icon","_iconUrl":"https://service.gsi.go.jp/kijunten/contents/screen/point/images/Public/TR2.png","_iconSize":[20,20],"name":"基Ⅱ-18","成果ID":"905398","種別":"基準点","作業内容":"新設","等級":"2級","水準点兼用コード":"兼用なし","点名":"基Ⅱ-18","成果区分":"世界測地系（測地成果2011）","閲覧・謄本交付の可否":"閲覧・謄本交付可","成果状態":"正常（新設）","ワンストップ可否":"×","助言番号":"H15I0043","計画機関名":"宮崎県","_sourceFile":"20260505_202238_Public.geojson","_sourceKind":"Public"}},{"type":"Feature","geometry":{"type":"Point","coordinates":[131.5312093611,32.3479405]},"properties":{"_markerType":"Icon","_iconUrl":"https://service.gsi.go.jp/kijunten/contents/screen/point/images/Public/TR2.png","_iconSize":[20,20],"name":"基Ⅱ-19","成果ID":"905399","種別":"基準点","作業内容":"新設","等級":"2級","水準点兼用コード":"兼用なし","点名":"基Ⅱ-19","成果区分":"世界測地系（測地成果2011）","閲覧・謄本交付の可否":"閲覧・謄本交付可","成果状態":"正常（新設）","ワンストップ可否":"×","助言番号":"H15I0043","計画機関名":"宮崎県","_sourceFile":"20260505_202238_Public.geojson","_sourceKind":"Public"}},{"type":"Feature","geometry":{"type":"Point","coordinates":[131.6408155278,32.45189075]},"properties":{"_markerType":"Icon","_iconUrl":"https://service.gsi.go.jp/kijunten/contents/screen/point/images/Public/TR2.png","_iconSize":[20,20],"name":"265K440","成果ID":"2001759","種別":"基準点","作業内容":"新設","等級":"2級","水準点兼用コード":"兼用なし","点名":"265K440","成果区分":"世界測地系（測地成果2011）","閲覧・謄本交付の可否":"閲覧・謄本交付可","成果状態":"正常（新設）","ワンストップ可否":"○","助言番号":"H21I0349","計画機関名":"九州地方整備局延岡河川国道事務所","_sourceFile":"20260505_202238_Public.geojson","_sourceKind":"Public"}},{"type":"Feature","geometry":{"type":"Point","coordinates":[131.6955121667,32.4534684444]},"properties":{"_markerType":"Icon","_iconUrl":"https://service.gsi.go.jp/kijunten/contents/screen/point/images/Public/TR2.png","_iconSize":[20,20],"name":"NO.2","成果ID":"2202848","種別":"基準点","作業内容":"新設","等級":"2級","水準点兼用コード":"兼用なし","点名":"NO.2","成果区分":"世界測地系（測地成果2011）","閲覧・謄本交付の可否":"閲覧・謄本交付可","成果状態":"正常（新設）","ワンストップ可否":"○","助言番号":"H22I0353","計画機関名":"国土交通省宮崎港湾・空港整備事務所","_sourceFile":"20260505_202238_Public.geojson","_sourceKind":"Public"}},{"type":"Feature","geometry":{"type":"Point","coordinates":[131.57711477777778,32.37761341666667]},"properties":{"_markerType":"Icon","_iconUrl":"https://service.gsi.go.jp/kijunten/contents/screen/point/images/Public/TR2.png","_iconSize":[20,20],"name":"基Ⅱ-1","成果ID":"8302778","種別":"基準点","作業内容":"新設","等級":"2級","水準点兼用コード":"兼用なし","点名":"基Ⅱ-1","成果区分":"世界測地系（測地成果2011）","閲覧・謄本交付の可否":"閲覧・謄本交付可","成果状態":"正常（新設）","ワンストップ可否":"×","助言番号":"H30I0227","計画機関名":"宮崎県","_sourceFile":"20260505_202238_Public.geojson","_sourceKind":"Public"}},{"type":"Feature","geometry":{"type":"Point","coordinates":[131.58001202777777,32.3740805]},"properties":{"_markerType":"Icon","_iconUrl":"https://service.gsi.go.jp/kijunten/contents/screen/point/images/Public/TR2.png","_iconSize":[20,20],"name":"基Ⅱ-2","成果ID":"8302779","種別":"基準点","作業内容":"新設","等級":"2級","水準点兼用コード":"兼用なし","点名":"基Ⅱ-2","成果区分":"世界測地系（測地成果2011）","閲覧・謄本交付の可否":"閲覧・謄本交付可","成果状態":"正常（新設）","ワンストップ可否":"×","助言番号":"H30I0227","計画機関名":"宮崎県","_sourceFile":"20260505_202238_Public.geojson","_sourceKind":"Public"}},{"type":"Feature","geometry":{"type":"Point","coordinates":[131.58521322222222,32.37438297222222]},"properties":{"_markerType":"Icon","_iconUrl":"https://service.gsi.go.jp/kijunten/contents/screen/point/images/Public/TR2.png","_iconSize":[20,20],"name":"基Ⅱ-3","成果ID":"8302780","種別":"基準点","作業内容":"新設","等級":"2級","水準点兼用コード":"兼用なし","点名":"基Ⅱ-3","成果区分":"世界測地系（測地成果2011）","閲覧・謄本交付の可否":"閲覧・謄本交付可","成果状態":"正常（新設）","ワンストップ可否":"×","助言番号":"H30I0227","計画機関名":"宮崎県","_sourceFile":"20260505_202238_Public.geojson","_sourceKind":"Public"}},{"type":"Feature","geometry":{"type":"Point","coordinates":[131.62760769444446,32.40946808333333]},"properties":{"_markerType":"Icon","_iconUrl":"https://service.gsi.go.jp/kijunten/contents/screen/point/images/Public/TR2.png","_iconSize":[20,20],"name":"2NO-1","成果ID":"8333939","種別":"基準点","作業内容":"新設","等級":"2級","水準点兼用コード":"兼用なし","点名":"2NO-1","成果区分":"世界測地系（測地成果2011）","閲覧・謄本交付の可否":"閲覧・謄本交付可","成果状態":"正常（新設）","ワンストップ可否":"×","助言番号":"R02I0045","計画機関名":"宮崎県日向市","_sourceFile":"20260505_202238_Public.geojson","_sourceKind":"Public"}},{"type":"Feature","geometry":{"type":"Point","coordinates":[131.62746855555557,32.404103194444446]},"properties":{"_markerType":"Icon","_iconUrl":"https://service.gsi.go.jp/kijunten/contents/screen/point/images/Public/TR2.png","_iconSize":[20,20],"name":"2NO-2","成果ID":"8333940","種別":"基準点","作業内容":"新設","等級":"2級","水準点兼用コード":"兼用なし","点名":"2NO-2","成果区分":"世界測地系（測地成果2011）","閲覧・謄本交付の可否":"閲覧・謄本交付可","成果状態":"正常（新設）","ワンストップ可否":"×","助言番号":"R02I0045","計画機関名":"宮崎県日向市","_sourceFile":"20260505_202238_Public.geojson","_sourceKind":"Public"}},{"type":"Feature","geometry":{"type":"Point","coordinates":[131.62741944444446,32.39927313888889]},"properties":{"_markerType":"Icon","_iconUrl":"https://service.gsi.go.jp/kijunten/contents/screen/point/images/Public/TR2.png","_iconSize":[20,20],"name":"2NO-3","成果ID":"8333941","種別":"基準点","作業内容":"新設","等級":"2級","水準点兼用コード":"兼用なし","点名":"2NO-3","成果区分":"世界測地系（測地成果2011）","閲覧・謄本交付の可否":"閲覧・謄本交付可","成果状態":"正常（新設）","ワンストップ可否":"×","助言番号":"R02I0045","計画機関名":"宮崎県日向市","_sourceFile":"20260505_202238_Public.geojson","_sourceKind":"Public"}},{"type":"Feature","geometry":{"type":"Point","coordinates":[131.62735841666668,32.395257055555554]},"properties":{"_markerType":"Icon","_iconUrl":"https://service.gsi.go.jp/kijunten/contents/screen/point/images/Public/TR2.png","_iconSize":[20,20],"name":"2NO-4","成果ID":"8333942","種別":"基準点","作業内容":"新設","等級":"2級","水準点兼用コード":"兼用なし","点名":"2NO-4","成果区分":"世界測地系（測地成果2011）","閲覧・謄本交付の可否":"閲覧・謄本交付可","成果状態":"正常（新設）","ワンストップ可否":"×","助言番号":"R02I0045","計画機関名":"宮崎県日向市","_sourceFile":"20260505_202238_Public.geojson","_sourceKind":"Public"}},{"type":"Feature","geometry":{"type":"Point","coordinates":[131.6228998888889,32.39559161111111]},"properties":{"_markerType":"Icon","_iconUrl":"https://service.gsi.go.jp/kijunten/contents/screen/point/images/Public/TR2.png","_iconSize":[20,20],"name":"2NO-5","成果ID":"8333943","種別":"基準点","作業内容":"新設","等級":"2級","水準点兼用コード":"兼用なし","点名":"2NO-5","成果区分":"世界測地系（測地成果2011）","閲覧・謄本交付の可否":"閲覧・謄本交付可","成果状態":"正常（新設）","ワンストップ可否":"×","助言番号":"R02I0045","計画機関名":"宮崎県日向市","_sourceFile":"20260505_202238_Public.geojson","_sourceKind":"Public"}},{"type":"Feature","geometry":{"type":"Point","coordinates":[131.6178582777778,32.399161916666664]},"properties":{"_markerType":"Icon","_iconUrl":"https://service.gsi.go.jp/kijunten/contents/screen/point/images/Public/TR2.png","_iconSize":[20,20],"name":"2NO-6","成果ID":"8333944","種別":"基準点","作業内容":"新設","等級":"2級","水準点兼用コード":"兼用なし","点名":"2NO-6","成果区分":"世界測地系（測地成果2011）","閲覧・謄本交付の可否":"閲覧・謄本交付可","成果状態":"正常（新設）","ワンストップ可否":"×","助言番号":"R02I0045","計画機関名":"宮崎県日向市","_sourceFile":"20260505_202238_Public.geojson","_sourceKind":"Public"}},{"type":"Feature","geometry":{"type":"Point","coordinates":[131.61779644444445,32.40227222222222]},"properties":{"_markerType":"Icon","_iconUrl":"https://service.gsi.go.jp/kijunten/contents/screen/point/images/Public/TR2.png","_iconSize":[20,20],"name":"2NO-7","成果ID":"8333945","種別":"基準点","作業内容":"新設","等級":"2級","水準点兼用コード":"兼用なし","点名":"2NO-7","成果区分":"世界測地系（測地成果2011）","閲覧・謄本交付の可否":"閲覧・謄本交付可","成果状態":"正常（新設）","ワンストップ可否":"×","助言番号":"R02I0045","計画機関名":"宮崎県日向市","_sourceFile":"20260505_202238_Public.geojson","_sourceKind":"Public"}},{"type":"Feature","geometry":{"type":"Point","coordinates":[131.61934180555556,32.406488555555555]},"properties":{"_markerType":"Icon","_iconUrl":"https://service.gsi.go.jp/kijunten/contents/screen/point/images/Public/TR2.png","_iconSize":[20,20],"name":"2NO-8","成果ID":"8333946","種別":"基準点","作業内容":"新設","等級":"2級","水準点兼用コード":"兼用なし","点名":"2NO-8","成果区分":"世界測地系（測地成果2011）","閲覧・謄本交付の可否":"閲覧・謄本交付可","成果状態":"正常（新設）","ワンストップ可否":"×","助言番号":"R02I0045","計画機関名":"宮崎県日向市","_sourceFile":"20260505_202238_Public.geojson","_sourceKind":"Public"}},{"type":"Feature","geometry":{"type":"Point","coordinates":[131.6226393611111,32.41029366666667]},"properties":{"_markerType":"Icon","_iconUrl":"https://service.gsi.go.jp/kijunten/contents/screen/point/images/Public/TR2.png","_iconSize":[20,20],"name":"2NO-9","成果ID":"8333947","種別":"基準点","作業内容":"新設","等級":"2級","水準点兼用コード":"兼用なし","点名":"2NO-9","成果区分":"世界測地系（測地成果2011）","閲覧・謄本交付の可否":"閲覧・謄本交付可","成果状態":"正常（新設）","ワンストップ可否":"×","助言番号":"R02I0045","計画機関名":"宮崎県日向市","_sourceFile":"20260505_202238_Public.geojson","_sourceKind":"Public"}},{"type":"Feature","geometry":{"type":"Point","coordinates":[131.62328,32.405398416666664]},"properties":{"_markerType":"Icon","_iconUrl":"https://service.gsi.go.jp/kijunten/contents/screen/point/images/Public/TR2.png","_iconSize":[20,20],"name":"2NO-10","成果ID":"8333948","種別":"基準点","作業内容":"新設","等級":"2級","水準点兼用コード":"兼用なし","点名":"2NO-10","成果区分":"世界測地系（測地成果2011）","閲覧・謄本交付の可否":"閲覧・謄本交付可","成果状態":"正常（新設）","ワンストップ可否":"×","助言番号":"R02I0045","計画機関名":"宮崎県日向市","_sourceFile":"20260505_202238_Public.geojson","_sourceKind":"Public"}},{"type":"Feature","geometry":{"type":"Point","coordinates":[131.62297455555557,32.40150905555556]},"properties":{"_markerType":"Icon","_iconUrl":"https://service.gsi.go.jp/kijunten/contents/screen/point/images/Public/TR2.png","_iconSize":[20,20],"name":"2NO-11","成果ID":"8333949","種別":"基準点","作業内容":"新設","等級":"2級","水準点兼用コード":"兼用なし","点名":"2NO-11","成果区分":"世界測地系（測地成果2011）","閲覧・謄本交付の可否":"閲覧・謄本交付可","成果状態":"正常（新設）","ワンストップ可否":"×","助言番号":"R02I0045","計画機関名":"宮崎県日向市","_sourceFile":"20260505_202238_Public.geojson","_sourceKind":"Public"}},{"type":"Feature","geometry":{"type":"Point","coordinates":[131.59257205555556,32.36717483333334]},"properties":{"_markerType":"Icon","_iconUrl":"https://service.gsi.go.jp/kijunten/contents/screen/point/images/Public/TR2.png","_iconSize":[20,20],"name":"基Ⅱ-4","成果ID":"8350608","種別":"基準点","作業内容":"新設","等級":"2級","水準点兼用コード":"兼用なし","点名":"基Ⅱ-4","成果区分":"世界測地系（測地成果2011）","閲覧・謄本交付の可否":"閲覧・謄本交付可","成果状態":"正常（新設）","ワンストップ可否":"×","助言番号":"R02I0333","計画機関名":"宮崎県東臼杵農林振興局","_sourceFile":"20260505_202238_Public.geojson","_sourceKind":"Public"}},{"type":"Feature","geometry":{"type":"Point","coordinates":[131.59674969444444,32.36286372222222]},"properties":{"_markerType":"Icon","_iconUrl":"https://service.gsi.go.jp/kijunten/contents/screen/point/images/Public/TR2.png","_iconSize":[20,20],"name":"基Ⅱ-5","成果ID":"8350609","種別":"基準点","作業内容":"新設","等級":"2級","水準点兼用コード":"兼用なし","点名":"基Ⅱ-5","成果区分":"世界測地系（測地成果2011）","閲覧・謄本交付の可否":"閲覧・謄本交付可","成果状態":"正常（新設）","ワンストップ可否":"×","助言番号":"R02I0333","計画機関名":"宮崎県東臼杵農林振興局","_sourceFile":"20260505_202238_Public.geojson","_sourceKind":"Public"}},{"type":"Feature","geometry":{"type":"Point","coordinates":[131.59746158333334,32.36740041666667]},"properties":{"_markerType":"Icon","_iconUrl":"https://service.gsi.go.jp/kijunten/contents/screen/point/images/Public/TR2.png","_iconSize":[20,20],"name":"基Ⅱ-6","成果ID":"8350610","種別":"基準点","作業内容":"新設","等級":"2級","水準点兼用コード":"兼用なし","点名":"基Ⅱ-6","成果区分":"世界測地系（測地成果2011）","閲覧・謄本交付の可否":"閲覧・謄本交付可","成果状態":"正常（新設）","ワンストップ可否":"×","助言番号":"R02I0333","計画機関名":"宮崎県東臼杵農林振興局","_sourceFile":"20260505_202238_Public.geojson","_sourceKind":"Public"}},{"type":"Feature","geometry":{"type":"Point","coordinates":[131.60127552777777,32.36572788888889]},"properties":{"_markerType":"Icon","_iconUrl":"https://service.gsi.go.jp/kijunten/contents/screen/point/images/Public/TR2.png","_iconSize":[20,20],"name":"基Ⅱ-7","成果ID":"8350611","種別":"基準点","作業内容":"新設","等級":"2級","水準点兼用コード":"兼用なし","点名":"基Ⅱ-7","成果区分":"世界測地系（測地成果2011）","閲覧・謄本交付の可否":"閲覧・謄本交付可","成果状態":"正常（新設）","ワンストップ可否":"×","助言番号":"R02I0333","計画機関名":"宮崎県東臼杵農林振興局","_sourceFile":"20260505_202238_Public.geojson","_sourceKind":"Public"}},{"type":"Feature","geometry":{"type":"Point","coordinates":[131.6050388611111,32.36528852777778]},"properties":{"_markerType":"Icon","_iconUrl":"https://service.gsi.go.jp/kijunten/contents/screen/point/images/Public/TR2.png","_iconSize":[20,20],"name":"基Ⅱ-8","成果ID":"8350612","種別":"基準点","作業内容":"新設","等級":"2級","水準点兼用コード":"兼用なし","点名":"基Ⅱ-8","成果区分":"世界測地系（測地成果2011）","閲覧・謄本交付の可否":"閲覧・謄本交付可","成果状態":"正常（新設）","ワンストップ可否":"×","助言番号":"R02I0333","計画機関名":"宮崎県東臼杵農林振興局","_sourceFile":"20260505_202238_Public.geojson","_sourceKind":"Public"}},{"type":"Feature","geometry":{"type":"Point","coordinates":[131.59098205555557,32.36529525]},"properties":{"_markerType":"Icon","_iconUrl":"https://service.gsi.go.jp/kijunten/contents/screen/point/images/Public/TR2.png","_iconSize":[20,20],"name":"基Ⅱ-10","成果ID":"8391936","種別":"基準点","作業内容":"新設","等級":"2級","水準点兼用コード":"兼用なし","点名":"基Ⅱ-10","成果区分":"世界測地系（測地成果2011）","閲覧・謄本交付の可否":"閲覧・謄本交付可","成果状態":"正常（新設）","ワンストップ可否":"×","助言番号":"R04I0651","計画機関名":"宮崎県東臼杵農林振興局","_sourceFile":"20260505_202238_Public.geojson","_sourceKind":"Public"}},{"type":"Feature","geometry":{"type":"Point","coordinates":[131.58492136111113,32.3650175]},"properties":{"_markerType":"Icon","_iconUrl":"https://service.gsi.go.jp/kijunten/contents/screen/point/images/Public/TR2.png","_iconSize":[20,20],"name":"基Ⅱ-11","成果ID":"8391937","種別":"基準点","作業内容":"新設","等級":"2級","水準点兼用コード":"兼用なし","点名":"基Ⅱ-11","成果区分":"世界測地系（測地成果2011）","閲覧・謄本交付の可否":"閲覧・謄本交付可","成果状態":"正常（新設）","ワンストップ可否":"×","助言番号":"R04I0651","計画機関名":"宮崎県東臼杵農林振興局","_sourceFile":"20260505_202238_Public.geojson","_sourceKind":"Public"}},{"type":"Feature","geometry":{"type":"Point","coordinates":[131.58657905555557,32.362718916666665]},"properties":{"_markerType":"Icon","_iconUrl":"https://service.gsi.go.jp/kijunten/contents/screen/point/images/Public/TR2.png","_iconSize":[20,20],"name":"基Ⅱ-12","成果ID":"8391938","種別":"基準点","作業内容":"新設","等級":"2級","水準点兼用コード":"兼用なし","点名":"基Ⅱ-12","成果区分":"世界測地系（測地成果2011）","閲覧・謄本交付の可否":"閲覧・謄本交付可","成果状態":"正常（新設）","ワンストップ可否":"×","助言番号":"R04I0651","計画機関名":"宮崎県東臼杵農林振興局","_sourceFile":"20260505_202238_Public.geojson","_sourceKind":"Public"}},{"type":"Feature","geometry":{"type":"Point","coordinates":[131.58135166666665,32.36319325]},"properties":{"_markerType":"Icon","_iconUrl":"https://service.gsi.go.jp/kijunten/contents/screen/point/images/Public/TR2.png","_iconSize":[20,20],"name":"基Ⅱ-13","成果ID":"8391939","種別":"基準点","作業内容":"新設","等級":"2級","水準点兼用コード":"兼用なし","点名":"基Ⅱ-13","成果区分":"世界測地系（測地成果2011）","閲覧・謄本交付の可否":"閲覧・謄本交付可","成果状態":"正常（新設）","ワンストップ可否":"×","助言番号":"R04I0651","計画機関名":"宮崎県東臼杵農林振興局","_sourceFile":"20260505_202238_Public.geojson","_sourceKind":"Public"}},{"type":"Feature","geometry":{"type":"Point","coordinates":[131.58500022222222,32.359557083333335]},"properties":{"_markerType":"Icon","_iconUrl":"https://service.gsi.go.jp/kijunten/contents/screen/point/images/Public/TR2.png","_iconSize":[20,20],"name":"基Ⅱ-14","成果ID":"8391940","種別":"基準点","作業内容":"新設","等級":"2級","水準点兼用コード":"兼用なし","点名":"基Ⅱ-14","成果区分":"世界測地系（測地成果2011）","閲覧・謄本交付の可否":"閲覧・謄本交付可","成果状態":"正常（新設）","ワンストップ可否":"×","助言番号":"R04I0651","計画機関名":"宮崎県東臼杵農林振興局","_sourceFile":"20260505_202238_Public.geojson","_sourceKind":"Public"}},{"type":"Feature","geometry":{"type":"Point","coordinates":[131.58636905555556,32.36866008333333]},"properties":{"_markerType":"Icon","_iconUrl":"https://service.gsi.go.jp/kijunten/contents/screen/point/images/Public/TR2.png","_iconSize":[20,20],"name":"基Ⅱ-9","成果ID":"8391941","種別":"基準点","作業内容":"新設","等級":"2級","水準点兼用コード":"兼用なし","点名":"基Ⅱ-9","成果区分":"世界測地系（測地成果2011）","閲覧・謄本交付の可否":"閲覧・謄本交付可","成果状態":"正常（新設）","ワンストップ可否":"×","助言番号":"R04I0651","計画機関名":"宮崎県東臼杵農林振興局","_sourceFile":"20260505_202238_Public.geojson","_sourceKind":"Public"}},{"type":"Feature","geometry":{"type":"Point","coordinates":[131.6658046667,32.4382696111]},"properties":{"_markerType":"Icon","_iconUrl":"https://service.gsi.go.jp/kijunten/contents/screen/point/images/Public/TR2L.png","_iconSize":[20,20],"name":"NO.4","成果ID":"2202849","種別":"基準点","作業内容":"新設","等級":"2級","水準点兼用コード":"水準点兼用（3級）","点名":"NO.4","成果区分":"世界測地系（測地成果2011）","閲覧・謄本交付の可否":"閲覧・謄本交付可","成果状態":"正常（新設）","ワンストップ可否":"○","助言番号":"H22I0353","計画機関名":"国土交通省宮崎港湾・空港整備事務所","_sourceFile":"20260505_202238_Public.geojson","_sourceKind":"Public"}},{"type":"Feature","geometry":{"type":"Point","coordinates":[131.6665296667,32.4441427778]},"properties":{"_markerType":"Icon","_iconUrl":"https://service.gsi.go.jp/kijunten/contents/screen/point/images/Public/TR2L.png","_iconSize":[20,20],"name":"NO.5","成果ID":"2202850","種別":"基準点","作業内容":"新設","等級":"2級","水準点兼用コード":"水準点兼用（3級）","点名":"NO.5","成果区分":"世界測地系（測地成果2011）","閲覧・謄本交付の可否":"閲覧・謄本交付可","成果状態":"正常（新設）","ワンストップ可否":"○","助言番号":"H22I0353","計画機関名":"国土交通省宮崎港湾・空港整備事務所","_sourceFile":"20260505_202238_Public.geojson","_sourceKind":"Public"}},{"type":"Feature","geometry":{"type":"Point","coordinates":[131.67370227777778,32.44691608333333]},"properties":{"_markerType":"Icon","_iconUrl":"https://service.gsi.go.jp/kijunten/contents/screen/point/images/Public/TR2L.png","_iconSize":[20,20],"name":"基.3","成果ID":"2202851","種別":"基準点","作業内容":"新設","等級":"2級","水準点兼用コード":"水準点兼用（3級）","点名":"基.3","成果区分":"世界測地系（測地成果2011）","閲覧・謄本交付の可否":"閲覧・謄本交付可","成果状態":"正常（新設）","ワンストップ可否":"○","助言番号":"H22I0353","計画機関名":"国土交通省宮崎港湾・空港整備事務所","_sourceFile":"20260505_202238_Public.geojson","_sourceKind":"Public"}},{"type":"Feature","geometry":{"type":"Point","coordinates":[131.6455371111111,32.437138]},"properties":{"_markerType":"Icon","_iconUrl":"https://service.gsi.go.jp/kijunten/contents/screen/point/images/Public/TR2L.png","_iconSize":[20,20],"name":"基細2-1","成果ID":"8361016","種別":"基準点","作業内容":"新設","等級":"2級","水準点兼用コード":"水準点兼用（3級）","点名":"基細2-1","成果区分":"世界測地系（測地成果2011）","閲覧・謄本交付の可否":"閲覧・謄本交付可","成果状態":"正常（新設）","ワンストップ可否":"○","助言番号":"R03I0227","計画機関名":"九州地方整備局宮崎港湾・空港整備事務所","_sourceFile":"20260505_202238_Public.geojson","_sourceKind":"Public"}},{"type":"Feature","geometry":{"type":"Point","coordinates":[131.64368252777777,32.44043408333333]},"properties":{"_markerType":"Icon","_iconUrl":"https://service.gsi.go.jp/kijunten/contents/screen/point/images/Public/TR2L.png","_iconSize":[20,20],"name":"基細2-2","成果ID":"8361017","種別":"基準点","作業内容":"新設","等級":"2級","水準点兼用コード":"水準点兼用（3級）","点名":"基細2-2","成果区分":"世界測地系（測地成果2011）","閲覧・謄本交付の可否":"閲覧・謄本交付可","成果状態":"正常（新設）","ワンストップ可否":"○","助言番号":"R03I0227","計画機関名":"九州地方整備局宮崎港湾・空港整備事務所","_sourceFile":"20260505_202238_Public.geojson","_sourceKind":"Public"}},{"type":"Feature","geometry":{"type":"Point","coordinates":[131.6224549167,32.4208198611]},"properties":{"_markerType":"Icon","_iconUrl":"https://service.gsi.go.jp/kijunten/contents/screen/point/images/Public/TR3.png","_iconSize":[20,20],"name":"3NO.90","成果ID":"913542","種別":"基準点","作業内容":"改測","等級":"3級","水準点兼用コード":"兼用なし","点名":"3NO.90","成果区分":"世界測地系（測地成果2011）","閲覧・謄本交付の可否":"閲覧・謄本交付可","成果状態":"正常（新設）","ワンストップ可否":"×","助言番号":"H17I0260","計画機関名":"日向市","_sourceFile":"20260505_202238_Public.geojson","_sourceKind":"Public"}},{"type":"Feature","geometry":{"type":"Point","coordinates":[131.6279011389,32.4211694167]},"properties":{"_markerType":"Icon","_iconUrl":"https://service.gsi.go.jp/kijunten/contents/screen/point/images/Public/TR3.png","_iconSize":[20,20],"name":"3NO.91","成果ID":"913543","種別":"基準点","作業内容":"改測","等級":"3級","水準点兼用コード":"兼用なし","点名":"3NO.91","成果区分":"世界測地系（測地成果2011）","閲覧・謄本交付の可否":"閲覧・謄本交付可","成果状態":"正常（新設）","ワンストップ可否":"×","助言番号":"H17I0260","計画機関名":"日向市","_sourceFile":"20260505_202238_Public.geojson","_sourceKind":"Public"}},{"type":"Feature","geometry":{"type":"Point","coordinates":[131.6275338333,32.4185816111]},"properties":{"_markerType":"Icon","_iconUrl":"https://service.gsi.go.jp/kijunten/contents/screen/point/images/Public/TR3.png","_iconSize":[20,20],"name":"3NO.92","成果ID":"913544","種別":"基準点","作業内容":"改測","等級":"3級","水準点兼用コード":"兼用なし","点名":"3NO.92","成果区分":"世界測地系（測地成果2011）","閲覧・謄本交付の可否":"閲覧・謄本交付可","成果状態":"正常（新設）","ワンストップ可否":"×","助言番号":"H17I0260","計画機関名":"日向市","_sourceFile":"20260505_202238_Public.geojson","_sourceKind":"Public"}},{"type":"Feature","geometry":{"type":"Point","coordinates":[131.6247885,32.417785]},"properties":{"_markerType":"Icon","_iconUrl":"https://service.gsi.go.jp/kijunten/contents/screen/point/images/Public/TR3.png","_iconSize":[20,20],"name":"3NO.94","成果ID":"913545","種別":"基準点","作業内容":"改測","等級":"3級","水準点兼用コード":"兼用なし","点名":"3NO.94","成果区分":"世界測地系（測地成果2011）","閲覧・謄本交付の可否":"閲覧・謄本交付可","成果状態":"正常（新設）","ワンストップ可否":"×","助言番号":"H17I0260","計画機関名":"日向市","_sourceFile":"20260505_202238_Public.geojson","_sourceKind":"Public"}},{"type":"Feature","geometry":{"type":"Point","coordinates":[131.6448146111,32.456811]},"properties":{"_markerType":"Icon","_iconUrl":"https://service.gsi.go.jp/kijunten/contents/screen/point/images/Public/TR3.png","_iconSize":[20,20],"name":"264K790","成果ID":"2001760","種別":"基準点","作業内容":"新設","等級":"3級","水準点兼用コード":"兼用なし","点名":"264K790","成果区分":"世界測地系（測地成果2011）","閲覧・謄本交付の可否":"閲覧・謄本交付可","成果状態":"正常（新設）","ワンストップ可否":"○","助言番号":"H21I0349","計画機関名":"九州地方整備局延岡河川国道事務所","_sourceFile":"20260505_202238_Public.geojson","_sourceKind":"Public"}},{"type":"Feature","geometry":{"type":"Point","coordinates":[131.6438697222,32.4555391111]},"properties":{"_markerType":"Icon","_iconUrl":"https://service.gsi.go.jp/kijunten/contents/screen/point/images/Public/TR3.png","_iconSize":[20,20],"name":"264K950","成果ID":"2001761","種別":"基準点","作業内容":"新設","等級":"3級","水準点兼用コード":"兼用なし","点名":"264K950","成果区分":"世界測地系（測地成果2011）","閲覧・謄本交付の可否":"閲覧・謄本交付可","成果状態":"正常（新設）","ワンストップ可否":"○","助言番号":"H21I0349","計画機関名":"九州地方整備局延岡河川国道事務所","_sourceFile":"20260505_202238_Public.geojson","_sourceKind":"Public"}},{"type":"Feature","geometry":{"type":"Point","coordinates":[131.6423933056,32.4539651667]},"properties":{"_markerType":"Icon","_iconUrl":"https://service.gsi.go.jp/kijunten/contents/screen/point/images/Public/TR3.png","_iconSize":[20,20],"name":"265K170","成果ID":"2001762","種別":"基準点","作業内容":"新設","等級":"3級","水準点兼用コード":"兼用なし","点名":"265K170","成果区分":"世界測地系（測地成果2011）","閲覧・謄本交付の可否":"閲覧・謄本交付可","成果状態":"正常（新設）","ワンストップ可否":"○","助言番号":"H21I0349","計画機関名":"九州地方整備局延岡河川国道事務所","_sourceFile":"20260505_202238_Public.geojson","_sourceKind":"Public"}},{"type":"Feature","geometry":{"type":"Point","coordinates":[131.5552461944,32.3903689444]},"properties":{"_markerType":"Icon","_iconUrl":"https://service.gsi.go.jp/kijunten/contents/screen/point/images/Public/TR3.png","_iconSize":[20,20],"name":"H25-3NO.1","成果ID":"8133750","種別":"基準点","作業内容":"新設","等級":"3級","水準点兼用コード":"兼用なし","点名":"H25-3NO.1","成果区分":"世界測地系（測地成果2011）","閲覧・謄本交付の可否":"閲覧・謄本交付可","成果状態":"正常（新設）","ワンストップ可否":"×","助言番号":"H25I0283","計画機関名":"宮崎県日向土木事務所","_sourceFile":"20260505_202238_Public.geojson","_sourceKind":"Public"}},{"type":"Feature","geometry":{"type":"Point","coordinates":[131.5555371389,32.3909726389]},"properties":{"_markerType":"Icon","_iconUrl":"https://service.gsi.go.jp/kijunten/contents/screen/point/images/Public/TR3.png","_iconSize":[20,20],"name":"H25-3NO.2","成果ID":"8133751","種別":"基準点","作業内容":"新設","等級":"3級","水準点兼用コード":"兼用なし","点名":"H25-3NO.2","成果区分":"世界測地系（測地成果2011）","閲覧・謄本交付の可否":"閲覧・謄本交付可","成果状態":"正常（新設）","ワンストップ可否":"×","助言番号":"H25I0283","計画機関名":"宮崎県日向土木事務所","_sourceFile":"20260505_202238_Public.geojson","_sourceKind":"Public"}},{"type":"Feature","geometry":{"type":"Point","coordinates":[131.5508795833,32.3929110833]},"properties":{"_markerType":"Icon","_iconUrl":"https://service.gsi.go.jp/kijunten/contents/screen/point/images/Public/TR3.png","_iconSize":[20,20],"name":"H25-3NO.3","成果ID":"8133752","種別":"基準点","作業内容":"新設","等級":"3級","水準点兼用コード":"兼用なし","点名":"H25-3NO.3","成果区分":"世界測地系（測地成果2011）","閲覧・謄本交付の可否":"閲覧・謄本交付可","成果状態":"正常（新設）","ワンストップ可否":"×","助言番号":"H25I0283","計画機関名":"宮崎県日向土木事務所","_sourceFile":"20260505_202238_Public.geojson","_sourceKind":"Public"}},{"type":"Feature","geometry":{"type":"Point","coordinates":[131.5492488611,32.392904]},"properties":{"_markerType":"Icon","_iconUrl":"https://service.gsi.go.jp/kijunten/contents/screen/point/images/Public/TR3.png","_iconSize":[20,20],"name":"H25-3NO.4","成果ID":"8133753","種別":"基準点","作業内容":"新設","等級":"3級","水準点兼用コード":"兼用なし","点名":"H25-3NO.4","成果区分":"世界測地系（測地成果2011）","閲覧・謄本交付の可否":"閲覧・謄本交付可","成果状態":"正常（新設）","ワンストップ可否":"×","助言番号":"H25I0283","計画機関名":"宮崎県日向土木事務所","_sourceFile":"20260505_202238_Public.geojson","_sourceKind":"Public"}},{"type":"Feature","geometry":{"type":"Point","coordinates":[131.5420634722,32.3926879722]},"properties":{"_markerType":"Icon","_iconUrl":"https://service.gsi.go.jp/kijunten/contents/screen/point/images/Public/TR3.png","_iconSize":[20,20],"name":"H25-3NO.5","成果ID":"8133754","種別":"基準点","作業内容":"新設","等級":"3級","水準点兼用コード":"兼用なし","点名":"H25-3NO.5","成果区分":"世界測地系（測地成果2011）","閲覧・謄本交付の可否":"閲覧・謄本交付可","成果状態":"正常（新設）","ワンストップ可否":"×","助言番号":"H25I0283","計画機関名":"宮崎県日向土木事務所","_sourceFile":"20260505_202238_Public.geojson","_sourceKind":"Public"}},{"type":"Feature","geometry":{"type":"Point","coordinates":[131.54139530555554,32.393484694444446]},"properties":{"_markerType":"Icon","_iconUrl":"https://service.gsi.go.jp/kijunten/contents/screen/point/images/Public/TR3.png","_iconSize":[20,20],"name":"H25-3NO.6","成果ID":"8172509","種別":"基準点","作業内容":"改算","等級":"3級","水準点兼用コード":"兼用なし","点名":"H25-3NO.6","成果区分":"世界測地系（測地成果2011）","閲覧・謄本交付の可否":"閲覧・謄本交付可","成果状態":"正常（新設）","ワンストップ可否":"×","助言番号":"H26I0371","計画機関名":"宮崎県日向土木事務所","_sourceFile":"20260505_202238_Public.geojson","_sourceKind":"Public"}},{"type":"Feature","geometry":{"type":"Point","coordinates":[131.5320480277778,32.393088166666665]},"properties":{"_markerType":"Icon","_iconUrl":"https://service.gsi.go.jp/kijunten/contents/screen/point/images/Public/TR3.png","_iconSize":[20,20],"name":"H26-3NO.1","成果ID":"8172510","種別":"基準点","作業内容":"新設","等級":"3級","水準点兼用コード":"兼用なし","点名":"H26-3NO.1","成果区分":"世界測地系（測地成果2011）","閲覧・謄本交付の可否":"閲覧・謄本交付可","成果状態":"正常（新設）","ワンストップ可否":"×","助言番号":"H26I0371","計画機関名":"宮崎県日向土木事務所","_sourceFile":"20260505_202238_Public.geojson","_sourceKind":"Public"}},{"type":"Feature","geometry":{"type":"Point","coordinates":[131.53095547222225,32.390748916666666]},"properties":{"_markerType":"Icon","_iconUrl":"https://service.gsi.go.jp/kijunten/contents/screen/point/images/Public/TR3.png","_iconSize":[20,20],"name":"H26-3NO.2","成果ID":"8172511","種別":"基準点","作業内容":"新設","等級":"3級","水準点兼用コード":"兼用なし","点名":"H26-3NO.2","成果区分":"世界測地系（測地成果2011）","閲覧・謄本交付の可否":"閲覧・謄本交付可","成果状態":"正常（新設）","ワンストップ可否":"×","助言番号":"H26I0371","計画機関名":"宮崎県日向土木事務所","_sourceFile":"20260505_202238_Public.geojson","_sourceKind":"Public"}},{"type":"Feature","geometry":{"type":"Point","coordinates":[131.52876216666667,32.387538472222225]},"properties":{"_markerType":"Icon","_iconUrl":"https://service.gsi.go.jp/kijunten/contents/screen/point/images/Public/TR3.png","_iconSize":[20,20],"name":"H26-3NO.3","成果ID":"8172512","種別":"基準点","作業内容":"新設","等級":"3級","水準点兼用コード":"兼用なし","点名":"H26-3NO.3","成果区分":"世界測地系（測地成果2011）","閲覧・謄本交付の可否":"閲覧・謄本交付可","成果状態":"正常（新設）","ワンストップ可否":"×","助言番号":"H26I0371","計画機関名":"宮崎県日向土木事務所","_sourceFile":"20260505_202238_Public.geojson","_sourceKind":"Public"}},{"type":"Feature","geometry":{"type":"Point","coordinates":[131.5266557777778,32.386501055555556]},"properties":{"_markerType":"Icon","_iconUrl":"https://service.gsi.go.jp/kijunten/contents/screen/point/images/Public/TR3.png","_iconSize":[20,20],"name":"H26-3NO.4","成果ID":"8172513","種別":"基準点","作業内容":"新設","等級":"3級","水準点兼用コード":"兼用なし","点名":"H26-3NO.4","成果区分":"世界測地系（測地成果2011）","閲覧・謄本交付の可否":"閲覧・謄本交付可","成果状態":"正常（新設）","ワンストップ可否":"×","助言番号":"H26I0371","計画機関名":"宮崎県日向土木事務所","_sourceFile":"20260505_202238_Public.geojson","_sourceKind":"Public"}},{"type":"Feature","geometry":{"type":"Point","coordinates":[131.5811298611111,32.375514361111115]},"properties":{"_markerType":"Icon","_iconUrl":"https://service.gsi.go.jp/kijunten/contents/screen/point/images/Public/TR3.png","_iconSize":[20,20],"name":"A-N71ｺ","成果ID":"8302781","種別":"基準点","作業内容":"新設","等級":"3級","水準点兼用コード":"兼用なし","点名":"A-N71ｺ","成果区分":"世界測地系（測地成果2011）","閲覧・謄本交付の可否":"閲覧・謄本交付可","成果状態":"正常（新設）","ワンストップ可否":"×","助言番号":"H30I0227","計画機関名":"宮崎県","_sourceFile":"20260505_202238_Public.geojson","_sourceKind":"Public"}},{"type":"Feature","geometry":{"type":"Point","coordinates":[131.62789697222223,32.406889194444446]},"properties":{"_markerType":"Icon","_iconUrl":"https://service.gsi.go.jp/kijunten/contents/screen/point/images/Public/TR3.png","_iconSize":[20,20],"name":"3NO-1","成果ID":"8333950","種別":"基準点","作業内容":"新設","等級":"3級","水準点兼用コード":"兼用なし","点名":"3NO-1","成果区分":"世界測地系（測地成果2011）","閲覧・謄本交付の可否":"閲覧・謄本交付可","成果状態":"正常（新設）","ワンストップ可否":"×","助言番号":"R02I0045","計画機関名":"宮崎県日向市","_sourceFile":"20260505_202238_Public.geojson","_sourceKind":"Public"}},{"type":"Feature","geometry":{"type":"Point","coordinates":[131.62745411111112,32.4026595]},"properties":{"_markerType":"Icon","_iconUrl":"https://service.gsi.go.jp/kijunten/contents/screen/point/images/Public/TR3.png","_iconSize":[20,20],"name":"3NO-2","成果ID":"8333951","種別":"基準点","作業内容":"新設","等級":"3級","水準点兼用コード":"兼用なし","点名":"3NO-2","成果区分":"世界測地系（測地成果2011）","閲覧・謄本交付の可否":"閲覧・謄本交付可","成果状態":"正常（新設）","ワンストップ可否":"×","助言番号":"R02I0045","計画機関名":"宮崎県日向市","_sourceFile":"20260505_202238_Public.geojson","_sourceKind":"Public"}},{"type":"Feature","geometry":{"type":"Point","coordinates":[131.6274341111111,32.400714]},"properties":{"_markerType":"Icon","_iconUrl":"https://service.gsi.go.jp/kijunten/contents/screen/point/images/Public/TR3.png","_iconSize":[20,20],"name":"3NO-3","成果ID":"8333952","種別":"基準点","作業内容":"新設","等級":"3級","水準点兼用コード":"兼用なし","点名":"3NO-3","成果区分":"世界測地系（測地成果2011）","閲覧・謄本交付の可否":"閲覧・謄本交付可","成果状態":"正常（新設）","ワンストップ可否":"×","助言番号":"R02I0045","計画機関名":"宮崎県日向市","_sourceFile":"20260505_202238_Public.geojson","_sourceKind":"Public"}},{"type":"Feature","geometry":{"type":"Point","coordinates":[131.6274916388889,32.397579944444445]},"properties":{"_markerType":"Icon","_iconUrl":"https://service.gsi.go.jp/kijunten/contents/screen/point/images/Public/TR3.png","_iconSize":[20,20],"name":"3NO-4","成果ID":"8333953","種別":"基準点","作業内容":"新設","等級":"3級","水準点兼用コード":"兼用なし","点名":"3NO-4","成果区分":"世界測地系（測地成果2011）","閲覧・謄本交付の可否":"閲覧・謄本交付可","成果状態":"正常（新設）","ワンストップ可否":"×","助言番号":"R02I0045","計画機関名":"宮崎県日向市","_sourceFile":"20260505_202238_Public.geojson","_sourceKind":"Public"}},{"type":"Feature","geometry":{"type":"Point","coordinates":[131.62546752777777,32.39580472222222]},"properties":{"_markerType":"Icon","_iconUrl":"https://service.gsi.go.jp/kijunten/contents/screen/point/images/Public/TR3.png","_iconSize":[20,20],"name":"3NO-5","成果ID":"8333954","種別":"基準点","作業内容":"新設","等級":"3級","水準点兼用コード":"兼用なし","点名":"3NO-5","成果区分":"世界測地系（測地成果2011）","閲覧・謄本交付の可否":"閲覧・謄本交付可","成果状態":"正常（新設）","ワンストップ可否":"×","助言番号":"R02I0045","計画機関名":"宮崎県日向市","_sourceFile":"20260505_202238_Public.geojson","_sourceKind":"Public"}},{"type":"Feature","geometry":{"type":"Point","coordinates":[131.62244338888888,32.39743602777778]},"properties":{"_markerType":"Icon","_iconUrl":"https://service.gsi.go.jp/kijunten/contents/screen/point/images/Public/TR3.png","_iconSize":[20,20],"name":"3NO-6","成果ID":"8333955","種別":"基準点","作業内容":"新設","等級":"3級","水準点兼用コード":"兼用なし","点名":"3NO-6","成果区分":"世界測地系（測地成果2011）","閲覧・謄本交付の可否":"閲覧・謄本交付可","成果状態":"正常（新設）","ワンストップ可否":"×","助言番号":"R02I0045","計画機関名":"宮崎県日向市","_sourceFile":"20260505_202238_Public.geojson","_sourceKind":"Public"}},{"type":"Feature","geometry":{"type":"Point","coordinates":[131.62342172222222,32.39850783333333]},"properties":{"_markerType":"Icon","_iconUrl":"https://service.gsi.go.jp/kijunten/contents/screen/point/images/Public/TR3.png","_iconSize":[20,20],"name":"3NO-7","成果ID":"8333956","種別":"基準点","作業内容":"新設","等級":"3級","水準点兼用コード":"兼用なし","点名":"3NO-7","成果区分":"世界測地系（測地成果2011）","閲覧・謄本交付の可否":"閲覧・謄本交付可","成果状態":"正常（新設）","ワンストップ可否":"×","助言番号":"R02I0045","計画機関名":"宮崎県日向市","_sourceFile":"20260505_202238_Public.geojson","_sourceKind":"Public"}},{"type":"Feature","geometry":{"type":"Point","coordinates":[131.62161666666668,32.39890686111111]},"properties":{"_markerType":"Icon","_iconUrl":"https://service.gsi.go.jp/kijunten/contents/screen/point/images/Public/TR3.png","_iconSize":[20,20],"name":"3NO-8","成果ID":"8333957","種別":"基準点","作業内容":"新設","等級":"3級","水準点兼用コード":"兼用なし","点名":"3NO-8","成果区分":"世界測地系（測地成果2011）","閲覧・謄本交付の可否":"閲覧・謄本交付可","成果状態":"正常（新設）","ワンストップ可否":"×","助言番号":"R02I0045","計画機関名":"宮崎県日向市","_sourceFile":"20260505_202238_Public.geojson","_sourceKind":"Public"}},{"type":"Feature","geometry":{"type":"Point","coordinates":[131.61953086111112,32.39901869444444]},"properties":{"_markerType":"Icon","_iconUrl":"https://service.gsi.go.jp/kijunten/contents/screen/point/images/Public/TR3.png","_iconSize":[20,20],"name":"3NO-9","成果ID":"8333958","種別":"基準点","作業内容":"新設","等級":"3級","水準点兼用コード":"兼用なし","点名":"3NO-9","成果区分":"世界測地系（測地成果2011）","閲覧・謄本交付の可否":"閲覧・謄本交付可","成果状態":"正常（新設）","ワンストップ可否":"×","助言番号":"R02I0045","計画機関名":"宮崎県日向市","_sourceFile":"20260505_202238_Public.geojson","_sourceKind":"Public"}},{"type":"Feature","geometry":{"type":"Point","coordinates":[131.6175883888889,32.40044341666667]},"properties":{"_markerType":"Icon","_iconUrl":"https://service.gsi.go.jp/kijunten/contents/screen/point/images/Public/TR3.png","_iconSize":[20,20],"name":"3NO-10","成果ID":"8333959","種別":"基準点","作業内容":"新設","等級":"3級","水準点兼用コード":"兼用なし","点名":"3NO-10","成果区分":"世界測地系（測地成果2011）","閲覧・謄本交付の可否":"閲覧・謄本交付可","成果状態":"正常（新設）","ワンストップ可否":"×","助言番号":"R02I0045","計画機関名":"宮崎県日向市","_sourceFile":"20260505_202238_Public.geojson","_sourceKind":"Public"}},{"type":"Feature","geometry":{"type":"Point","coordinates":[131.61911908333335,32.40303783333333]},"properties":{"_markerType":"Icon","_iconUrl":"https://service.gsi.go.jp/kijunten/contents/screen/point/images/Public/TR3.png","_iconSize":[20,20],"name":"3NO-11","成果ID":"8333960","種別":"基準点","作業内容":"新設","等級":"3級","水準点兼用コード":"兼用なし","点名":"3NO-11","成果区分":"世界測地系（測地成果2011）","閲覧・謄本交付の可否":"閲覧・謄本交付可","成果状態":"正常（新設）","ワンストップ可否":"×","助言番号":"R02I0045","計画機関名":"宮崎県日向市","_sourceFile":"20260505_202238_Public.geojson","_sourceKind":"Public"}},{"type":"Feature","geometry":{"type":"Point","coordinates":[131.62025172222224,32.40422558333333]},"properties":{"_markerType":"Icon","_iconUrl":"https://service.gsi.go.jp/kijunten/contents/screen/point/images/Public/TR3.png","_iconSize":[20,20],"name":"3NO-12","成果ID":"8333961","種別":"基準点","作業内容":"新設","等級":"3級","水準点兼用コード":"兼用なし","点名":"3NO-12","成果区分":"世界測地系（測地成果2011）","閲覧・謄本交付の可否":"閲覧・謄本交付可","成果状態":"正常（新設）","ワンストップ可否":"×","助言番号":"R02I0045","計画機関名":"宮崎県日向市","_sourceFile":"20260505_202238_Public.geojson","_sourceKind":"Public"}},{"type":"Feature","geometry":{"type":"Point","coordinates":[131.62125558333335,32.40553297222222]},"properties":{"_markerType":"Icon","_iconUrl":"https://service.gsi.go.jp/kijunten/contents/screen/point/images/Public/TR3.png","_iconSize":[20,20],"name":"3NO-13","成果ID":"8333962","種別":"基準点","作業内容":"新設","等級":"3級","水準点兼用コード":"兼用なし","点名":"3NO-13","成果区分":"世界測地系（測地成果2011）","閲覧・謄本交付の可否":"閲覧・謄本交付可","成果状態":"正常（新設）","ワンストップ可否":"×","助言番号":"R02I0045","計画機関名":"宮崎県日向市","_sourceFile":"20260505_202238_Public.geojson","_sourceKind":"Public"}},{"type":"Feature","geometry":{"type":"Point","coordinates":[131.6204001388889,32.40770638888889]},"properties":{"_markerType":"Icon","_iconUrl":"https://service.gsi.go.jp/kijunten/contents/screen/point/images/Public/TR3.png","_iconSize":[20,20],"name":"3NO-14","成果ID":"8333963","種別":"基準点","作業内容":"新設","等級":"3級","水準点兼用コード":"兼用なし","点名":"3NO-14","成果区分":"世界測地系（測地成果2011）","閲覧・謄本交付の可否":"閲覧・謄本交付可","成果状態":"正常（新設）","ワンストップ可否":"×","助言番号":"R02I0045","計画機関名":"宮崎県日向市","_sourceFile":"20260505_202238_Public.geojson","_sourceKind":"Public"}},{"type":"Feature","geometry":{"type":"Point","coordinates":[131.62149566666668,32.40896272222222]},"properties":{"_markerType":"Icon","_iconUrl":"https://service.gsi.go.jp/kijunten/contents/screen/point/images/Public/TR3.png","_iconSize":[20,20],"name":"3NO-15","成果ID":"8333964","種別":"基準点","作業内容":"新設","等級":"3級","水準点兼用コード":"兼用なし","点名":"3NO-15","成果区分":"世界測地系（測地成果2011）","閲覧・謄本交付の可否":"閲覧・謄本交付可","成果状態":"正常（新設）","ワンストップ可否":"×","助言番号":"R02I0045","計画機関名":"宮崎県日向市","_sourceFile":"20260505_202238_Public.geojson","_sourceKind":"Public"}},{"type":"Feature","geometry":{"type":"Point","coordinates":[131.62386022222222,32.40928722222222]},"properties":{"_markerType":"Icon","_iconUrl":"https://service.gsi.go.jp/kijunten/contents/screen/point/images/Public/TR3.png","_iconSize":[20,20],"name":"3NO-16","成果ID":"8333965","種別":"基準点","作業内容":"新設","等級":"3級","水準点兼用コード":"兼用なし","点名":"3NO-16","成果区分":"世界測地系（測地成果2011）","閲覧・謄本交付の可否":"閲覧・謄本交付可","成果状態":"正常（新設）","ワンストップ可否":"×","助言番号":"R02I0045","計画機関名":"宮崎県日向市","_sourceFile":"20260505_202238_Public.geojson","_sourceKind":"Public"}},{"type":"Feature","geometry":{"type":"Point","coordinates":[131.62640941666666,32.409547583333335]},"properties":{"_markerType":"Icon","_iconUrl":"https://service.gsi.go.jp/kijunten/contents/screen/point/images/Public/TR3.png","_iconSize":[20,20],"name":"3NO-17","成果ID":"8333966","種別":"基準点","作業内容":"新設","等級":"3級","水準点兼用コード":"兼用なし","点名":"3NO-17","成果区分":"世界測地系（測地成果2011）","閲覧・謄本交付の可否":"閲覧・謄本交付可","成果状態":"正常（新設）","ワンストップ可否":"×","助言番号":"R02I0045","計画機関名":"宮崎県日向市","_sourceFile":"20260505_202238_Public.geojson","_sourceKind":"Public"}},{"type":"Feature","geometry":{"type":"Point","coordinates":[131.62513675,32.407086666666665]},"properties":{"_markerType":"Icon","_iconUrl":"https://service.gsi.go.jp/kijunten/contents/screen/point/images/Public/TR3.png","_iconSize":[20,20],"name":"3NO-18","成果ID":"8333967","種別":"基準点","作業内容":"新設","等級":"3級","水準点兼用コード":"兼用なし","点名":"3NO-18","成果区分":"世界測地系（測地成果2011）","閲覧・謄本交付の可否":"閲覧・謄本交付可","成果状態":"正常（新設）","ワンストップ可否":"×","助言番号":"R02I0045","計画機関名":"宮崎県日向市","_sourceFile":"20260505_202238_Public.geojson","_sourceKind":"Public"}},{"type":"Feature","geometry":{"type":"Point","coordinates":[131.62511136111112,32.40490811111111]},"properties":{"_markerType":"Icon","_iconUrl":"https://service.gsi.go.jp/kijunten/contents/screen/point/images/Public/TR3.png","_iconSize":[20,20],"name":"3NO-19","成果ID":"8333968","種別":"基準点","作業内容":"新設","等級":"3級","水準点兼用コード":"兼用なし","点名":"3NO-19","成果区分":"世界測地系（測地成果2011）","閲覧・謄本交付の可否":"閲覧・謄本交付可","成果状態":"正常（新設）","ワンストップ可否":"×","助言番号":"R02I0045","計画機関名":"宮崎県日向市","_sourceFile":"20260505_202238_Public.geojson","_sourceKind":"Public"}},{"type":"Feature","geometry":{"type":"Point","coordinates":[131.62479869444445,32.40339202777778]},"properties":{"_markerType":"Icon","_iconUrl":"https://service.gsi.go.jp/kijunten/contents/screen/point/images/Public/TR3.png","_iconSize":[20,20],"name":"3NO-20","成果ID":"8333969","種別":"基準点","作業内容":"新設","等級":"3級","水準点兼用コード":"兼用なし","点名":"3NO-20","成果区分":"世界測地系（測地成果2011）","閲覧・謄本交付の可否":"閲覧・謄本交付可","成果状態":"正常（新設）","ワンストップ可否":"×","助言番号":"R02I0045","計画機関名":"宮崎県日向市","_sourceFile":"20260505_202238_Public.geojson","_sourceKind":"Public"}},{"type":"Feature","geometry":{"type":"Point","coordinates":[131.62540741666666,32.40114011111111]},"properties":{"_markerType":"Icon","_iconUrl":"https://service.gsi.go.jp/kijunten/contents/screen/point/images/Public/TR3.png","_iconSize":[20,20],"name":"3NO-21","成果ID":"8333970","種別":"基準点","作業内容":"新設","等級":"3級","水準点兼用コード":"兼用なし","点名":"3NO-21","成果区分":"世界測地系（測地成果2011）","閲覧・謄本交付の可否":"閲覧・謄本交付可","成果状態":"正常（新設）","ワンストップ可否":"×","助言番号":"R02I0045","計画機関名":"宮崎県日向市","_sourceFile":"20260505_202238_Public.geojson","_sourceKind":"Public"}},{"type":"Feature","geometry":{"type":"Point","coordinates":[131.62525319444444,32.39960441666667]},"properties":{"_markerType":"Icon","_iconUrl":"https://service.gsi.go.jp/kijunten/contents/screen/point/images/Public/TR3.png","_iconSize":[20,20],"name":"3NO-22","成果ID":"8333971","種別":"基準点","作業内容":"新設","等級":"3級","水準点兼用コード":"兼用なし","点名":"3NO-22","成果区分":"世界測地系（測地成果2011）","閲覧・謄本交付の可否":"閲覧・謄本交付可","成果状態":"正常（新設）","ワンストップ可否":"×","助言番号":"R02I0045","計画機関名":"宮崎県日向市","_sourceFile":"20260505_202238_Public.geojson","_sourceKind":"Public"}},{"type":"Feature","geometry":{"type":"Point","coordinates":[131.62545641666668,32.39805783333333]},"properties":{"_markerType":"Icon","_iconUrl":"https://service.gsi.go.jp/kijunten/contents/screen/point/images/Public/TR3.png","_iconSize":[20,20],"name":"3NO-23","成果ID":"8333972","種別":"基準点","作業内容":"新設","等級":"3級","水準点兼用コード":"兼用なし","点名":"3NO-23","成果区分":"世界測地系（測地成果2011）","閲覧・謄本交付の可否":"閲覧・謄本交付可","成果状態":"正常（新設）","ワンストップ可否":"×","助言番号":"R02I0045","計画機関名":"宮崎県日向市","_sourceFile":"20260505_202238_Public.geojson","_sourceKind":"Public"}},{"type":"Feature","geometry":{"type":"Point","coordinates":[131.62340922222222,32.39982463888889]},"properties":{"_markerType":"Icon","_iconUrl":"https://service.gsi.go.jp/kijunten/contents/screen/point/images/Public/TR3.png","_iconSize":[20,20],"name":"3NO-24","成果ID":"8333973","種別":"基準点","作業内容":"新設","等級":"3級","水準点兼用コード":"兼用なし","点名":"3NO-24","成果区分":"世界測地系（測地成果2011）","閲覧・謄本交付の可否":"閲覧・謄本交付可","成果状態":"正常（新設）","ワンストップ可否":"×","助言番号":"R02I0045","計画機関名":"宮崎県日向市","_sourceFile":"20260505_202238_Public.geojson","_sourceKind":"Public"}},{"type":"Feature","geometry":{"type":"Point","coordinates":[131.61958719444445,32.40041352777778]},"properties":{"_markerType":"Icon","_iconUrl":"https://service.gsi.go.jp/kijunten/contents/screen/point/images/Public/TR3.png","_iconSize":[20,20],"name":"3NO-25","成果ID":"8333974","種別":"基準点","作業内容":"新設","等級":"3級","水準点兼用コード":"兼用なし","点名":"3NO-25","成果区分":"世界測地系（測地成果2011）","閲覧・謄本交付の可否":"閲覧・謄本交付可","成果状態":"正常（新設）","ワンストップ可否":"×","助言番号":"R02I0045","計画機関名":"宮崎県日向市","_sourceFile":"20260505_202238_Public.geojson","_sourceKind":"Public"}},{"type":"Feature","geometry":{"type":"Point","coordinates":[131.6192738611111,32.40180361111111]},"properties":{"_markerType":"Icon","_iconUrl":"https://service.gsi.go.jp/kijunten/contents/screen/point/images/Public/TR3.png","_iconSize":[20,20],"name":"3NO-26","成果ID":"8333975","種別":"基準点","作業内容":"新設","等級":"3級","水準点兼用コード":"兼用なし","点名":"3NO-26","成果区分":"世界測地系（測地成果2011）","閲覧・謄本交付の可否":"閲覧・謄本交付可","成果状態":"正常（新設）","ワンストップ可否":"×","助言番号":"R02I0045","計画機関名":"宮崎県日向市","_sourceFile":"20260505_202238_Public.geojson","_sourceKind":"Public"}},{"type":"Feature","geometry":{"type":"Point","coordinates":[131.62113608333334,32.40178316666667]},"properties":{"_markerType":"Icon","_iconUrl":"https://service.gsi.go.jp/kijunten/contents/screen/point/images/Public/TR3.png","_iconSize":[20,20],"name":"3NO-27","成果ID":"8333976","種別":"基準点","作業内容":"新設","等級":"3級","水準点兼用コード":"兼用なし","点名":"3NO-27","成果区分":"世界測地系（測地成果2011）","閲覧・謄本交付の可否":"閲覧・謄本交付可","成果状態":"正常（新設）","ワンストップ可否":"×","助言番号":"R02I0045","計画機関名":"宮崎県日向市","_sourceFile":"20260505_202238_Public.geojson","_sourceKind":"Public"}},{"type":"Feature","geometry":{"type":"Point","coordinates":[131.6231152777778,32.403707499999996]},"properties":{"_markerType":"Icon","_iconUrl":"https://service.gsi.go.jp/kijunten/contents/screen/point/images/Public/TR3.png","_iconSize":[20,20],"name":"3NO-28","成果ID":"8333977","種別":"基準点","作業内容":"新設","等級":"3級","水準点兼用コード":"兼用なし","点名":"3NO-28","成果区分":"世界測地系（測地成果2011）","閲覧・謄本交付の可否":"閲覧・謄本交付可","成果状態":"正常（新設）","ワンストップ可否":"×","助言番号":"R02I0045","計画機関名":"宮崎県日向市","_sourceFile":"20260505_202238_Public.geojson","_sourceKind":"Public"}},{"type":"Feature","geometry":{"type":"Point","coordinates":[131.62356305555556,32.40713216666666]},"properties":{"_markerType":"Icon","_iconUrl":"https://service.gsi.go.jp/kijunten/contents/screen/point/images/Public/TR3.png","_iconSize":[20,20],"name":"3NO-29","成果ID":"8333978","種別":"基準点","作業内容":"新設","等級":"3級","水準点兼用コード":"兼用なし","点名":"3NO-29","成果区分":"世界測地系（測地成果2011）","閲覧・謄本交付の可否":"閲覧・謄本交付可","成果状態":"正常（新設）","ワンストップ可否":"×","助言番号":"R02I0045","計画機関名":"宮崎県日向市","_sourceFile":"20260505_202238_Public.geojson","_sourceKind":"Public"}},{"type":"Feature","geometry":{"type":"Point","coordinates":[131.6292860277778,32.42785794444444]},"properties":{"_markerType":"Icon","_iconUrl":"https://service.gsi.go.jp/kijunten/contents/screen/point/images/Public/TR3.png","_iconSize":[20,20],"name":"3NO.116","成果ID":"8341669","種別":"基準点","作業内容":"新設","等級":"3級","水準点兼用コード":"兼用なし","点名":"3NO.116","成果区分":"世界測地系（測地成果2011）","閲覧・謄本交付の可否":"閲覧・謄本交付可","成果状態":"正常（新設）","ワンストップ可否":"×","助言番号":"R02I0150","計画機関名":"宮崎県日向市","_sourceFile":"20260505_202238_Public.geojson","_sourceKind":"Public"}},{"type":"Feature","geometry":{"type":"Point","coordinates":[131.62910966666666,32.42598944444444]},"properties":{"_markerType":"Icon","_iconUrl":"https://service.gsi.go.jp/kijunten/contents/screen/point/images/Public/TR3.png","_iconSize":[20,20],"name":"3NO.123","成果ID":"8341670","種別":"基準点","作業内容":"新設","等級":"3級","水準点兼用コード":"兼用なし","点名":"3NO.123","成果区分":"世界測地系（測地成果2011）","閲覧・謄本交付の可否":"閲覧・謄本交付可","成果状態":"正常（新設）","ワンストップ可否":"×","助言番号":"R02I0150","計画機関名":"宮崎県日向市","_sourceFile":"20260505_202238_Public.geojson","_sourceKind":"Public"}},{"type":"Feature","geometry":{"type":"Point","coordinates":[131.62860891666668,32.42350722222222]},"properties":{"_markerType":"Icon","_iconUrl":"https://service.gsi.go.jp/kijunten/contents/screen/point/images/Public/TR3.png","_iconSize":[20,20],"name":"3NO.124","成果ID":"8341671","種別":"基準点","作業内容":"新設","等級":"3級","水準点兼用コード":"兼用なし","点名":"3NO.124","成果区分":"世界測地系（測地成果2011）","閲覧・謄本交付の可否":"閲覧・謄本交付可","成果状態":"正常（新設）","ワンストップ可否":"×","助言番号":"R02I0150","計画機関名":"宮崎県日向市","_sourceFile":"20260505_202238_Public.geojson","_sourceKind":"Public"}},{"type":"Feature","geometry":{"type":"Point","coordinates":[131.62773533333333,32.42161533333333]},"properties":{"_markerType":"Icon","_iconUrl":"https://service.gsi.go.jp/kijunten/contents/screen/point/images/Public/TR3.png","_iconSize":[20,20],"name":"3NO.125","成果ID":"8341672","種別":"基準点","作業内容":"新設","等級":"3級","水準点兼用コード":"兼用なし","点名":"3NO.125","成果区分":"世界測地系（測地成果2011）","閲覧・謄本交付の可否":"閲覧・謄本交付可","成果状態":"正常（新設）","ワンストップ可否":"×","助言番号":"R02I0150","計画機関名":"宮崎県日向市","_sourceFile":"20260505_202238_Public.geojson","_sourceKind":"Public"}},{"type":"Feature","geometry":{"type":"Point","coordinates":[131.62642366666668,32.42105352777777]},"properties":{"_markerType":"Icon","_iconUrl":"https://service.gsi.go.jp/kijunten/contents/screen/point/images/Public/TR3.png","_iconSize":[20,20],"name":"3NO.122","成果ID":"8341673","種別":"基準点","作業内容":"新設","等級":"3級","水準点兼用コード":"兼用なし","点名":"3NO.122","成果区分":"世界測地系（測地成果2011）","閲覧・謄本交付の可否":"閲覧・謄本交付可","成果状態":"正常（新設）","ワンストップ可否":"×","助言番号":"R02I0150","計画機関名":"宮崎県日向市","_sourceFile":"20260505_202238_Public.geojson","_sourceKind":"Public"}},{"type":"Feature","geometry":{"type":"Point","coordinates":[131.62459186111113,32.42194105555555]},"properties":{"_markerType":"Icon","_iconUrl":"https://service.gsi.go.jp/kijunten/contents/screen/point/images/Public/TR3.png","_iconSize":[20,20],"name":"3NO.126","成果ID":"8341674","種別":"基準点","作業内容":"新設","等級":"3級","水準点兼用コード":"兼用なし","点名":"3NO.126","成果区分":"世界測地系（測地成果2011）","閲覧・謄本交付の可否":"閲覧・謄本交付可","成果状態":"正常（新設）","ワンストップ可否":"×","助言番号":"R02I0150","計画機関名":"宮崎県日向市","_sourceFile":"20260505_202238_Public.geojson","_sourceKind":"Public"}},{"type":"Feature","geometry":{"type":"Point","coordinates":[131.62483305555557,32.423177499999994]},"properties":{"_markerType":"Icon","_iconUrl":"https://service.gsi.go.jp/kijunten/contents/screen/point/images/Public/TR3.png","_iconSize":[20,20],"name":"3NO.127","成果ID":"8341675","種別":"基準点","作業内容":"新設","等級":"3級","水準点兼用コード":"兼用なし","点名":"3NO.127","成果区分":"世界測地系（測地成果2011）","閲覧・謄本交付の可否":"閲覧・謄本交付可","成果状態":"正常（新設）","ワンストップ可否":"×","助言番号":"R02I0150","計画機関名":"宮崎県日向市","_sourceFile":"20260505_202238_Public.geojson","_sourceKind":"Public"}},{"type":"Feature","geometry":{"type":"Point","coordinates":[131.62589991666667,32.42589727777778]},"properties":{"_markerType":"Icon","_iconUrl":"https://service.gsi.go.jp/kijunten/contents/screen/point/images/Public/TR3.png","_iconSize":[20,20],"name":"3NO.128","成果ID":"8341676","種別":"基準点","作業内容":"新設","等級":"3級","水準点兼用コード":"兼用なし","点名":"3NO.128","成果区分":"世界測地系（測地成果2011）","閲覧・謄本交付の可否":"閲覧・謄本交付可","成果状態":"正常（新設）","ワンストップ可否":"×","助言番号":"R02I0150","計画機関名":"宮崎県日向市","_sourceFile":"20260505_202238_Public.geojson","_sourceKind":"Public"}},{"type":"Feature","geometry":{"type":"Point","coordinates":[131.6277841666667,32.42811197222222]},"properties":{"_markerType":"Icon","_iconUrl":"https://service.gsi.go.jp/kijunten/contents/screen/point/images/Public/TR3.png","_iconSize":[20,20],"name":"3NO.129","成果ID":"8341677","種別":"基準点","作業内容":"新設","等級":"3級","水準点兼用コード":"兼用なし","点名":"3NO.129","成果区分":"世界測地系（測地成果2011）","閲覧・謄本交付の可否":"閲覧・謄本交付可","成果状態":"正常（新設）","ワンストップ可否":"×","助言番号":"R02I0150","計画機関名":"宮崎県日向市","_sourceFile":"20260505_202238_Public.geojson","_sourceKind":"Public"}},{"type":"Feature","geometry":{"type":"Point","coordinates":[131.62732836111113,32.42572488888889]},"properties":{"_markerType":"Icon","_iconUrl":"https://service.gsi.go.jp/kijunten/contents/screen/point/images/Public/TR3.png","_iconSize":[20,20],"name":"3NO.130","成果ID":"8341678","種別":"基準点","作業内容":"新設","等級":"3級","水準点兼用コード":"兼用なし","点名":"3NO.130","成果区分":"世界測地系（測地成果2011）","閲覧・謄本交付の可否":"閲覧・謄本交付可","成果状態":"正常（新設）","ワンストップ可否":"×","助言番号":"R02I0150","計画機関名":"宮崎県日向市","_sourceFile":"20260505_202238_Public.geojson","_sourceKind":"Public"}},{"type":"Feature","geometry":{"type":"Point","coordinates":[131.62696347222223,32.42374861111111]},"properties":{"_markerType":"Icon","_iconUrl":"https://service.gsi.go.jp/kijunten/contents/screen/point/images/Public/TR3.png","_iconSize":[20,20],"name":"3NO.131","成果ID":"8341679","種別":"基準点","作業内容":"新設","等級":"3級","水準点兼用コード":"兼用なし","点名":"3NO.131","成果区分":"世界測地系（測地成果2011）","閲覧・謄本交付の可否":"閲覧・謄本交付可","成果状態":"正常（新設）","ワンストップ可否":"×","助言番号":"R02I0150","計画機関名":"宮崎県日向市","_sourceFile":"20260505_202238_Public.geojson","_sourceKind":"Public"}},{"type":"Feature","geometry":{"type":"Point","coordinates":[131.59450055555556,32.36767675]},"properties":{"_markerType":"Icon","_iconUrl":"https://service.gsi.go.jp/kijunten/contents/screen/point/images/Public/TR3.png","_iconSize":[20,20],"name":"A-N72ｺ","成果ID":"8350613","種別":"基準点","作業内容":"新設","等級":"3級","水準点兼用コード":"兼用なし","点名":"A-N72ｺ","成果区分":"世界測地系（測地成果2011）","閲覧・謄本交付の可否":"閲覧・謄本交付可","成果状態":"正常（新設）","ワンストップ可否":"×","助言番号":"R02I0333","計画機関名":"宮崎県東臼杵農林振興局","_sourceFile":"20260505_202238_Public.geojson","_sourceKind":"Public"}},{"type":"Feature","geometry":{"type":"Point","coordinates":[131.59927269444447,32.364707083333336]},"properties":{"_markerType":"Icon","_iconUrl":"https://service.gsi.go.jp/kijunten/contents/screen/point/images/Public/TR3.png","_iconSize":[20,20],"name":"A-L141ｺ","成果ID":"8350614","種別":"基準点","作業内容":"新設","等級":"3級","水準点兼用コード":"兼用なし","点名":"A-L141ｺ","成果区分":"世界測地系（測地成果2011）","閲覧・謄本交付の可否":"閲覧・謄本交付可","成果状態":"正常（新設）","ワンストップ可否":"×","助言番号":"R02I0333","計画機関名":"宮崎県東臼杵農林振興局","_sourceFile":"20260505_202238_Public.geojson","_sourceKind":"Public"}},{"type":"Feature","geometry":{"type":"Point","coordinates":[131.60330819444445,32.36590436111111]},"properties":{"_markerType":"Icon","_iconUrl":"https://service.gsi.go.jp/kijunten/contents/screen/point/images/Public/TR3.png","_iconSize":[20,20],"name":"A-L142ｺ","成果ID":"8350615","種別":"基準点","作業内容":"新設","等級":"3級","水準点兼用コード":"兼用なし","点名":"A-L142ｺ","成果区分":"世界測地系（測地成果2011）","閲覧・謄本交付の可否":"閲覧・謄本交付可","成果状態":"正常（新設）","ワンストップ可否":"×","助言番号":"R02I0333","計画機関名":"宮崎県東臼杵農林振興局","_sourceFile":"20260505_202238_Public.geojson","_sourceKind":"Public"}},{"type":"Feature","geometry":{"type":"Point","coordinates":[131.58304975,32.364836583333336]},"properties":{"_markerType":"Icon","_iconUrl":"https://service.gsi.go.jp/kijunten/contents/screen/point/images/Public/TR3.png","_iconSize":[20,20],"name":"A-E83ｺ","成果ID":"8391942","種別":"基準点","作業内容":"新設","等級":"3級","水準点兼用コード":"兼用なし","点名":"A-E83ｺ","成果区分":"世界測地系（測地成果2011）","閲覧・謄本交付の可否":"閲覧・謄本交付可","成果状態":"正常（新設）","ワンストップ可否":"×","助言番号":"R04I0651","計画機関名":"宮崎県東臼杵農林振興局","_sourceFile":"20260505_202238_Public.geojson","_sourceKind":"Public"}},{"type":"Feature","geometry":{"type":"Point","coordinates":[131.5842506388889,32.367738333333335]},"properties":{"_markerType":"Icon","_iconUrl":"https://service.gsi.go.jp/kijunten/contents/screen/point/images/Public/TR3.png","_iconSize":[20,20],"name":"A-N73ｺ","成果ID":"8391943","種別":"基準点","作業内容":"新設","等級":"3級","水準点兼用コード":"兼用なし","点名":"A-N73ｺ","成果区分":"世界測地系（測地成果2011）","閲覧・謄本交付の可否":"閲覧・謄本交付可","成果状態":"正常（新設）","ワンストップ可否":"×","助言番号":"R04I0651","計画機関名":"宮崎県東臼杵農林振興局","_sourceFile":"20260505_202238_Public.geojson","_sourceKind":"Public"}},{"type":"Feature","geometry":{"type":"Point","coordinates":[131.58689644444445,32.366905027777776]},"properties":{"_markerType":"Icon","_iconUrl":"https://service.gsi.go.jp/kijunten/contents/screen/point/images/Public/TR3.png","_iconSize":[20,20],"name":"A-E81ｺ","成果ID":"8391944","種別":"基準点","作業内容":"新設","等級":"3級","水準点兼用コード":"兼用なし","点名":"A-E81ｺ","成果区分":"世界測地系（測地成果2011）","閲覧・謄本交付の可否":"閲覧・謄本交付可","成果状態":"正常（新設）","ワンストップ可否":"×","助言番号":"R04I0651","計画機関名":"宮崎県東臼杵農林振興局","_sourceFile":"20260505_202238_Public.geojson","_sourceKind":"Public"}},{"type":"Feature","geometry":{"type":"Point","coordinates":[131.58889836111112,32.366044111111115]},"properties":{"_markerType":"Icon","_iconUrl":"https://service.gsi.go.jp/kijunten/contents/screen/point/images/Public/TR3.png","_iconSize":[20,20],"name":"A-E82ｺ","成果ID":"8391945","種別":"基準点","作業内容":"新設","等級":"3級","水準点兼用コード":"兼用なし","点名":"A-E82ｺ","成果区分":"世界測地系（測地成果2011）","閲覧・謄本交付の可否":"閲覧・謄本交付可","成果状態":"正常（新設）","ワンストップ可否":"×","助言番号":"R04I0651","計画機関名":"宮崎県東臼杵農林振興局","_sourceFile":"20260505_202238_Public.geojson","_sourceKind":"Public"}},{"type":"Feature","geometry":{"type":"Point","coordinates":[131.58473130555558,32.36146252777778]},"properties":{"_markerType":"Icon","_iconUrl":"https://service.gsi.go.jp/kijunten/contents/screen/point/images/Public/TR3.png","_iconSize":[20,20],"name":"A-E84ｺ","成果ID":"8391946","種別":"基準点","作業内容":"新設","等級":"3級","水準点兼用コード":"兼用なし","点名":"A-E84ｺ","成果区分":"世界測地系（測地成果2011）","閲覧・謄本交付の可否":"閲覧・謄本交付可","成果状態":"正常（新設）","ワンストップ可否":"×","助言番号":"R04I0651","計画機関名":"宮崎県東臼杵農林振興局","_sourceFile":"20260505_202238_Public.geojson","_sourceKind":"Public"}},{"type":"Feature","geometry":{"type":"Point","coordinates":[131.6348298333,32.4330696667]},"properties":{"_markerType":"Icon","_iconUrl":"https://service.gsi.go.jp/kijunten/contents/screen/point/images/Public/TR2.png","_iconSize":[20,20],"name":"1001A","成果ID":"2010980","種別":"街区三角点","作業内容":"新設","等級":"2級","水準点兼用コード":"兼用なし","点名":"1001A","成果区分":"世界測地系（測地成果2011）","閲覧・謄本交付の可否":"閲覧・謄本交付可","成果状態":"正常（レコード修正）","ワンストップ可否":"×","助言番号":"H17I0247","計画機関名":"日向市","_sourceFile":"20260505_202238_Public.geojson","_sourceKind":"Public"}},{"type":"Feature","geometry":{"type":"Point","coordinates":[131.6263218056,32.4311673611]},"properties":{"_markerType":"Icon","_iconUrl":"https://service.gsi.go.jp/kijunten/contents/screen/point/images/Public/TR2.png","_iconSize":[20,20],"name":"1002A","成果ID":"2010981","種別":"街区三角点","作業内容":"新設","等級":"2級","水準点兼用コード":"兼用なし","点名":"1002A","成果区分":"世界測地系（測地成果2011）","閲覧・謄本交付の可否":"閲覧・謄本交付可","成果状態":"正常（レコード修正）","ワンストップ可否":"×","助言番号":"H17I0247","計画機関名":"日向市","_sourceFile":"20260505_202238_Public.geojson","_sourceKind":"Public"}},{"type":"Feature","geometry":{"type":"Point","coordinates":[131.6692737222,32.4286691111]},"properties":{"_markerType":"Icon","_iconUrl":"https://service.gsi.go.jp/kijunten/contents/screen/point/images/Public/TR2.png","_iconSize":[20,20],"name":"1003A","成果ID":"2010982","種別":"街区三角点","作業内容":"新設","等級":"2級","水準点兼用コード":"兼用なし","点名":"1003A","成果区分":"世界測地系（測地成果2011）","閲覧・謄本交付の可否":"閲覧・謄本交付可","成果状態":"正常（レコード修正）","ワンストップ可否":"×","助言番号":"H17I0247","計画機関名":"日向市","_sourceFile":"20260505_202238_Public.geojson","_sourceKind":"Public"}},{"type":"Feature","geometry":{"type":"Point","coordinates":[131.6673905556,32.4268986389]},"properties":{"_markerType":"Icon","_iconUrl":"https://service.gsi.go.jp/kijunten/contents/screen/point/images/Public/TR2.png","_iconSize":[20,20],"name":"1004A","成果ID":"2010983","種別":"街区三角点","作業内容":"新設","等級":"2級","水準点兼用コード":"兼用なし","点名":"1004A","成果区分":"世界測地系（測地成果2011）","閲覧・謄本交付の可否":"閲覧・謄本交付可","成果状態":"正常（レコード修正）","ワンストップ可否":"×","助言番号":"H17I0247","計画機関名":"日向市","_sourceFile":"20260505_202238_Public.geojson","_sourceKind":"Public"}},{"type":"Feature","geometry":{"type":"Point","coordinates":[131.6410197222,32.4266710556]},"properties":{"_markerType":"Icon","_iconUrl":"https://service.gsi.go.jp/kijunten/contents/screen/point/images/Public/TR2.png","_iconSize":[20,20],"name":"1005A","成果ID":"2010984","種別":"街区三角点","作業内容":"新設","等級":"2級","水準点兼用コード":"兼用なし","点名":"1005A","成果区分":"世界測地系（測地成果2011）","閲覧・謄本交付の可否":"閲覧・謄本交付可","成果状態":"正常（レコード修正）","ワンストップ可否":"×","助言番号":"H17I0247","計画機関名":"日向市","_sourceFile":"20260505_202238_Public.geojson","_sourceKind":"Public"}},{"type":"Feature","geometry":{"type":"Point","coordinates":[131.6548418056,32.4263290278]},"properties":{"_markerType":"Icon","_iconUrl":"https://service.gsi.go.jp/kijunten/contents/screen/point/images/Public/TR2.png","_iconSize":[20,20],"name":"1006A","成果ID":"2010985","種別":"街区三角点","作業内容":"新設","等級":"2級","水準点兼用コード":"兼用なし","点名":"1006A","成果区分":"世界測地系（測地成果2011）","閲覧・謄本交付の可否":"閲覧・謄本交付可","成果状態":"正常（レコード修正）","ワンストップ可否":"×","助言番号":"H17I0247","計画機関名":"日向市","_sourceFile":"20260505_202238_Public.geojson","_sourceKind":"Public"}},{"type":"Feature","geometry":{"type":"Point","coordinates":[131.6356079722,32.4262010556]},"properties":{"_markerType":"Icon","_iconUrl":"https://service.gsi.go.jp/kijunten/contents/screen/point/images/Public/TR2.png","_iconSize":[20,20],"name":"1007A","成果ID":"2010986","種別":"街区三角点","作業内容":"新設","等級":"2級","水準点兼用コード":"兼用なし","点名":"1007A","成果区分":"世界測地系（測地成果2011）","閲覧・謄本交付の可否":"閲覧・謄本交付可","成果状態":"正常（レコード修正）","ワンストップ可否":"×","助言番号":"H17I0247","計画機関名":"日向市","_sourceFile":"20260505_202238_Public.geojson","_sourceKind":"Public"}},{"type":"Feature","geometry":{"type":"Point","coordinates":[131.6595389167,32.4259236667]},"properties":{"_markerType":"Icon","_iconUrl":"https://service.gsi.go.jp/kijunten/contents/screen/point/images/Public/TR2.png","_iconSize":[20,20],"name":"1008A","成果ID":"2010987","種別":"街区三角点","作業内容":"新設","等級":"2級","水準点兼用コード":"兼用なし","点名":"1008A","成果区分":"世界測地系（測地成果2011）","閲覧・謄本交付の可否":"閲覧・謄本交付可","成果状態":"正常（レコード修正）","ワンストップ可否":"×","助言番号":"H17I0247","計画機関名":"日向市","_sourceFile":"20260505_202238_Public.geojson","_sourceKind":"Public"}},{"type":"Feature","geometry":{"type":"Point","coordinates":[131.6215826389,32.4245135]},"properties":{"_markerType":"Icon","_iconUrl":"https://service.gsi.go.jp/kijunten/contents/screen/point/images/Public/TR2.png","_iconSize":[20,20],"name":"1009A","成果ID":"2010988","種別":"街区三角点","作業内容":"新設","等級":"2級","水準点兼用コード":"兼用なし","点名":"1009A","成果区分":"世界測地系（測地成果2011）","閲覧・謄本交付の可否":"閲覧・謄本交付可","成果状態":"正常（レコード修正）","ワンストップ可否":"×","助言番号":"H17I0247","計画機関名":"日向市","_sourceFile":"20260505_202238_Public.geojson","_sourceKind":"Public"}},{"type":"Feature","geometry":{"type":"Point","coordinates":[131.6494946389,32.4250263333]},"properties":{"_markerType":"Icon","_iconUrl":"https://service.gsi.go.jp/kijunten/contents/screen/point/images/Public/TR2.png","_iconSize":[20,20],"name":"1011A","成果ID":"2010990","種別":"街区三角点","作業内容":"新設","等級":"2級","水準点兼用コード":"兼用なし","点名":"1011A","成果区分":"世界測地系（測地成果2011）","閲覧・謄本交付の可否":"閲覧・謄本交付可","成果状態":"正常（レコード修正）","ワンストップ可否":"×","助言番号":"H17I0247","計画機関名":"日向市","_sourceFile":"20260505_202238_Public.geojson","_sourceKind":"Public"}},{"type":"Feature","geometry":{"type":"Point","coordinates":[131.6422652778,32.4234277778]},"properties":{"_markerType":"Icon","_iconUrl":"https://service.gsi.go.jp/kijunten/contents/screen/point/images/Public/TR2.png","_iconSize":[20,20],"name":"1012A","成果ID":"2010991","種別":"街区三角点","作業内容":"新設","等級":"2級","水準点兼用コード":"兼用なし","点名":"1012A","成果区分":"世界測地系（測地成果2011）","閲覧・謄本交付の可否":"閲覧・謄本交付可","成果状態":"正常（レコード修正）","ワンストップ可否":"×","助言番号":"H17I0247","計画機関名":"日向市","_sourceFile":"20260505_202238_Public.geojson","_sourceKind":"Public"}},{"type":"Feature","geometry":{"type":"Point","coordinates":[131.6539288611,32.4219644722]},"properties":{"_markerType":"Icon","_iconUrl":"https://service.gsi.go.jp/kijunten/contents/screen/point/images/Public/TR2.png","_iconSize":[20,20],"name":"1013A","成果ID":"2010992","種別":"街区三角点","作業内容":"新設","等級":"2級","水準点兼用コード":"兼用なし","点名":"1013A","成果区分":"世界測地系（測地成果2011）","閲覧・謄本交付の可否":"閲覧・謄本交付可","成果状態":"正常（レコード修正）","ワンストップ可否":"×","助言番号":"H17I0247","計画機関名":"日向市","_sourceFile":"20260505_202238_Public.geojson","_sourceKind":"Public"}},{"type":"Feature","geometry":{"type":"Point","coordinates":[131.6359366667,32.42204925]},"properties":{"_markerType":"Icon","_iconUrl":"https://service.gsi.go.jp/kijunten/contents/screen/point/images/Public/TR2.png","_iconSize":[20,20],"name":"1014A","成果ID":"2010993","種別":"街区三角点","作業内容":"新設","等級":"2級","水準点兼用コード":"兼用なし","点名":"1014A","成果区分":"世界測地系（測地成果2011）","閲覧・謄本交付の可否":"閲覧・謄本交付可","成果状態":"正常（レコード修正）","ワンストップ可否":"×","助言番号":"H17I0247","計画機関名":"日向市","_sourceFile":"20260505_202238_Public.geojson","_sourceKind":"Public"}},{"type":"Feature","geometry":{"type":"Point","coordinates":[131.6441521667,32.4201163333]},"properties":{"_markerType":"Icon","_iconUrl":"https://service.gsi.go.jp/kijunten/contents/screen/point/images/Public/TR2.png","_iconSize":[20,20],"name":"1015A","成果ID":"2010994","種別":"街区三角点","作業内容":"新設","等級":"2級","水準点兼用コード":"兼用なし","点名":"1015A","成果区分":"世界測地系（測地成果2011）","閲覧・謄本交付の可否":"閲覧・謄本交付可","成果状態":"正常（レコード修正）","ワンストップ可否":"×","助言番号":"H17I0247","計画機関名":"日向市","_sourceFile":"20260505_202238_Public.geojson","_sourceKind":"Public"}},{"type":"Feature","geometry":{"type":"Point","coordinates":[131.6347102222,32.41901725]},"properties":{"_markerType":"Icon","_iconUrl":"https://service.gsi.go.jp/kijunten/contents/screen/point/images/Public/TR2.png","_iconSize":[20,20],"name":"1016A","成果ID":"2010995","種別":"街区三角点","作業内容":"新設","等級":"2級","水準点兼用コード":"兼用なし","点名":"1016A","成果区分":"世界測地系（測地成果2011）","閲覧・謄本交付の可否":"閲覧・謄本交付可","成果状態":"正常（レコード修正）","ワンストップ可否":"×","助言番号":"H17I0247","計画機関名":"日向市","_sourceFile":"20260505_202238_Public.geojson","_sourceKind":"Public"}},{"type":"Feature","geometry":{"type":"Point","coordinates":[131.6382443333,32.4166475278]},"properties":{"_markerType":"Icon","_iconUrl":"https://service.gsi.go.jp/kijunten/contents/screen/point/images/Public/TR2.png","_iconSize":[20,20],"name":"1017A","成果ID":"2010996","種別":"街区三角点","作業内容":"新設","等級":"2級","水準点兼用コード":"兼用なし","点名":"1017A","成果区分":"世界測地系（測地成果2011）","閲覧・謄本交付の可否":"閲覧・謄本交付可","成果状態":"正常（レコード修正）","ワンストップ可否":"×","助言番号":"H17I0247","計画機関名":"日向市","_sourceFile":"20260505_202238_Public.geojson","_sourceKind":"Public"}},{"type":"Feature","geometry":{"type":"Point","coordinates":[131.6400411667,32.4133708889]},"properties":{"_markerType":"Icon","_iconUrl":"https://service.gsi.go.jp/kijunten/contents/screen/point/images/Public/TR2.png","_iconSize":[20,20],"name":"1018A","成果ID":"2010997","種別":"街区三角点","作業内容":"新設","等級":"2級","水準点兼用コード":"兼用なし","点名":"1018A","成果区分":"世界測地系（測地成果2011）","閲覧・謄本交付の可否":"閲覧・謄本交付可","成果状態":"正常（レコード修正）","ワンストップ可否":"×","助言番号":"H17I0247","計画機関名":"日向市","_sourceFile":"20260505_202238_Public.geojson","_sourceKind":"Public"}},{"type":"Feature","geometry":{"type":"Point","coordinates":[131.6337675833,32.4317400278]},"properties":{"_markerType":"Icon","_iconUrl":"https://service.gsi.go.jp/kijunten/contents/screen/point/images/Public/TR3.png","_iconSize":[20,20],"name":"10A01","成果ID":"2010998","種別":"街区多角点","作業内容":"新設","等級":"3級","水準点兼用コード":"兼用なし","点名":"10A01","成果区分":"世界測地系（測地成果2011）","閲覧・謄本交付の可否":"閲覧・謄本交付可","成果状態":"正常（レコード修正）","ワンストップ可否":"×","助言番号":"H17I0247","計画機関名":"日向市","_sourceFile":"20260505_202238_Public.geojson","_sourceKind":"Public"}},{"type":"Feature","geometry":{"type":"Point","coordinates":[131.6311836111,32.4301209167]},"properties":{"_markerType":"Icon","_iconUrl":"https://service.gsi.go.jp/kijunten/contents/screen/point/images/Public/TR3.png","_iconSize":[20,20],"name":"10A02","成果ID":"2010999","種別":"街区多角点","作業内容":"新設","等級":"3級","水準点兼用コード":"兼用なし","点名":"10A02","成果区分":"世界測地系（測地成果2011）","閲覧・謄本交付の可否":"閲覧・謄本交付可","成果状態":"正常（レコード修正）","ワンストップ可否":"×","助言番号":"H17I0247","計画機関名":"日向市","_sourceFile":"20260505_202238_Public.geojson","_sourceKind":"Public"}},{"type":"Feature","geometry":{"type":"Point","coordinates":[131.6351681944,32.4304618611]},"properties":{"_markerType":"Icon","_iconUrl":"https://service.gsi.go.jp/kijunten/contents/screen/point/images/Public/TR3.png","_iconSize":[20,20],"name":"10A03","成果ID":"2011000","種別":"街区多角点","作業内容":"新設","等級":"3級","水準点兼用コード":"兼用なし","点名":"10A03","成果区分":"世界測地系（測地成果2011）","閲覧・謄本交付の可否":"閲覧・謄本交付可","成果状態":"正常（レコード修正）","ワンストップ可否":"×","助言番号":"H17I0247","計画機関名":"日向市","_sourceFile":"20260505_202238_Public.geojson","_sourceKind":"Public"}},{"type":"Feature","geometry":{"type":"Point","coordinates":[131.6353620833,32.4283781111]},"properties":{"_markerType":"Icon","_iconUrl":"https://service.gsi.go.jp/kijunten/contents/screen/point/images/Public/TR3.png","_iconSize":[20,20],"name":"10A04","成果ID":"2011001","種別":"街区多角点","作業内容":"新設","等級":"3級","水準点兼用コード":"兼用なし","点名":"10A04","成果区分":"世界測地系（測地成果2011）","閲覧・謄本交付の可否":"閲覧・謄本交付可","成果状態":"正常（レコード修正）","ワンストップ可否":"×","助言番号":"H17I0247","計画機関名":"日向市","_sourceFile":"20260505_202238_Public.geojson","_sourceKind":"Public"}},{"type":"Feature","geometry":{"type":"Point","coordinates":[131.6323451111,32.4280346667]},"properties":{"_markerType":"Icon","_iconUrl":"https://service.gsi.go.jp/kijunten/contents/screen/point/images/Public/TR3.png","_iconSize":[20,20],"name":"10A05","成果ID":"2011002","種別":"街区多角点","作業内容":"新設","等級":"3級","水準点兼用コード":"兼用なし","点名":"10A05","成果区分":"世界測地系（測地成果2011）","閲覧・謄本交付の可否":"閲覧・謄本交付可","成果状態":"正常（レコード修正）","ワンストップ可否":"×","助言番号":"H17I0247","計画機関名":"日向市","_sourceFile":"20260505_202238_Public.geojson","_sourceKind":"Public"}},{"type":"Feature","geometry":{"type":"Point","coordinates":[131.6303197222,32.4294541944]},"properties":{"_markerType":"Icon","_iconUrl":"https://service.gsi.go.jp/kijunten/contents/screen/point/images/Public/TR3.png","_iconSize":[20,20],"name":"10A07","成果ID":"2011004","種別":"街区多角点","作業内容":"新設","等級":"3級","水準点兼用コード":"兼用なし","点名":"10A07","成果区分":"世界測地系（測地成果2011）","閲覧・謄本交付の可否":"閲覧・謄本交付可","成果状態":"正常（レコード修正）","ワンストップ可否":"×","助言番号":"H17I0247","計画機関名":"日向市","_sourceFile":"20260505_202238_Public.geojson","_sourceKind":"Public"}},{"type":"Feature","geometry":{"type":"Point","coordinates":[131.6292663333,32.4313204444]},"properties":{"_markerType":"Icon","_iconUrl":"https://service.gsi.go.jp/kijunten/contents/screen/point/images/Public/TR3.png","_iconSize":[20,20],"name":"10A08","成果ID":"2011005","種別":"街区多角点","作業内容":"新設","等級":"3級","水準点兼用コード":"兼用なし","点名":"10A08","成果区分":"世界測地系（測地成果2011）","閲覧・謄本交付の可否":"閲覧・謄本交付可","成果状態":"正常（レコード修正）","ワンストップ可否":"×","助言番号":"H17I0247","計画機関名":"日向市","_sourceFile":"20260505_202238_Public.geojson","_sourceKind":"Public"}},{"type":"Feature","geometry":{"type":"Point","coordinates":[131.6269610556,32.4294239167]},"properties":{"_markerType":"Icon","_iconUrl":"https://service.gsi.go.jp/kijunten/contents/screen/point/images/Public/TR3.png","_iconSize":[20,20],"name":"10A09","成果ID":"2011006","種別":"街区多角点","作業内容":"新設","等級":"3級","水準点兼用コード":"兼用なし","点名":"10A09","成果区分":"世界測地系（測地成果2011）","閲覧・謄本交付の可否":"閲覧・謄本交付可","成果状態":"正常（レコード修正）","ワンストップ可否":"×","助言番号":"H17I0247","計画機関名":"日向市","_sourceFile":"20260505_202238_Public.geojson","_sourceKind":"Public"}},{"type":"Feature","geometry":{"type":"Point","coordinates":[131.6267905833,32.4271476667]},"properties":{"_markerType":"Icon","_iconUrl":"https://service.gsi.go.jp/kijunten/contents/screen/point/images/Public/TR3.png","_iconSize":[20,20],"name":"10A10","成果ID":"2011007","種別":"街区多角点","作業内容":"新設","等級":"3級","水準点兼用コード":"兼用なし","点名":"10A10","成果区分":"世界測地系（測地成果2011）","閲覧・謄本交付の可否":"閲覧・謄本交付可","成果状態":"正常（レコード修正）","ワンストップ可否":"×","助言番号":"H17I0247","計画機関名":"日向市","_sourceFile":"20260505_202238_Public.geojson","_sourceKind":"Public"}},{"type":"Feature","geometry":{"type":"Point","coordinates":[131.6253446389,32.4273290556]},"properties":{"_markerType":"Icon","_iconUrl":"https://service.gsi.go.jp/kijunten/contents/screen/point/images/Public/TR3.png","_iconSize":[20,20],"name":"10A11","成果ID":"2011008","種別":"街区多角点","作業内容":"新設","等級":"3級","水準点兼用コード":"兼用なし","点名":"10A11","成果区分":"世界測地系（測地成果2011）","閲覧・謄本交付の可否":"閲覧・謄本交付可","成果状態":"正常（レコード修正）","ワンストップ可否":"×","助言番号":"H17I0247","計画機関名":"日向市","_sourceFile":"20260505_202238_Public.geojson","_sourceKind":"Public"}},{"type":"Feature","geometry":{"type":"Point","coordinates":[131.6264255,32.4258341111]},"properties":{"_markerType":"Icon","_iconUrl":"https://service.gsi.go.jp/kijunten/contents/screen/point/images/Public/TR3.png","_iconSize":[20,20],"name":"10A22","成果ID":"2011009","種別":"街区多角点","作業内容":"新設","等級":"3級","水準点兼用コード":"兼用なし","点名":"10A22","成果区分":"世界測地系（測地成果2011）","閲覧・謄本交付の可否":"閲覧・謄本交付可","成果状態":"正常（レコード修正）","ワンストップ可否":"×","助言番号":"H17I0247","計画機関名":"日向市","_sourceFile":"20260505_202238_Public.geojson","_sourceKind":"Public"}},{"type":"Feature","geometry":{"type":"Point","coordinates":[131.62367825,32.4260905278]},"properties":{"_markerType":"Icon","_iconUrl":"https://service.gsi.go.jp/kijunten/contents/screen/point/images/Public/TR3.png","_iconSize":[20,20],"name":"10A23","成果ID":"2011010","種別":"街区多角点","作業内容":"新設","等級":"3級","水準点兼用コード":"兼用なし","点名":"10A23","成果区分":"世界測地系（測地成果2011）","閲覧・謄本交付の可否":"閲覧・謄本交付可","成果状態":"正常（レコード修正）","ワンストップ可否":"×","助言番号":"H17I0247","計画機関名":"日向市","_sourceFile":"20260505_202238_Public.geojson","_sourceKind":"Public"}},{"type":"Feature","geometry":{"type":"Point","coordinates":[131.6414917222,32.4254788611]},"properties":{"_markerType":"Icon","_iconUrl":"https://service.gsi.go.jp/kijunten/contents/screen/point/images/Public/TR3.png","_iconSize":[20,20],"name":"10A24","成果ID":"2011011","種別":"街区多角点","作業内容":"新設","等級":"3級","水準点兼用コード":"兼用なし","点名":"10A24","成果区分":"世界測地系（測地成果2011）","閲覧・謄本交付の可否":"閲覧・謄本交付可","成果状態":"正常（レコード修正）","ワンストップ可否":"×","助言番号":"H17I0247","計画機関名":"日向市","_sourceFile":"20260505_202238_Public.geojson","_sourceKind":"Public"}},{"type":"Feature","geometry":{"type":"Point","coordinates":[131.6391734444,32.4252910278]},"properties":{"_markerType":"Icon","_iconUrl":"https://service.gsi.go.jp/kijunten/contents/screen/point/images/Public/TR3.png","_iconSize":[20,20],"name":"10A25","成果ID":"2011012","種別":"街区多角点","作業内容":"新設","等級":"3級","水準点兼用コード":"兼用なし","点名":"10A25","成果区分":"世界測地系（測地成果2011）","閲覧・謄本交付の可否":"閲覧・謄本交付可","成果状態":"正常（レコード修正）","ワンストップ可否":"×","助言番号":"H17I0247","計画機関名":"日向市","_sourceFile":"20260505_202238_Public.geojson","_sourceKind":"Public"}},{"type":"Feature","geometry":{"type":"Point","coordinates":[131.6377525556,32.4251065833]},"properties":{"_markerType":"Icon","_iconUrl":"https://service.gsi.go.jp/kijunten/contents/screen/point/images/Public/TR3.png","_iconSize":[20,20],"name":"10A26","成果ID":"2011013","種別":"街区多角点","作業内容":"新設","等級":"3級","水準点兼用コード":"兼用なし","点名":"10A26","成果区分":"世界測地系（測地成果2011）","閲覧・謄本交付の可否":"閲覧・謄本交付可","成果状態":"正常（レコード修正）","ワンストップ可否":"×","助言番号":"H17I0247","計画機関名":"日向市","_sourceFile":"20260505_202238_Public.geojson","_sourceKind":"Public"}},{"type":"Feature","geometry":{"type":"Point","coordinates":[131.6356311944,32.424917]},"properties":{"_markerType":"Icon","_iconUrl":"https://service.gsi.go.jp/kijunten/contents/screen/point/images/Public/TR3.png","_iconSize":[20,20],"name":"10A27","成果ID":"2011014","種別":"街区多角点","作業内容":"新設","等級":"3級","水準点兼用コード":"兼用なし","点名":"10A27","成果区分":"世界測地系（測地成果2011）","閲覧・謄本交付の可否":"閲覧・謄本交付可","成果状態":"正常（レコード修正）","ワンストップ可否":"×","助言番号":"H17I0247","計画機関名":"日向市","_sourceFile":"20260505_202238_Public.geojson","_sourceKind":"Public"}},{"type":"Feature","geometry":{"type":"Point","coordinates":[131.6328756111,32.4247347222]},"properties":{"_markerType":"Icon","_iconUrl":"https://service.gsi.go.jp/kijunten/contents/screen/point/images/Public/TR3.png","_iconSize":[20,20],"name":"10A28","成果ID":"2011015","種別":"街区多角点","作業内容":"新設","等級":"3級","水準点兼用コード":"兼用なし","点名":"10A28","成果区分":"世界測地系（測地成果2011）","閲覧・謄本交付の可否":"閲覧・謄本交付可","成果状態":"正常（レコード修正）","ワンストップ可否":"×","助言番号":"H17I0247","計画機関名":"日向市","_sourceFile":"20260505_202238_Public.geojson","_sourceKind":"Public"}},{"type":"Feature","geometry":{"type":"Point","coordinates":[131.6309540833,32.4232891111]},"properties":{"_markerType":"Icon","_iconUrl":"https://service.gsi.go.jp/kijunten/contents/screen/point/images/Public/TR3.png","_iconSize":[20,20],"name":"10A32","成果ID":"2011019","種別":"街区多角点","作業内容":"新設","等級":"3級","水準点兼用コード":"兼用なし","点名":"10A32","成果区分":"世界測地系（測地成果2011）","閲覧・謄本交付の可否":"閲覧・謄本交付可","成果状態":"正常（レコード修正）","ワンストップ可否":"×","助言番号":"H17I0247","計画機関名":"日向市","_sourceFile":"20260505_202238_Public.geojson","_sourceKind":"Public"}},{"type":"Feature","geometry":{"type":"Point","coordinates":[131.6402973333,32.422999]},"properties":{"_markerType":"Icon","_iconUrl":"https://service.gsi.go.jp/kijunten/contents/screen/point/images/Public/TR3.png","_iconSize":[20,20],"name":"10A33","成果ID":"2011020","種別":"街区多角点","作業内容":"新設","等級":"3級","水準点兼用コード":"兼用なし","点名":"10A33","成果区分":"世界測地系（測地成果2011）","閲覧・謄本交付の可否":"閲覧・謄本交付可","成果状態":"正常（レコード修正）","ワンストップ可否":"×","助言番号":"H17I0247","計画機関名":"日向市","_sourceFile":"20260505_202238_Public.geojson","_sourceKind":"Public"}},{"type":"Feature","geometry":{"type":"Point","coordinates":[131.6381308333,32.4225288333]},"properties":{"_markerType":"Icon","_iconUrl":"https://service.gsi.go.jp/kijunten/contents/screen/point/images/Public/TR3.png","_iconSize":[20,20],"name":"10A34","成果ID":"2011021","種別":"街区多角点","作業内容":"新設","等級":"3級","水準点兼用コード":"兼用なし","点名":"10A34","成果区分":"世界測地系（測地成果2011）","閲覧・謄本交付の可否":"閲覧・謄本交付可","成果状態":"正常（レコード修正）","ワンストップ可否":"×","助言番号":"H17I0247","計画機関名":"日向市","_sourceFile":"20260505_202238_Public.geojson","_sourceKind":"Public"}},{"type":"Feature","geometry":{"type":"Point","coordinates":[131.6341929167,32.4218045]},"properties":{"_markerType":"Icon","_iconUrl":"https://service.gsi.go.jp/kijunten/contents/screen/point/images/Public/TR3.png","_iconSize":[20,20],"name":"10A35","成果ID":"2011022","種別":"街区多角点","作業内容":"新設","等級":"3級","水準点兼用コード":"兼用なし","点名":"10A35","成果区分":"世界測地系（測地成果2011）","閲覧・謄本交付の可否":"閲覧・謄本交付可","成果状態":"正常（レコード修正）","ワンストップ可否":"×","助言番号":"H17I0247","計画機関名":"日向市","_sourceFile":"20260505_202238_Public.geojson","_sourceKind":"Public"}},{"type":"Feature","geometry":{"type":"Point","coordinates":[131.6327228333,32.4213663611]},"properties":{"_markerType":"Icon","_iconUrl":"https://service.gsi.go.jp/kijunten/contents/screen/point/images/Public/TR3.png","_iconSize":[20,20],"name":"10A36","成果ID":"2011023","種別":"街区多角点","作業内容":"新設","等級":"3級","水準点兼用コード":"兼用なし","点名":"10A36","成果区分":"世界測地系（測地成果2011）","閲覧・謄本交付の可否":"閲覧・謄本交付可","成果状態":"正常（レコード修正）","ワンストップ可否":"×","助言番号":"H17I0247","計画機関名":"日向市","_sourceFile":"20260505_202238_Public.geojson","_sourceKind":"Public"}},{"type":"Feature","geometry":{"type":"Point","coordinates":[131.6255924444,32.42176225]},"properties":{"_markerType":"Icon","_iconUrl":"https://service.gsi.go.jp/kijunten/contents/screen/point/images/Public/TR3.png","_iconSize":[20,20],"name":"10A38","成果ID":"2011025","種別":"街区多角点","作業内容":"新設","等級":"3級","水準点兼用コード":"兼用なし","点名":"10A38","成果区分":"世界測地系（測地成果2011）","閲覧・謄本交付の可否":"閲覧・謄本交付可","成果状態":"正常（レコード修正）","ワンストップ可否":"×","助言番号":"H17I0247","計画機関名":"日向市","_sourceFile":"20260505_202238_Public.geojson","_sourceKind":"Public"}},{"type":"Feature","geometry":{"type":"Point","coordinates":[131.6251678889,32.4200173056]},"properties":{"_markerType":"Icon","_iconUrl":"https://service.gsi.go.jp/kijunten/contents/screen/point/images/Public/TR3.png","_iconSize":[20,20],"name":"10A39","成果ID":"2011026","種別":"街区多角点","作業内容":"新設","等級":"3級","水準点兼用コード":"兼用なし","点名":"10A39","成果区分":"世界測地系（測地成果2011）","閲覧・謄本交付の可否":"閲覧・謄本交付可","成果状態":"正常（レコード修正）","ワンストップ可否":"×","助言番号":"H17I0247","計画機関名":"日向市","_sourceFile":"20260505_202238_Public.geojson","_sourceKind":"Public"}},{"type":"Feature","geometry":{"type":"Point","coordinates":[131.6432211667,32.4214360278]},"properties":{"_markerType":"Icon","_iconUrl":"https://service.gsi.go.jp/kijunten/contents/screen/point/images/Public/TR3.png","_iconSize":[20,20],"name":"10A41","成果ID":"2011028","種別":"街区多角点","作業内容":"新設","等級":"3級","水準点兼用コード":"兼用なし","点名":"10A41","成果区分":"世界測地系（測地成果2011）","閲覧・謄本交付の可否":"閲覧・謄本交付可","成果状態":"正常（レコード修正）","ワンストップ可否":"×","助言番号":"H17I0247","計画機関名":"日向市","_sourceFile":"20260505_202238_Public.geojson","_sourceKind":"Public"}},{"type":"Feature","geometry":{"type":"Point","coordinates":[131.6410787778,32.4213596389]},"properties":{"_markerType":"Icon","_iconUrl":"https://service.gsi.go.jp/kijunten/contents/screen/point/images/Public/TR3.png","_iconSize":[20,20],"name":"10A42","成果ID":"2011029","種別":"街区多角点","作業内容":"新設","等級":"3級","水準点兼用コード":"兼用なし","点名":"10A42","成果区分":"世界測地系（測地成果2011）","閲覧・謄本交付の可否":"閲覧・謄本交付可","成果状態":"正常（レコード修正）","ワンストップ可否":"×","助言番号":"H17I0247","計画機関名":"日向市","_sourceFile":"20260505_202238_Public.geojson","_sourceKind":"Public"}},{"type":"Feature","geometry":{"type":"Point","coordinates":[131.6243534444,32.4286532778]},"properties":{"_markerType":"Icon","_iconUrl":"https://service.gsi.go.jp/kijunten/contents/screen/point/images/Public/TR3.png","_iconSize":[20,20],"name":"10A12","成果ID":"2011030","種別":"街区多角点","作業内容":"新設","等級":"3級","水準点兼用コード":"兼用なし","点名":"10A12","成果区分":"世界測地系（測地成果2011）","閲覧・謄本交付の可否":"閲覧・謄本交付可","成果状態":"正常（レコード修正）","ワンストップ可否":"×","助言番号":"H17I0247","計画機関名":"日向市","_sourceFile":"20260505_202238_Public.geojson","_sourceKind":"Public"}},{"type":"Feature","geometry":{"type":"Point","coordinates":[131.6391083889,32.4264965]},"properties":{"_markerType":"Icon","_iconUrl":"https://service.gsi.go.jp/kijunten/contents/screen/point/images/Public/TR3.png","_iconSize":[20,20],"name":"10A14","成果ID":"2011032","種別":"街区多角点","作業内容":"新設","等級":"3級","水準点兼用コード":"兼用なし","点名":"10A14","成果区分":"世界測地系（測地成果2011）","閲覧・謄本交付の可否":"閲覧・謄本交付可","成果状態":"正常（レコード修正）","ワンストップ可否":"×","助言番号":"H17I0247","計画機関名":"日向市","_sourceFile":"20260505_202238_Public.geojson","_sourceKind":"Public"}},{"type":"Feature","geometry":{"type":"Point","coordinates":[131.6373136667,32.4263383056]},"properties":{"_markerType":"Icon","_iconUrl":"https://service.gsi.go.jp/kijunten/contents/screen/point/images/Public/TR3.png","_iconSize":[20,20],"name":"10A15","成果ID":"2011033","種別":"街区多角点","作業内容":"新設","等級":"3級","水準点兼用コード":"兼用なし","点名":"10A15","成果区分":"世界測地系（測地成果2011）","閲覧・謄本交付の可否":"閲覧・謄本交付可","成果状態":"正常（レコード修正）","ワンストップ可否":"×","助言番号":"H17I0247","計画機関名":"日向市","_sourceFile":"20260505_202238_Public.geojson","_sourceKind":"Public"}},{"type":"Feature","geometry":{"type":"Point","coordinates":[131.6326946111,32.42593]},"properties":{"_markerType":"Icon","_iconUrl":"https://service.gsi.go.jp/kijunten/contents/screen/point/images/Public/TR3.png","_iconSize":[20,20],"name":"10A16","成果ID":"2011034","種別":"街区多角点","作業内容":"新設","等級":"3級","水準点兼用コード":"兼用なし","点名":"10A16","成果区分":"世界測地系（測地成果2011）","閲覧・謄本交付の可否":"閲覧・謄本交付可","成果状態":"正常（レコード修正）","ワンストップ可否":"×","助言番号":"H17I0247","計画機関名":"日向市","_sourceFile":"20260505_202238_Public.geojson","_sourceKind":"Public"}},{"type":"Feature","geometry":{"type":"Point","coordinates":[131.6279746944,32.4234411944]},"properties":{"_markerType":"Icon","_iconUrl":"https://service.gsi.go.jp/kijunten/contents/screen/point/images/Public/TR3.png","_iconSize":[20,20],"name":"10A18","成果ID":"2011036","種別":"街区多角点","作業内容":"新設","等級":"3級","水準点兼用コード":"兼用なし","点名":"10A18","成果区分":"世界測地系（測地成果2011）","閲覧・謄本交付の可否":"閲覧・謄本交付可","成果状態":"正常（レコード修正）","ワンストップ可否":"×","助言番号":"H17I0247","計画機関名":"日向市","_sourceFile":"20260505_202238_Public.geojson","_sourceKind":"Public"}},{"type":"Feature","geometry":{"type":"Point","coordinates":[131.6261485278,32.4238871389]},"properties":{"_markerType":"Icon","_iconUrl":"https://service.gsi.go.jp/kijunten/contents/screen/point/images/Public/TR3.png","_iconSize":[20,20],"name":"10A19","成果ID":"2011037","種別":"街区多角点","作業内容":"新設","等級":"3級","水準点兼用コード":"兼用なし","点名":"10A19","成果区分":"世界測地系（測地成果2011）","閲覧・謄本交付の可否":"閲覧・謄本交付可","成果状態":"正常（レコード修正）","ワンストップ可否":"×","助言番号":"H17I0247","計画機関名":"日向市","_sourceFile":"20260505_202238_Public.geojson","_sourceKind":"Public"}},{"type":"Feature","geometry":{"type":"Point","coordinates":[131.6233827222,32.4241991944]},"properties":{"_markerType":"Icon","_iconUrl":"https://service.gsi.go.jp/kijunten/contents/screen/point/images/Public/TR3.png","_iconSize":[20,20],"name":"10A20","成果ID":"2011038","種別":"街区多角点","作業内容":"新設","等級":"3級","水準点兼用コード":"兼用なし","点名":"10A20","成果区分":"世界測地系（測地成果2011）","閲覧・謄本交付の可否":"閲覧・謄本交付可","成果状態":"正常（レコード修正）","ワンストップ可否":"×","助言番号":"H17I0247","計画機関名":"日向市","_sourceFile":"20260505_202238_Public.geojson","_sourceKind":"Public"}},{"type":"Feature","geometry":{"type":"Point","coordinates":[131.6225038611,32.4260833333]},"properties":{"_markerType":"Icon","_iconUrl":"https://service.gsi.go.jp/kijunten/contents/screen/point/images/Public/TR3.png","_iconSize":[20,20],"name":"10A21","成果ID":"2011039","種別":"街区多角点","作業内容":"新設","等級":"3級","水準点兼用コード":"兼用なし","点名":"10A21","成果区分":"世界測地系（測地成果2011）","閲覧・謄本交付の可否":"閲覧・謄本交付可","成果状態":"正常（レコード修正）","ワンストップ可否":"×","助言番号":"H17I0247","計画機関名":"日向市","_sourceFile":"20260505_202238_Public.geojson","_sourceKind":"Public"}},{"type":"Feature","geometry":{"type":"Point","coordinates":[131.6382005833,32.4213087778]},"properties":{"_markerType":"Icon","_iconUrl":"https://service.gsi.go.jp/kijunten/contents/screen/point/images/Public/TR3.png","_iconSize":[20,20],"name":"10A43","成果ID":"2011040","種別":"街区多角点","作業内容":"新設","等級":"3級","水準点兼用コード":"兼用なし","点名":"10A43","成果区分":"世界測地系（測地成果2011）","閲覧・謄本交付の可否":"閲覧・謄本交付可","成果状態":"正常（レコード修正）","ワンストップ可否":"×","助言番号":"H17I0247","計画機関名":"日向市","_sourceFile":"20260505_202238_Public.geojson","_sourceKind":"Public"}},{"type":"Feature","geometry":{"type":"Point","coordinates":[131.63613900000001,32.4211491667]},"properties":{"_markerType":"Icon","_iconUrl":"https://service.gsi.go.jp/kijunten/contents/screen/point/images/Public/TR3.png","_iconSize":[20,20],"name":"10A44","成果ID":"2011041","種別":"街区多角点","作業内容":"新設","等級":"3級","水準点兼用コード":"兼用なし","点名":"10A44","成果区分":"世界測地系（測地成果2011）","閲覧・謄本交付の可否":"閲覧・謄本交付可","成果状態":"正常（レコード修正）","ワンストップ可否":"×","助言番号":"H17I0247","計画機関名":"日向市","_sourceFile":"20260505_202238_Public.geojson","_sourceKind":"Public"}},{"type":"Feature","geometry":{"type":"Point","coordinates":[131.6419468611,32.4198136667]},"properties":{"_markerType":"Icon","_iconUrl":"https://service.gsi.go.jp/kijunten/contents/screen/point/images/Public/TR3.png","_iconSize":[20,20],"name":"10A45","成果ID":"2011042","種別":"街区多角点","作業内容":"新設","等級":"3級","水準点兼用コード":"兼用なし","点名":"10A45","成果区分":"世界測地系（測地成果2011）","閲覧・謄本交付の可否":"閲覧・謄本交付可","成果状態":"正常（レコード修正）","ワンストップ可否":"×","助言番号":"H17I0247","計画機関名":"日向市","_sourceFile":"20260505_202238_Public.geojson","_sourceKind":"Public"}},{"type":"Feature","geometry":{"type":"Point","coordinates":[131.6400680833,32.4197433333]},"properties":{"_markerType":"Icon","_iconUrl":"https://service.gsi.go.jp/kijunten/contents/screen/point/images/Public/TR3.png","_iconSize":[20,20],"name":"10A46","成果ID":"2011043","種別":"街区多角点","作業内容":"新設","等級":"3級","水準点兼用コード":"兼用なし","点名":"10A46","成果区分":"世界測地系（測地成果2011）","閲覧・謄本交付の可否":"閲覧・謄本交付可","成果状態":"正常（レコード修正）","ワンストップ可否":"×","助言番号":"H17I0247","計画機関名":"日向市","_sourceFile":"20260505_202238_Public.geojson","_sourceKind":"Public"}},{"type":"Feature","geometry":{"type":"Point","coordinates":[131.6382446667,32.4196781111]},"properties":{"_markerType":"Icon","_iconUrl":"https://service.gsi.go.jp/kijunten/contents/screen/point/images/Public/TR3.png","_iconSize":[20,20],"name":"10A47","成果ID":"2011044","種別":"街区多角点","作業内容":"新設","等級":"3級","水準点兼用コード":"兼用なし","点名":"10A47","成果区分":"世界測地系（測地成果2011）","閲覧・謄本交付の可否":"閲覧・謄本交付可","成果状態":"正常（レコード修正）","ワンストップ可否":"×","助言番号":"H17I0247","計画機関名":"日向市","_sourceFile":"20260505_202238_Public.geojson","_sourceKind":"Public"}},{"type":"Feature","geometry":{"type":"Point","coordinates":[131.6365109722,32.4196023889]},"properties":{"_markerType":"Icon","_iconUrl":"https://service.gsi.go.jp/kijunten/contents/screen/point/images/Public/TR3.png","_iconSize":[20,20],"name":"10A48","成果ID":"2011045","種別":"街区多角点","作業内容":"新設","等級":"3級","水準点兼用コード":"兼用なし","点名":"10A48","成果区分":"世界測地系（測地成果2011）","閲覧・謄本交付の可否":"閲覧・謄本交付可","成果状態":"正常（レコード修正）","ワンストップ可否":"×","助言番号":"H17I0247","計画機関名":"日向市","_sourceFile":"20260505_202238_Public.geojson","_sourceKind":"Public"}},{"type":"Feature","geometry":{"type":"Point","coordinates":[131.63308825,32.4192568056]},"properties":{"_markerType":"Icon","_iconUrl":"https://service.gsi.go.jp/kijunten/contents/screen/point/images/Public/TR3.png","_iconSize":[20,20],"name":"10A49","成果ID":"2011046","種別":"街区多角点","作業内容":"新設","等級":"3級","水準点兼用コード":"兼用なし","点名":"10A49","成果区分":"世界測地系（測地成果2011）","閲覧・謄本交付の可否":"閲覧・謄本交付可","成果状態":"正常（レコード修正）","ワンストップ可否":"×","助言番号":"H17I0247","計画機関名":"日向市","_sourceFile":"20260505_202238_Public.geojson","_sourceKind":"Public"}},{"type":"Feature","geometry":{"type":"Point","coordinates":[131.63089725,32.4191070833]},"properties":{"_markerType":"Icon","_iconUrl":"https://service.gsi.go.jp/kijunten/contents/screen/point/images/Public/TR3.png","_iconSize":[20,20],"name":"10A50","成果ID":"2011047","種別":"街区多角点","作業内容":"新設","等級":"3級","水準点兼用コード":"兼用なし","点名":"10A50","成果区分":"世界測地系（測地成果2011）","閲覧・謄本交付の可否":"閲覧・謄本交付可","成果状態":"正常（レコード修正）","ワンストップ可否":"×","助言番号":"H17I0247","計画機関名":"日向市","_sourceFile":"20260505_202238_Public.geojson","_sourceKind":"Public"}},{"type":"Feature","geometry":{"type":"Point","coordinates":[131.6397089722,32.4184422778]},"properties":{"_markerType":"Icon","_iconUrl":"https://service.gsi.go.jp/kijunten/contents/screen/point/images/Public/TR3.png","_iconSize":[20,20],"name":"10A51","成果ID":"2011048","種別":"街区多角点","作業内容":"新設","等級":"3級","水準点兼用コード":"兼用なし","点名":"10A51","成果区分":"世界測地系（測地成果2011）","閲覧・謄本交付の可否":"閲覧・謄本交付可","成果状態":"正常（レコード修正）","ワンストップ可否":"×","助言番号":"H17I0247","計画機関名":"日向市","_sourceFile":"20260505_202238_Public.geojson","_sourceKind":"Public"}},{"type":"Feature","geometry":{"type":"Point","coordinates":[131.6366913889,32.4177905833]},"properties":{"_markerType":"Icon","_iconUrl":"https://service.gsi.go.jp/kijunten/contents/screen/point/images/Public/TR3.png","_iconSize":[20,20],"name":"10A52","成果ID":"2011049","種別":"街区多角点","作業内容":"新設","等級":"3級","水準点兼用コード":"兼用なし","点名":"10A52","成果区分":"世界測地系（測地成果2011）","閲覧・謄本交付の可否":"閲覧・謄本交付可","成果状態":"正常（レコード修正）","ワンストップ可否":"×","助言番号":"H17I0247","計画機関名":"日向市","_sourceFile":"20260505_202238_Public.geojson","_sourceKind":"Public"}},{"type":"Feature","geometry":{"type":"Point","coordinates":[131.6393566111,32.4153081111]},"properties":{"_markerType":"Icon","_iconUrl":"https://service.gsi.go.jp/kijunten/contents/screen/point/images/Public/TR3.png","_iconSize":[20,20],"name":"10A53","成果ID":"2011050","種別":"街区多角点","作業内容":"新設","等級":"3級","水準点兼用コード":"兼用なし","点名":"10A53","成果区分":"世界測地系（測地成果2011）","閲覧・謄本交付の可否":"閲覧・謄本交付可","成果状態":"正常（レコード修正）","ワンストップ可否":"×","助言番号":"H17I0247","計画機関名":"日向市","_sourceFile":"20260505_202238_Public.geojson","_sourceKind":"Public"}},{"type":"Feature","geometry":{"type":"Point","coordinates":[131.6636055833,32.4280783333]},"properties":{"_markerType":"Icon","_iconUrl":"https://service.gsi.go.jp/kijunten/contents/screen/point/images/Public/TR3.png","_iconSize":[20,20],"name":"10A54","成果ID":"2011051","種別":"街区多角点","作業内容":"新設","等級":"3級","水準点兼用コード":"兼用なし","点名":"10A54","成果区分":"世界測地系（測地成果2011）","閲覧・謄本交付の可否":"閲覧・謄本交付可","成果状態":"正常（レコード修正）","ワンストップ可否":"×","助言番号":"H17I0247","計画機関名":"日向市","_sourceFile":"20260505_202238_Public.geojson","_sourceKind":"Public"}},{"type":"Feature","geometry":{"type":"Point","coordinates":[131.6613765833,32.4278566944]},"properties":{"_markerType":"Icon","_iconUrl":"https://service.gsi.go.jp/kijunten/contents/screen/point/images/Public/TR3.png","_iconSize":[20,20],"name":"10A55","成果ID":"2011052","種別":"街区多角点","作業内容":"新設","等級":"3級","水準点兼用コード":"兼用なし","点名":"10A55","成果区分":"世界測地系（測地成果2011）","閲覧・謄本交付の可否":"閲覧・謄本交付可","成果状態":"正常（レコード修正）","ワンストップ可否":"×","助言番号":"H17I0247","計画機関名":"日向市","_sourceFile":"20260505_202238_Public.geojson","_sourceKind":"Public"}},{"type":"Feature","geometry":{"type":"Point","coordinates":[131.6588893611,32.4273786944]},"properties":{"_markerType":"Icon","_iconUrl":"https://service.gsi.go.jp/kijunten/contents/screen/point/images/Public/TR3.png","_iconSize":[20,20],"name":"10A56","成果ID":"2011053","種別":"街区多角点","作業内容":"新設","等級":"3級","水準点兼用コード":"兼用なし","点名":"10A56","成果区分":"世界測地系（測地成果2011）","閲覧・謄本交付の可否":"閲覧・謄本交付可","成果状態":"正常（レコード修正）","ワンストップ可否":"×","助言番号":"H17I0247","計画機関名":"日向市","_sourceFile":"20260505_202238_Public.geojson","_sourceKind":"Public"}},{"type":"Feature","geometry":{"type":"Point","coordinates":[131.6571865,32.4271103333]},"properties":{"_markerType":"Icon","_iconUrl":"https://service.gsi.go.jp/kijunten/contents/screen/point/images/Public/TR3.png","_iconSize":[20,20],"name":"10A57","成果ID":"2011054","種別":"街区多角点","作業内容":"新設","等級":"3級","水準点兼用コード":"兼用なし","点名":"10A57","成果区分":"世界測地系（測地成果2011）","閲覧・謄本交付の可否":"閲覧・謄本交付可","成果状態":"正常（レコード修正）","ワンストップ可否":"×","助言番号":"H17I0247","計画機関名":"日向市","_sourceFile":"20260505_202238_Public.geojson","_sourceKind":"Public"}},{"type":"Feature","geometry":{"type":"Point","coordinates":[131.6548687222,32.42699775]},"properties":{"_markerType":"Icon","_iconUrl":"https://service.gsi.go.jp/kijunten/contents/screen/point/images/Public/TR3.png","_iconSize":[20,20],"name":"10A58","成果ID":"2011055","種別":"街区多角点","作業内容":"新設","等級":"3級","水準点兼用コード":"兼用なし","点名":"10A58","成果区分":"世界測地系（測地成果2011）","閲覧・謄本交付の可否":"閲覧・謄本交付可","成果状態":"正常（レコード修正）","ワンストップ可否":"×","助言番号":"H17I0247","計画機関名":"日向市","_sourceFile":"20260505_202238_Public.geojson","_sourceKind":"Public"}},{"type":"Feature","geometry":{"type":"Point","coordinates":[131.6532978889,32.4258518333]},"properties":{"_markerType":"Icon","_iconUrl":"https://service.gsi.go.jp/kijunten/contents/screen/point/images/Public/TR3.png","_iconSize":[20,20],"name":"10A59","成果ID":"2011056","種別":"街区多角点","作業内容":"新設","等級":"3級","水準点兼用コード":"兼用なし","点名":"10A59","成果区分":"世界測地系（測地成果2011）","閲覧・謄本交付の可否":"閲覧・謄本交付可","成果状態":"正常（レコード修正）","ワンストップ可否":"×","助言番号":"H17I0247","計画機関名":"日向市","_sourceFile":"20260505_202238_Public.geojson","_sourceKind":"Public"}},{"type":"Feature","geometry":{"type":"Point","coordinates":[131.6515497778,32.4254690833]},"properties":{"_markerType":"Icon","_iconUrl":"https://service.gsi.go.jp/kijunten/contents/screen/point/images/Public/TR3.png","_iconSize":[20,20],"name":"10A60","成果ID":"2011057","種別":"街区多角点","作業内容":"新設","等級":"3級","水準点兼用コード":"兼用なし","点名":"10A60","成果区分":"世界測地系（測地成果2011）","閲覧・謄本交付の可否":"閲覧・謄本交付可","成果状態":"正常（レコード修正）","ワンストップ可否":"×","助言番号":"H17I0247","計画機関名":"日向市","_sourceFile":"20260505_202238_Public.geojson","_sourceKind":"Public"}},{"type":"Feature","geometry":{"type":"Point","coordinates":[131.6682071944,32.4276698333]},"properties":{"_markerType":"Icon","_iconUrl":"https://service.gsi.go.jp/kijunten/contents/screen/point/images/Public/TR3.png","_iconSize":[20,20],"name":"10A61","成果ID":"2011058","種別":"街区多角点","作業内容":"新設","等級":"3級","水準点兼用コード":"兼用なし","点名":"10A61","成果区分":"世界測地系（測地成果2011）","閲覧・謄本交付の可否":"閲覧・謄本交付可","成果状態":"正常（レコード修正）","ワンストップ可否":"×","助言番号":"H17I0247","計画機関名":"日向市","_sourceFile":"20260505_202238_Public.geojson","_sourceKind":"Public"}},{"type":"Feature","geometry":{"type":"Point","coordinates":[131.6646927778,32.4270923333]},"properties":{"_markerType":"Icon","_iconUrl":"https://service.gsi.go.jp/kijunten/contents/screen/point/images/Public/TR3.png","_iconSize":[20,20],"name":"10A62","成果ID":"2011059","種別":"街区多角点","作業内容":"新設","等級":"3級","水準点兼用コード":"兼用なし","点名":"10A62","成果区分":"世界測地系（測地成果2011）","閲覧・謄本交付の可否":"閲覧・謄本交付可","成果状態":"正常（レコード修正）","ワンストップ可否":"×","助言番号":"H17I0247","計画機関名":"日向市","_sourceFile":"20260505_202238_Public.geojson","_sourceKind":"Public"}},{"type":"Feature","geometry":{"type":"Point","coordinates":[131.6612773611,32.4271994167]},"properties":{"_markerType":"Icon","_iconUrl":"https://service.gsi.go.jp/kijunten/contents/screen/point/images/Public/TR3.png","_iconSize":[20,20],"name":"10A63","成果ID":"2011060","種別":"街区多角点","作業内容":"新設","等級":"3級","水準点兼用コード":"兼用なし","点名":"10A63","成果区分":"世界測地系（測地成果2011）","閲覧・謄本交付の可否":"閲覧・謄本交付可","成果状態":"正常（レコード修正）","ワンストップ可否":"×","助言番号":"H17I0247","計画機関名":"日向市","_sourceFile":"20260505_202238_Public.geojson","_sourceKind":"Public"}},{"type":"Feature","geometry":{"type":"Point","coordinates":[131.6550958889,32.4253804444]},"properties":{"_markerType":"Icon","_iconUrl":"https://service.gsi.go.jp/kijunten/contents/screen/point/images/Public/TR3.png","_iconSize":[20,20],"name":"10A65","成果ID":"2011062","種別":"街区多角点","作業内容":"新設","等級":"3級","水準点兼用コード":"兼用なし","点名":"10A65","成果区分":"世界測地系（測地成果2011）","閲覧・謄本交付の可否":"閲覧・謄本交付可","成果状態":"正常（レコード修正）","ワンストップ可否":"×","助言番号":"H17I0247","計画機関名":"日向市","_sourceFile":"20260505_202238_Public.geojson","_sourceKind":"Public"}},{"type":"Feature","geometry":{"type":"Point","coordinates":[131.6555803889,32.4237645833]},"properties":{"_markerType":"Icon","_iconUrl":"https://service.gsi.go.jp/kijunten/contents/screen/point/images/Public/TR3.png","_iconSize":[20,20],"name":"10A66","成果ID":"2011063","種別":"街区多角点","作業内容":"新設","等級":"3級","水準点兼用コード":"兼用なし","点名":"10A66","成果区分":"世界測地系（測地成果2011）","閲覧・謄本交付の可否":"閲覧・謄本交付可","成果状態":"正常（レコード修正）","ワンストップ可否":"×","助言番号":"H17I0247","計画機関名":"日向市","_sourceFile":"20260505_202238_Public.geojson","_sourceKind":"Public"}},{"type":"Feature","geometry":{"type":"Point","coordinates":[131.6540001389,32.4234511944]},"properties":{"_markerType":"Icon","_iconUrl":"https://service.gsi.go.jp/kijunten/contents/screen/point/images/Public/TR3.png","_iconSize":[20,20],"name":"10A67","成果ID":"2011064","種別":"街区多角点","作業内容":"新設","等級":"3級","水準点兼用コード":"兼用なし","点名":"10A67","成果区分":"世界測地系（測地成果2011）","閲覧・謄本交付の可否":"閲覧・謄本交付可","成果状態":"正常（レコード修正）","ワンストップ可否":"×","助言番号":"H17I0247","計画機関名":"日向市","_sourceFile":"20260505_202238_Public.geojson","_sourceKind":"Public"}},{"type":"Feature","geometry":{"type":"Point","coordinates":[131.6516854444,32.4227159444]},"properties":{"_markerType":"Icon","_iconUrl":"https://service.gsi.go.jp/kijunten/contents/screen/point/images/Public/TR3.png","_iconSize":[20,20],"name":"10A68","成果ID":"2011065","種別":"街区多角点","作業内容":"新設","等級":"3級","水準点兼用コード":"兼用なし","点名":"10A68","成果区分":"世界測地系（測地成果2011）","閲覧・謄本交付の可否":"閲覧・謄本交付可","成果状態":"正常（レコード修正）","ワンストップ可否":"×","助言番号":"H17I0247","計画機関名":"日向市","_sourceFile":"20260505_202238_Public.geojson","_sourceKind":"Public"}},{"type":"Feature","geometry":{"type":"Point","coordinates":[131.6500575556,32.4223165833]},"properties":{"_markerType":"Icon","_iconUrl":"https://service.gsi.go.jp/kijunten/contents/screen/point/images/Public/TR3.png","_iconSize":[20,20],"name":"10A69","成果ID":"2011066","種別":"街区多角点","作業内容":"新設","等級":"3級","水準点兼用コード":"兼用なし","点名":"10A69","成果区分":"世界測地系（測地成果2011）","閲覧・謄本交付の可否":"閲覧・謄本交付可","成果状態":"正常（レコード修正）","ワンストップ可否":"×","助言番号":"H17I0247","計画機関名":"日向市","_sourceFile":"20260505_202238_Public.geojson","_sourceKind":"Public"}},{"type":"Feature","geometry":{"type":"Point","coordinates":[131.6554248611,32.4892247778]},"properties":{"_markerType":"Icon","_iconUrl":"https://service.gsi.go.jp/kijunten/contents/screen/point/images/Public/TR2.png","_iconSize":[20,20],"name":"門-4","成果ID":"902513","種別":"基準点","作業内容":"改算","等級":"2級","水準点兼用コード":"兼用なし","点名":"門-4","成果区分":"世界測地系（測地成果2011）","閲覧・謄本交付の可否":"閲覧・謄本交付可","成果状態":"正常（新設）","ワンストップ可否":"×","助言番号":"H14I0306","計画機関名":"NEXCO西日本九州支社宮崎工事事務所","_sourceFile":"20260505_202321_Public.geojson","_sourceKind":"Public"}},{"type":"Feature","geometry":{"type":"Point","coordinates":[131.6472898056,32.4829505]},"properties":{"_markerType":"Icon","_iconUrl":"https://service.gsi.go.jp/kijunten/contents/screen/point/images/Public/TR2.png","_iconSize":[20,20],"name":"門-5","成果ID":"902514","種別":"基準点","作業内容":"改算","等級":"2級","水準点兼用コード":"兼用なし","点名":"門-5","成果区分":"世界測地系（測地成果2011）","閲覧・謄本交付の可否":"閲覧・謄本交付可","成果状態":"正常（新設）","ワンストップ可否":"×","助言番号":"H14I0306","計画機関名":"NEXCO西日本九州支社宮崎工事事務所","_sourceFile":"20260505_202321_Public.geojson","_sourceKind":"Public"}},{"type":"Feature","geometry":{"type":"Point","coordinates":[131.6599526667,32.4958312778]},"properties":{"_markerType":"Icon","_iconUrl":"https://service.gsi.go.jp/kijunten/contents/screen/point/images/Public/TR2.png","_iconSize":[20,20],"name":"門-2","成果ID":"902515","種別":"基準点","作業内容":"改算","等級":"2級","水準点兼用コード":"兼用なし","点名":"門-2","成果区分":"世界測地系（測地成果2011）","閲覧・謄本交付の可否":"閲覧・謄本交付可","成果状態":"正常（新設）","ワンストップ可否":"×","助言番号":"H14I0306","計画機関名":"NEXCO西日本九州支社宮崎工事事務所","_sourceFile":"20260505_202321_Public.geojson","_sourceKind":"Public"}},{"type":"Feature","geometry":{"type":"Point","coordinates":[131.6614296389,32.4989635556]},"properties":{"_markerType":"Icon","_iconUrl":"https://service.gsi.go.jp/kijunten/contents/screen/point/images/Public/TR2.png","_iconSize":[20,20],"name":"門-1","成果ID":"902516","種別":"基準点","作業内容":"改算","等級":"2級","水準点兼用コード":"兼用なし","点名":"門-1","成果区分":"世界測地系（測地成果2011）","閲覧・謄本交付の可否":"閲覧・謄本交付可","成果状態":"正常（新設）","ワンストップ可否":"×","助言番号":"H14I0306","計画機関名":"NEXCO西日本九州支社宮崎工事事務所","_sourceFile":"20260505_202321_Public.geojson","_sourceKind":"Public"}},{"type":"Feature","geometry":{"type":"Point","coordinates":[131.6541980833,32.4949721111]},"properties":{"_markerType":"Icon","_iconUrl":"https://service.gsi.go.jp/kijunten/contents/screen/point/images/Public/TR2.png","_iconSize":[20,20],"name":"門-3","成果ID":"902519","種別":"基準点","作業内容":"改算","等級":"2級","水準点兼用コード":"兼用なし","点名":"門-3","成果区分":"世界測地系（測地成果2011）","閲覧・謄本交付の可否":"閲覧・謄本交付可","成果状態":"正常（新設）","ワンストップ可否":"×","助言番号":"H14I0306","計画機関名":"NEXCO西日本九州支社宮崎工事事務所","_sourceFile":"20260505_202321_Public.geojson","_sourceKind":"Public"}},{"type":"Feature","geometry":{"type":"Point","coordinates":[131.6328525833,32.4740438056]},"properties":{"_markerType":"Icon","_iconUrl":"https://service.gsi.go.jp/kijunten/contents/screen/point/images/Public/TR2.png","_iconSize":[20,20],"name":"門-9","成果ID":"902521","種別":"基準点","作業内容":"改算","等級":"2級","水準点兼用コード":"兼用なし","点名":"門-9","成果区分":"世界測地系（測地成果2011）","閲覧・謄本交付の可否":"閲覧・謄本交付可","成果状態":"正常（新設）","ワンストップ可否":"×","助言番号":"H14I0306","計画機関名":"NEXCO西日本九州支社宮崎工事事務所","_sourceFile":"20260505_202321_Public.geojson","_sourceKind":"Public"}},{"type":"Feature","geometry":{"type":"Point","coordinates":[131.6416696111,32.4865905278]},"properties":{"_markerType":"Icon","_iconUrl":"https://service.gsi.go.jp/kijunten/contents/screen/point/images/Public/TR2.png","_iconSize":[20,20],"name":"門-6","成果ID":"902523","種別":"基準点","作業内容":"改算","等級":"2級","水準点兼用コード":"兼用なし","点名":"門-6","成果区分":"世界測地系（測地成果2011）","閲覧・謄本交付の可否":"閲覧・謄本交付可","成果状態":"正常（新設）","ワンストップ可否":"×","助言番号":"H14I0306","計画機関名":"NEXCO西日本九州支社宮崎工事事務所","_sourceFile":"20260505_202321_Public.geojson","_sourceKind":"Public"}},{"type":"Feature","geometry":{"type":"Point","coordinates":[131.6348254444,32.4798789722]},"properties":{"_markerType":"Icon","_iconUrl":"https://service.gsi.go.jp/kijunten/contents/screen/point/images/Public/TR2.png","_iconSize":[20,20],"name":"門-8","成果ID":"902526","種別":"基準点","作業内容":"改算","等級":"2級","水準点兼用コード":"兼用なし","点名":"門-8","成果区分":"世界測地系（測地成果2011）","閲覧・謄本交付の可否":"閲覧・謄本交付可","成果状態":"正常（新設）","ワンストップ可否":"×","助言番号":"H14I0306","計画機関名":"NEXCO西日本九州支社宮崎工事事務所","_sourceFile":"20260505_202321_Public.geojson","_sourceKind":"Public"}},{"type":"Feature","geometry":{"type":"Point","coordinates":[131.6260712222,32.4713534722]},"properties":{"_markerType":"Icon","_iconUrl":"https://service.gsi.go.jp/kijunten/contents/screen/point/images/Public/TR2.png","_iconSize":[20,20],"name":"門-10","成果ID":"902527","種別":"基準点","作業内容":"改算","等級":"2級","水準点兼用コード":"兼用なし","点名":"門-10","成果区分":"世界測地系（測地成果2011）","閲覧・謄本交付の可否":"閲覧・謄本交付可","成果状態":"正常（新設）","ワンストップ可否":"×","助言番号":"H14I0306","計画機関名":"NEXCO西日本九州支社宮崎工事事務所","_sourceFile":"20260505_202321_Public.geojson","_sourceKind":"Public"}},{"type":"Feature","geometry":{"type":"Point","coordinates":[131.6222031667,32.46964525]},"properties":{"_markerType":"Icon","_iconUrl":"https://service.gsi.go.jp/kijunten/contents/screen/point/images/Public/TR2.png","_iconSize":[20,20],"name":"門-11","成果ID":"902528","種別":"基準点","作業内容":"改算","等級":"2級","水準点兼用コード":"兼用なし","点名":"門-11","成果区分":"世界測地系（測地成果2011）","閲覧・謄本交付の可否":"閲覧・謄本交付可","成果状態":"正常（新設）","ワンストップ可否":"×","助言番号":"H14I0306","計画機関名":"NEXCO西日本九州支社宮崎工事事務所","_sourceFile":"20260505_202321_Public.geojson","_sourceKind":"Public"}},{"type":"Feature","geometry":{"type":"Point","coordinates":[131.6338490833,32.4849309722]},"properties":{"_markerType":"Icon","_iconUrl":"https://service.gsi.go.jp/kijunten/contents/screen/point/images/Public/TR2.png","_iconSize":[20,20],"name":"門-7","成果ID":"902530","種別":"基準点","作業内容":"改算","等級":"2級","水準点兼用コード":"兼用なし","点名":"門-7","成果区分":"世界測地系（測地成果2011）","閲覧・謄本交付の可否":"閲覧・謄本交付可","成果状態":"正常（新設）","ワンストップ可否":"×","助言番号":"H14I0306","計画機関名":"NEXCO西日本九州支社宮崎工事事務所","_sourceFile":"20260505_202321_Public.geojson","_sourceKind":"Public"}},{"type":"Feature","geometry":{"type":"Point","coordinates":[131.6626521111,32.4917637222]},"properties":{"_markerType":"Icon","_iconUrl":"https://service.gsi.go.jp/kijunten/contents/screen/point/images/Public/TR2.png","_iconSize":[20,20],"name":"２－１","成果ID":"916307","種別":"基準点","作業内容":"新設","等級":"2級","水準点兼用コード":"兼用なし","点名":"２－１","成果区分":"世界測地系（測地成果2011）","閲覧・謄本交付の可否":"閲覧・謄本交付可","成果状態":"正常（新設）","ワンストップ可否":"×","助言番号":"H17I0485","計画機関名":"門川町加草深迫土地区画整理事業準備組合","_sourceFile":"20260505_202321_Public.geojson","_sourceKind":"Public"}},{"type":"Feature","geometry":{"type":"Point","coordinates":[131.6596708611,32.4897141111]},"properties":{"_markerType":"Icon","_iconUrl":"https://service.gsi.go.jp/kijunten/contents/screen/point/images/Public/TR2.png","_iconSize":[20,20],"name":"２－２","成果ID":"916308","種別":"基準点","作業内容":"新設","等級":"2級","水準点兼用コード":"兼用なし","点名":"２－２","成果区分":"世界測地系（測地成果2011）","閲覧・謄本交付の可否":"閲覧・謄本交付可","成果状態":"正常（新設）","ワンストップ可否":"×","助言番号":"H17I0485","計画機関名":"門川町加草深迫土地区画整理事業準備組合","_sourceFile":"20260505_202321_Public.geojson","_sourceKind":"Public"}},{"type":"Feature","geometry":{"type":"Point","coordinates":[131.6623486111,32.4957396667]},"properties":{"_markerType":"Icon","_iconUrl":"https://service.gsi.go.jp/kijunten/contents/screen/point/images/Public/TR2.png","_iconSize":[20,20],"name":"259K840","成果ID":"2001598","種別":"基準点","作業内容":"新設","等級":"2級","水準点兼用コード":"兼用なし","点名":"259K840","成果区分":"世界測地系（測地成果2011）","閲覧・謄本交付の可否":"閲覧・謄本交付可","成果状態":"正常（新設）","ワンストップ可否":"○","助言番号":"H21I0296","計画機関名":"九州地方整備局延岡河川国道事務所","_sourceFile":"20260505_202321_Public.geojson","_sourceKind":"Public"}},{"type":"Feature","geometry":{"type":"Point","coordinates":[131.6634764167,32.4925060833]},"properties":{"_markerType":"Icon","_iconUrl":"https://service.gsi.go.jp/kijunten/contents/screen/point/images/Public/TR2.png","_iconSize":[20,20],"name":"260K210","成果ID":"2001599","種別":"基準点","作業内容":"新設","等級":"2級","水準点兼用コード":"兼用なし","点名":"260K210","成果区分":"世界測地系（測地成果2011）","閲覧・謄本交付の可否":"閲覧・謄本交付可","成果状態":"正常（新設）","ワンストップ可否":"○","助言番号":"H21I0296","計画機関名":"九州地方整備局延岡河川国道事務所","_sourceFile":"20260505_202321_Public.geojson","_sourceKind":"Public"}},{"type":"Feature","geometry":{"type":"Point","coordinates":[131.6641809722,32.4873764444]},"properties":{"_markerType":"Icon","_iconUrl":"https://service.gsi.go.jp/kijunten/contents/screen/point/images/Public/TR2.png","_iconSize":[20,20],"name":"260K780","成果ID":"2001600","種別":"基準点","作業内容":"新設","等級":"2級","水準点兼用コード":"兼用なし","点名":"260K780","成果区分":"世界測地系（測地成果2011）","閲覧・謄本交付の可否":"閲覧・謄本交付可","成果状態":"正常（新設）","ワンストップ可否":"○","助言番号":"H21I0296","計画機関名":"九州地方整備局延岡河川国道事務所","_sourceFile":"20260505_202321_Public.geojson","_sourceKind":"Public"}},{"type":"Feature","geometry":{"type":"Point","coordinates":[131.6601248889,32.4837560556]},"properties":{"_markerType":"Icon","_iconUrl":"https://service.gsi.go.jp/kijunten/contents/screen/point/images/Public/TR2.png","_iconSize":[20,20],"name":"261K340","成果ID":"2001601","種別":"基準点","作業内容":"新設","等級":"2級","水準点兼用コード":"兼用なし","点名":"261K340","成果区分":"世界測地系（測地成果2011）","閲覧・謄本交付の可否":"閲覧・謄本交付可","成果状態":"正常（新設）","ワンストップ可否":"○","助言番号":"H21I0296","計画機関名":"九州地方整備局延岡河川国道事務所","_sourceFile":"20260505_202321_Public.geojson","_sourceKind":"Public"}},{"type":"Feature","geometry":{"type":"Point","coordinates":[131.6571034722,32.4810692778]},"properties":{"_markerType":"Icon","_iconUrl":"https://service.gsi.go.jp/kijunten/contents/screen/point/images/Public/TR2.png","_iconSize":[20,20],"name":"261K750","成果ID":"2001602","種別":"基準点","作業内容":"新設","等級":"2級","水準点兼用コード":"兼用なし","点名":"261K750","成果区分":"世界測地系（測地成果2011）","閲覧・謄本交付の可否":"閲覧・謄本交付可","成果状態":"正常（新設）","ワンストップ可否":"○","助言番号":"H21I0296","計画機関名":"九州地方整備局延岡河川国道事務所","_sourceFile":"20260505_202321_Public.geojson","_sourceKind":"Public"}},{"type":"Feature","geometry":{"type":"Point","coordinates":[131.65464,32.4770138056]},"properties":{"_markerType":"Icon","_iconUrl":"https://service.gsi.go.jp/kijunten/contents/screen/point/images/Public/TR2.png","_iconSize":[20,20],"name":"262K260","成果ID":"2001603","種別":"基準点","作業内容":"新設","等級":"2級","水準点兼用コード":"兼用なし","点名":"262K260","成果区分":"世界測地系（測地成果2011）","閲覧・謄本交付の可否":"閲覧・謄本交付可","成果状態":"正常（新設）","ワンストップ可否":"○","助言番号":"H21I0296","計画機関名":"九州地方整備局延岡河川国道事務所","_sourceFile":"20260505_202321_Public.geojson","_sourceKind":"Public"}},{"type":"Feature","geometry":{"type":"Point","coordinates":[131.6513399444,32.4723886389]},"properties":{"_markerType":"Icon","_iconUrl":"https://service.gsi.go.jp/kijunten/contents/screen/point/images/Public/TR2.png","_iconSize":[20,20],"name":"262K860","成果ID":"2001604","種別":"基準点","作業内容":"新設","等級":"2級","水準点兼用コード":"兼用なし","点名":"262K860","成果区分":"世界測地系（測地成果2011）","閲覧・謄本交付の可否":"閲覧・謄本交付可","成果状態":"正常（新設）","ワンストップ可否":"○","助言番号":"H21I0296","計画機関名":"九州地方整備局延岡河川国道事務所","_sourceFile":"20260505_202321_Public.geojson","_sourceKind":"Public"}},{"type":"Feature","geometry":{"type":"Point","coordinates":[131.64850825,32.46813125]},"properties":{"_markerType":"Icon","_iconUrl":"https://service.gsi.go.jp/kijunten/contents/screen/point/images/Public/TR2.png","_iconSize":[20,20],"name":"263K400","成果ID":"2001605","種別":"基準点","作業内容":"新設","等級":"2級","水準点兼用コード":"兼用なし","点名":"263K400","成果区分":"世界測地系（測地成果2011）","閲覧・謄本交付の可否":"閲覧・謄本交付可","成果状態":"正常（新設）","ワンストップ可否":"○","助言番号":"H21I0296","計画機関名":"九州地方整備局延岡河川国道事務所","_sourceFile":"20260505_202321_Public.geojson","_sourceKind":"Public"}},{"type":"Feature","geometry":{"type":"Point","coordinates":[131.6487946944,32.4639379167]},"properties":{"_markerType":"Icon","_iconUrl":"https://service.gsi.go.jp/kijunten/contents/screen/point/images/Public/TR2.png","_iconSize":[20,20],"name":"263K880","成果ID":"2001606","種別":"基準点","作業内容":"新設","等級":"2級","水準点兼用コード":"兼用なし","点名":"263K880","成果区分":"世界測地系（測地成果2011）","閲覧・謄本交付の可否":"閲覧・謄本交付可","成果状態":"正常（新設）","ワンストップ可否":"○","助言番号":"H21I0296","計画機関名":"九州地方整備局延岡河川国道事務所","_sourceFile":"20260505_202321_Public.geojson","_sourceKind":"Public"}},{"type":"Feature","geometry":{"type":"Point","coordinates":[131.6457224444,32.4583556389]},"properties":{"_markerType":"Icon","_iconUrl":"https://service.gsi.go.jp/kijunten/contents/screen/point/images/Public/TR2.png","_iconSize":[20,20],"name":"264K590","成果ID":"2001607","種別":"基準点","作業内容":"新設","等級":"2級","水準点兼用コード":"兼用なし","点名":"264K590","成果区分":"世界測地系（測地成果2011）","閲覧・謄本交付の可否":"閲覧・謄本交付可","成果状態":"正常（新設）","ワンストップ可否":"○","助言番号":"H21I0296","計画機関名":"九州地方整備局延岡河川国道事務所","_sourceFile":"20260505_202321_Public.geojson","_sourceKind":"Public"}},{"type":"Feature","geometry":{"type":"Point","coordinates":[131.6628458056,32.4939088611]},"properties":{"_markerType":"Icon","_iconUrl":"https://service.gsi.go.jp/kijunten/contents/screen/point/images/Public/TR3.png","_iconSize":[20,20],"name":"260K050","成果ID":"2001608","種別":"基準点","作業内容":"新設","等級":"3級","水準点兼用コード":"兼用なし","点名":"260K050","成果区分":"世界測地系（測地成果2011）","閲覧・謄本交付の可否":"閲覧・謄本交付可","成果状態":"正常（新設）","ワンストップ可否":"○","助言番号":"H21I0296","計画機関名":"九州地方整備局延岡河川国道事務所","_sourceFile":"20260505_202321_Public.geojson","_sourceKind":"Public"}},{"type":"Feature","geometry":{"type":"Point","coordinates":[131.6640065278,32.4906885833]},"properties":{"_markerType":"Icon","_iconUrl":"https://service.gsi.go.jp/kijunten/contents/screen/point/images/Public/TR3.png","_iconSize":[20,20],"name":"260K420","成果ID":"2001609","種別":"基準点","作業内容":"新設","等級":"3級","水準点兼用コード":"兼用なし","点名":"260K420","成果区分":"世界測地系（測地成果2011）","閲覧・謄本交付の可否":"閲覧・謄本交付可","成果状態":"正常（新設）","ワンストップ可否":"○","助言番号":"H21I0296","計画機関名":"九州地方整備局延岡河川国道事務所","_sourceFile":"20260505_202321_Public.geojson","_sourceKind":"Public"}},{"type":"Feature","geometry":{"type":"Point","coordinates":[131.6644317222,32.4888145278]},"properties":{"_markerType":"Icon","_iconUrl":"https://service.gsi.go.jp/kijunten/contents/screen/point/images/Public/TR3.png","_iconSize":[20,20],"name":"260K620","成果ID":"2001610","種別":"基準点","作業内容":"新設","等級":"3級","水準点兼用コード":"兼用なし","点名":"260K620","成果区分":"世界測地系（測地成果2011）","閲覧・謄本交付の可否":"閲覧・謄本交付可","成果状態":"正常（新設）","ワンストップ可否":"○","助言番号":"H21I0296","計画機関名":"九州地方整備局延岡河川国道事務所","_sourceFile":"20260505_202321_Public.geojson","_sourceKind":"Public"}},{"type":"Feature","geometry":{"type":"Point","coordinates":[131.6624079722,32.4855769167]},"properties":{"_markerType":"Icon","_iconUrl":"https://service.gsi.go.jp/kijunten/contents/screen/point/images/Public/TR3.png","_iconSize":[20,20],"name":"261K040","成果ID":"2001611","種別":"基準点","作業内容":"新設","等級":"3級","水準点兼用コード":"兼用なし","点名":"261K040","成果区分":"世界測地系（測地成果2011）","閲覧・謄本交付の可否":"閲覧・謄本交付可","成果状態":"正常（新設）","ワンストップ可否":"○","助言番号":"H21I0296","計画機関名":"九州地方整備局延岡河川国道事務所","_sourceFile":"20260505_202321_Public.geojson","_sourceKind":"Public"}},{"type":"Feature","geometry":{"type":"Point","coordinates":[131.6611391111,32.4847081389]},"properties":{"_markerType":"Icon","_iconUrl":"https://service.gsi.go.jp/kijunten/contents/screen/point/images/Public/TR3.png","_iconSize":[20,20],"name":"261K200","成果ID":"2001612","種別":"基準点","作業内容":"新設","等級":"3級","水準点兼用コード":"兼用なし","点名":"261K200","成果区分":"世界測地系（測地成果2011）","閲覧・謄本交付の可否":"閲覧・謄本交付可","成果状態":"正常（新設）","ワンストップ可否":"○","助言番号":"H21I0296","計画機関名":"九州地方整備局延岡河川国道事務所","_sourceFile":"20260505_202321_Public.geojson","_sourceKind":"Public"}},{"type":"Feature","geometry":{"type":"Point","coordinates":[131.6583145,32.4822583056]},"properties":{"_markerType":"Icon","_iconUrl":"https://service.gsi.go.jp/kijunten/contents/screen/point/images/Public/TR3.png","_iconSize":[20,20],"name":"261K580","成果ID":"2001613","種別":"基準点","作業内容":"新設","等級":"3級","水準点兼用コード":"兼用なし","点名":"261K580","成果区分":"世界測地系（測地成果2011）","閲覧・謄本交付の可否":"閲覧・謄本交付可","成果状態":"正常（新設）","ワンストップ可否":"○","助言番号":"H21I0296","計画機関名":"九州地方整備局延岡河川国道事務所","_sourceFile":"20260505_202321_Public.geojson","_sourceKind":"Public"}},{"type":"Feature","geometry":{"type":"Point","coordinates":[131.6556068333,32.4788313889]},"properties":{"_markerType":"Icon","_iconUrl":"https://service.gsi.go.jp/kijunten/contents/screen/point/images/Public/TR3.png","_iconSize":[20,20],"name":"262K030","成果ID":"2001614","種別":"基準点","作業内容":"新設","等級":"3級","水準点兼用コード":"兼用なし","点名":"262K030","成果区分":"世界測地系（測地成果2011）","閲覧・謄本交付の可否":"閲覧・謄本交付可","成果状態":"正常（新設）","ワンストップ可否":"○","助言番号":"H21I0296","計画機関名":"九州地方整備局延岡河川国道事務所","_sourceFile":"20260505_202321_Public.geojson","_sourceKind":"Public"}},{"type":"Feature","geometry":{"type":"Point","coordinates":[131.6535760556,32.4753641667]},"properties":{"_markerType":"Icon","_iconUrl":"https://service.gsi.go.jp/kijunten/contents/screen/point/images/Public/TR3.png","_iconSize":[20,20],"name":"262K460","成果ID":"2001615","種別":"基準点","作業内容":"新設","等級":"3級","水準点兼用コード":"兼用なし","点名":"262K460","成果区分":"世界測地系（測地成果2011）","閲覧・謄本交付の可否":"閲覧・謄本交付可","成果状態":"正常（新設）","ワンストップ可否":"○","助言番号":"H21I0296","計画機関名":"九州地方整備局延岡河川国道事務所","_sourceFile":"20260505_202321_Public.geojson","_sourceKind":"Public"}},{"type":"Feature","geometry":{"type":"Point","coordinates":[131.6521327778,32.4735901389]},"properties":{"_markerType":"Icon","_iconUrl":"https://service.gsi.go.jp/kijunten/contents/screen/point/images/Public/TR3.png","_iconSize":[20,20],"name":"262K710","成果ID":"2001616","種別":"基準点","作業内容":"新設","等級":"3級","水準点兼用コード":"兼用なし","点名":"262K710","成果区分":"世界測地系（測地成果2011）","閲覧・謄本交付の可否":"閲覧・謄本交付可","成果状態":"正常（新設）","ワンストップ可否":"○","助言番号":"H21I0296","計画機関名":"九州地方整備局延岡河川国道事務所","_sourceFile":"20260505_202321_Public.geojson","_sourceKind":"Public"}},{"type":"Feature","geometry":{"type":"Point","coordinates":[131.6506476389,32.4709619167]},"properties":{"_markerType":"Icon","_iconUrl":"https://service.gsi.go.jp/kijunten/contents/screen/point/images/Public/TR3.png","_iconSize":[20,20],"name":"263K040","成果ID":"2001617","種別":"基準点","作業内容":"新設","等級":"3級","水準点兼用コード":"兼用なし","点名":"263K040","成果区分":"世界測地系（測地成果2011）","閲覧・謄本交付の可否":"閲覧・謄本交付可","成果状態":"正常（新設）","ワンストップ可否":"○","助言番号":"H21I0296","計画機関名":"九州地方整備局延岡河川国道事務所","_sourceFile":"20260505_202321_Public.geojson","_sourceKind":"Public"}},{"type":"Feature","geometry":{"type":"Point","coordinates":[131.6495198889,32.4695916389]},"properties":{"_markerType":"Icon","_iconUrl":"https://service.gsi.go.jp/kijunten/contents/screen/point/images/Public/TR3.png","_iconSize":[20,20],"name":"263K210","成果ID":"2001618","種別":"基準点","作業内容":"新設","等級":"3級","水準点兼用コード":"兼用なし","点名":"263K210","成果区分":"世界測地系（測地成果2011）","閲覧・謄本交付の可否":"閲覧・謄本交付可","成果状態":"正常（新設）","ワンストップ可否":"○","助言番号":"H21I0296","計画機関名":"九州地方整備局延岡河川国道事務所","_sourceFile":"20260505_202321_Public.geojson","_sourceKind":"Public"}},{"type":"Feature","geometry":{"type":"Point","coordinates":[131.6479888333,32.4662785278]},"properties":{"_markerType":"Icon","_iconUrl":"https://service.gsi.go.jp/kijunten/contents/screen/point/images/Public/TR3.png","_iconSize":[20,20],"name":"263K620","成果ID":"2001619","種別":"基準点","作業内容":"新設","等級":"3級","水準点兼用コード":"兼用なし","点名":"263K620","成果区分":"世界測地系（測地成果2011）","閲覧・謄本交付の可否":"閲覧・謄本交付可","成果状態":"正常（新設）","ワンストップ可否":"○","助言番号":"H21I0296","計画機関名":"九州地方整備局延岡河川国道事務所","_sourceFile":"20260505_202321_Public.geojson","_sourceKind":"Public"}},{"type":"Feature","geometry":{"type":"Point","coordinates":[131.6486224444,32.46173425]},"properties":{"_markerType":"Icon","_iconUrl":"https://service.gsi.go.jp/kijunten/contents/screen/point/images/Public/TR3.png","_iconSize":[20,20],"name":"264K130","成果ID":"2001620","種別":"基準点","作業内容":"新設","等級":"3級","水準点兼用コード":"兼用なし","点名":"264K130","成果区分":"世界測地系（測地成果2011）","閲覧・謄本交付の可否":"閲覧・謄本交付可","成果状態":"正常（新設）","ワンストップ可否":"○","助言番号":"H21I0296","計画機関名":"九州地方整備局延岡河川国道事務所","_sourceFile":"20260505_202321_Public.geojson","_sourceKind":"Public"}},{"type":"Feature","geometry":{"type":"Point","coordinates":[131.6468030278,32.4597327778]},"properties":{"_markerType":"Icon","_iconUrl":"https://service.gsi.go.jp/kijunten/contents/screen/point/images/Public/TR3.png","_iconSize":[20,20],"name":"264K410","成果ID":"2001621","種別":"基準点","作業内容":"新設","等級":"3級","水準点兼用コード":"兼用なし","点名":"264K410","成果区分":"世界測地系（測地成果2011）","閲覧・謄本交付の可否":"閲覧・謄本交付可","成果状態":"正常（新設）","ワンストップ可否":"○","助言番号":"H21I0296","計画機関名":"九州地方整備局延岡河川国道事務所","_sourceFile":"20260505_202321_Public.geojson","_sourceKind":"Public"}},{"type":"Feature","geometry":{"type":"Point","coordinates":[131.66394255555556,32.42010175]},"properties":{"_markerType":"Icon","_iconUrl":"https://service.gsi.go.jp/kijunten/contents/screen/point/images/Base/TR1.png","_iconSize":[20,20],"name":"米山","基準点コード":"TR14831550301","等級種別":"TR1","基準点名":"米山","ワンストップ可否":"○","成果状態":"正常","北緯":"32°25′12″.3663","東経":"131°39′50″.1932","標高":"191.49","現況状態":"正常","年月日":"20091102","_sourceFile":"20260505_202401_Base.geojson","_sourceKind":"Base"}},{"type":"Feature","geometry":{"type":"Point","coordinates":[131.6225051388889,32.324603833333335]},"properties":{"_markerType":"Icon","_iconUrl":"https://service.gsi.go.jp/kijunten/contents/screen/point/images/Base/TR2.png","_iconSize":[20,20],"name":"美々津村","基準点コード":"TR24831348901","等級種別":"TR2","基準点名":"美々津村","ワンストップ可否":"○","成果状態":"正常","北緯":"32°19′28″.5738","東経":"131°37′21″.0185","標高":"9.37","現況状態":"正常","年月日":"20030328","_sourceFile":"20260505_202401_Base.geojson","_sourceKind":"Base"}},{"type":"Feature","geometry":{"type":"Point","coordinates":[131.3715793888889,32.35574513888889]},"properties":{"_markerType":"Icon","_iconUrl":"https://service.gsi.go.jp/kijunten/contents/screen/point/images/Base/TR2.png","_iconSize":[20,20],"name":"渡川山","基準点コード":"TR24831422901","等級種別":"TR2","基準点名":"渡川山","ワンストップ可否":"○","成果状態":"正常","北緯":"32°21′20″.6825","東経":"131°22′17″.6858","標高":"757.95","現況状態":"正常","年月日":"20091113","_sourceFile":"20260505_202401_Base.geojson","_sourceKind":"Base"}},{"type":"Feature","geometry":{"type":"Point","coordinates":[131.45256947222222,32.39949086111111]},"properties":{"_markerType":"Icon","_iconUrl":"https://service.gsi.go.jp/kijunten/contents/screen/point/images/Base/TR2.png","_iconSize":[20,20],"name":"珍神山","基準点コード":"TR24831437601","等級種別":"TR2","基準点名":"珍神山","ワンストップ可否":"○","成果状態":"正常","北緯":"32°23′58″.1671","東経":"131°27′09″.2501","標高":"822.88","現況状態":"報告なし","年月日":"19901020","_sourceFile":"20260505_202401_Base.geojson","_sourceKind":"Base"}},{"type":"Feature","geometry":{"type":"Point","coordinates":[131.56945383333334,32.377850083333335]},"properties":{"_markerType":"Icon","_iconUrl":"https://service.gsi.go.jp/kijunten/contents/screen/point/images/Base/TR2.png","_iconSize":[20,20],"name":"日ノ平","基準点コード":"TR24831445501","等級種別":"TR2","基準点名":"日ノ平","ワンストップ可否":"○","成果状態":"正常","北緯":"32°22′40″.2603","東経":"131°34′10″.0338","標高":"426.88","現況状態":"正常","年月日":"20030328","_sourceFile":"20260505_202401_Base.geojson","_sourceKind":"Base"}},{"type":"Feature","geometry":{"type":"Point","coordinates":[131.3961555,32.313582777777775]},"properties":{"_markerType":"Icon","_iconUrl":"https://service.gsi.go.jp/kijunten/contents/screen/point/images/Base/TR3.png","_iconSize":[20,20],"name":"矢櫃","基準点コード":"TR34831337101","等級種別":"TR3","基準点名":"矢櫃","ワンストップ可否":"○","成果状態":"正常","北緯":"32°18′48″.8980","東経":"131°23′46″.1598","標高":"964.60","現況状態":"正常","年月日":"20040816","_sourceFile":"20260505_202401_Base.geojson","_sourceKind":"Base"}},{"type":"Feature","geometry":{"type":"Point","coordinates":[131.4467282777778,32.31342847222222]},"properties":{"_markerType":"Icon","_iconUrl":"https://service.gsi.go.jp/kijunten/contents/screen/point/images/Base/TR3.png","_iconSize":[20,20],"name":"神蔭","基準点コード":"TR34831337501","等級種別":"TR3","基準点名":"神蔭","ワンストップ可否":"○","成果状態":"正常","北緯":"32°18′48″.3425","東経":"131°26′48″.2218","標高":"1271.85","現況状態":"報告なし","年月日":"19950823","_sourceFile":"20260505_202401_Base.geojson","_sourceKind":"Base"}},{"type":"Feature","geometry":{"type":"Point","coordinates":[131.57118275,32.31150119444444]},"properties":{"_markerType":"Icon","_iconUrl":"https://service.gsi.go.jp/kijunten/contents/screen/point/images/Base/TR3.png","_iconSize":[20,20],"name":"寺迫","基準点コード":"TR34831347501","等級種別":"TR3","基準点名":"寺迫","ワンストップ可否":"○","成果状態":"正常","北緯":"32°18′41″.4043","東経":"131°34′16″.2579","標高":"172.15","現況状態":"正常","年月日":"20041016","_sourceFile":"20260505_202401_Base.geojson","_sourceKind":"Base"}},{"type":"Feature","geometry":{"type":"Point","coordinates":[131.5719804722222,32.332976333333335]},"properties":{"_markerType":"Icon","_iconUrl":"https://service.gsi.go.jp/kijunten/contents/screen/point/images/Base/TR3.png","_iconSize":[20,20],"name":"野山","基準点コード":"TR34831349501","等級種別":"TR3","基準点名":"野山","ワンストップ可否":"○","成果状態":"正常","北緯":"32°19′58″.7148","東経":"131°34′19″.1297","標高":"281.57","現況状態":"報告なし","年月日":"19760705","_sourceFile":"20260505_202401_Base.geojson","_sourceKind":"Base"}},{"type":"Feature","geometry":{"type":"Point","coordinates":[131.37779522222223,32.334907722222226]},"properties":{"_markerType":"Icon","_iconUrl":"https://service.gsi.go.jp/kijunten/contents/screen/point/images/Base/TR3.png","_iconSize":[20,20],"name":"雪車塚","基準点コード":"TR34831430001","等級種別":"TR3","基準点名":"雪車塚","ワンストップ可否":"○","成果状態":"正常","北緯":"32°20′05″.6678","東経":"131°22′40″.0628","標高":"758.46","現況状態":"正常","年月日":"20040816","_sourceFile":"20260505_202401_Base.geojson","_sourceKind":"Base"}},{"type":"Feature","geometry":{"type":"Point","coordinates":[131.40942925000002,32.34920977777778]},"properties":{"_markerType":"Icon","_iconUrl":"https://service.gsi.go.jp/kijunten/contents/screen/point/images/Base/TR3.png","_iconSize":[20,20],"name":"荒平","基準点コード":"TR34831431201","等級種別":"TR3","基準点名":"荒平","ワンストップ可否":"○","成果状態":"正常","北緯":"32°20′57″.1552","東経":"131°24′33″.9453","標高":"548.42","現況状態":"正常","年月日":"20040816","_sourceFile":"20260505_202401_Base.geojson","_sourceKind":"Base"}},{"type":"Feature","geometry":{"type":"Point","coordinates":[131.4469286388889,32.34935455555556]},"properties":{"_markerType":"Icon","_iconUrl":"https://service.gsi.go.jp/kijunten/contents/screen/point/images/Base/TR3.png","_iconSize":[20,20],"name":"岩下","基準点コード":"TR34831431501","等級種別":"TR3","基準点名":"岩下","ワンストップ可否":"○","成果状態":"正常","北緯":"32°20′57″.6764","東経":"131°26′48″.9431","標高":"352.25","現況状態":"報告なし","年月日":"19900910","_sourceFile":"20260505_202401_Base.geojson","_sourceKind":"Base"}},{"type":"Feature","geometry":{"type":"Point","coordinates":[131.48015230555555,32.34500913888889]},"properties":{"_markerType":"Icon","_iconUrl":"https://service.gsi.go.jp/kijunten/contents/screen/point/images/Base/TR3.png","_iconSize":[20,20],"name":"西林","基準点コード":"TR34831431801","等級種別":"TR3","基準点名":"西林","ワンストップ可否":"○","成果状態":"正常","北緯":"32°20′42″.0329","東経":"131°28′48″.5483","標高":"785.83","現況状態":"報告なし","年月日":"19950823","_sourceFile":"20260505_202401_Base.geojson","_sourceKind":"Base"}},{"type":"Feature","geometry":{"type":"Point","coordinates":[131.44101119444446,32.36888419444445]},"properties":{"_markerType":"Icon","_iconUrl":"https://service.gsi.go.jp/kijunten/contents/screen/point/images/Base/TR3.png","_iconSize":[20,20],"name":"一谷原","基準点コード":"TR34831434501","等級種別":"TR3","基準点名":"一谷原","ワンストップ可否":"○","成果状態":"正常","北緯":"32°22′07″.9831","東経":"131°26′27″.6403","標高":"232.53","現況状態":"報告なし","年月日":"00000000","_sourceFile":"20260505_202401_Base.geojson","_sourceKind":"Base"}},{"type":"Feature","geometry":{"type":"Point","coordinates":[131.47584088888888,32.37252427777778]},"properties":{"_markerType":"Icon","_iconUrl":"https://service.gsi.go.jp/kijunten/contents/screen/point/images/Base/TR3.png","_iconSize":[20,20],"name":"楠森塚","基準点コード":"TR34831434801","等級種別":"TR3","基準点名":"楠森塚","ワンストップ可否":"○","成果状態":"正常","北緯":"32°22′21″.0874","東経":"131°28′33″.0272","標高":"416.85","現況状態":"正常","年月日":"20040816","_sourceFile":"20260505_202401_Base.geojson","_sourceKind":"Base"}},{"type":"Feature","geometry":{"type":"Point","coordinates":[131.4799555,32.41372275]},"properties":{"_markerType":"Icon","_iconUrl":"https://service.gsi.go.jp/kijunten/contents/screen/point/images/Base/TR3.png","_iconSize":[20,20],"name":"荒内","基準点コード":"TR34831439801","等級種別":"TR3","基準点名":"荒内","ワンストップ可否":"○","成果状態":"正常","北緯":"32°24′49″.4019","東経":"131°28′47″.8398","標高":"568.08","現況状態":"正常","年月日":"20221025","_sourceFile":"20260505_202401_Base.geojson","_sourceKind":"Base"}},{"type":"Feature","geometry":{"type":"Point","coordinates":[131.53265272222222,32.33890577777778]},"properties":{"_markerType":"Icon","_iconUrl":"https://service.gsi.go.jp/kijunten/contents/screen/point/images/Base/TR3.png","_iconSize":[20,20],"name":"長崎","基準点コード":"TR34831440201","等級種別":"TR3","基準点名":"長崎","ワンストップ可否":"○","成果状態":"正常","北緯":"32°20′20″.0608","東経":"131°31′57″.5498","標高":"367.02","現況状態":"報告なし","年月日":"19760706","_sourceFile":"20260505_202401_Base.geojson","_sourceKind":"Base"}},{"type":"Feature","geometry":{"type":"Point","coordinates":[131.6176022777778,32.345511944444446]},"properties":{"_markerType":"Icon","_iconUrl":"https://service.gsi.go.jp/kijunten/contents/screen/point/images/Base/TR3.png","_iconSize":[20,20],"name":"西越","基準点コード":"TR34831441901","等級種別":"TR3","基準点名":"西越","ワンストップ可否":"○","成果状態":"正常","北緯":"32°20′43″.8430","東経":"131°37′03″.3682","標高":"115.38","現況状態":"報告なし","年月日":"19760706","_sourceFile":"20260505_202401_Base.geojson","_sourceKind":"Base"}},{"type":"Feature","geometry":{"type":"Point","coordinates":[131.5033241388889,32.35420138888889]},"properties":{"_markerType":"Icon","_iconUrl":"https://service.gsi.go.jp/kijunten/contents/screen/point/images/Base/TR3.png","_iconSize":[20,20],"name":"熊山峠","基準点コード":"TR34831442001","等級種別":"TR3","基準点名":"熊山峠","ワンストップ可否":"○","成果状態":"正常","北緯":"32°21′15″.1250","東経":"131°30′11″.9669","標高":"621.57","現況状態":"報告なし","年月日":"19900910","_sourceFile":"20260505_202401_Base.geojson","_sourceKind":"Base"}},{"type":"Feature","geometry":{"type":"Point","coordinates":[131.57642230555555,32.35916097222222]},"properties":{"_markerType":"Icon","_iconUrl":"https://service.gsi.go.jp/kijunten/contents/screen/point/images/Base/TR3.png","_iconSize":[20,20],"name":"小原","基準点コード":"TR34831443601","等級種別":"TR3","基準点名":"小原","ワンストップ可否":"○","成果状態":"正常","北緯":"32°21′32″.9795","東経":"131°34′35″.1203","標高":"282.13","現況状態":"報告なし","年月日":"20001212","_sourceFile":"20260505_202401_Base.geojson","_sourceKind":"Base"}},{"type":"Feature","geometry":{"type":"Point","coordinates":[131.5349327222222,32.37878502777778]},"properties":{"_markerType":"Icon","_iconUrl":"https://service.gsi.go.jp/kijunten/contents/screen/point/images/Base/TR3.png","_iconSize":[20,20],"name":"宮ヶ原","基準点コード":"TR34831445201","等級種別":"TR3","基準点名":"宮ヶ原","ワンストップ可否":"○","成果状態":"正常","北緯":"32°22′43″.6261","東経":"131°32′05″.7578","標高":"456.55","現況状態":"報告なし","年月日":"19990729","_sourceFile":"20260505_202401_Base.geojson","_sourceKind":"Base"}},{"type":"Feature","geometry":{"type":"Point","coordinates":[131.6046643888889,32.37676097222222]},"properties":{"_markerType":"Icon","_iconUrl":"https://service.gsi.go.jp/kijunten/contents/screen/point/images/Base/TR3.png","_iconSize":[20,20],"name":"高森","基準点コード":"TR34831445801","等級種別":"TR3","基準点名":"高森","ワンストップ可否":"○","成果状態":"正常","北緯":"32°22′36″.3395","東経":"131°36′16″.7918","標高":"341.49","現況状態":"報告なし","年月日":"00000000","_sourceFile":"20260505_202401_Base.geojson","_sourceKind":"Base"}},{"type":"Feature","geometry":{"type":"Point","coordinates":[131.50431275,32.38733286111111]},"properties":{"_markerType":"Icon","_iconUrl":"https://service.gsi.go.jp/kijunten/contents/screen/point/images/Base/TR3.png","_iconSize":[20,20],"name":"長堀","基準点コード":"TR34831446001","等級種別":"TR3","基準点名":"長堀","ワンストップ可否":"○","成果状態":"正常","北緯":"32°23′14″.3983","東経":"131°30′15″.5259","標高":"98.40","現況状態":"報告なし","年月日":"00000000","_sourceFile":"20260505_202401_Base.geojson","_sourceKind":"Base"}},{"type":"Feature","geometry":{"type":"Point","coordinates":[131.51161894444445,32.40498641666667]},"properties":{"_markerType":"Icon","_iconUrl":"https://service.gsi.go.jp/kijunten/contents/screen/point/images/Base/TR3.png","_iconSize":[20,20],"name":"立山","基準点コード":"TR34831448001","等級種別":"TR3","基準点名":"立山","ワンストップ可否":"○","成果状態":"正常","北緯":"32°24′17″.9511","東経":"131°30′41″.8282","標高":"226.92","現況状態":"報告なし","年月日":"19990729","_sourceFile":"20260505_202401_Base.geojson","_sourceKind":"Base"}},{"type":"Feature","geometry":{"type":"Point","coordinates":[131.58833625,32.400553027777775]},"properties":{"_markerType":"Icon","_iconUrl":"https://service.gsi.go.jp/kijunten/contents/screen/point/images/Base/TR3.png","_iconSize":[20,20],"name":"長田","基準点コード":"TR34831448701","等級種別":"TR3","基準点名":"長田","ワンストップ可否":"○","成果状態":"正常","北緯":"32°24′01″.9909","東経":"131°35′18″.0105","標高":"256.72","現況状態":"報告なし","年月日":"00000000","_sourceFile":"20260505_202401_Base.geojson","_sourceKind":"Base"}},{"type":"Feature","geometry":{"type":"Point","coordinates":[131.54315133333333,32.40906497222222]},"properties":{"_markerType":"Icon","_iconUrl":"https://service.gsi.go.jp/kijunten/contents/screen/point/images/Base/TR3.png","_iconSize":[20,20],"name":"下大谷","基準点コード":"TR34831449301","等級種別":"TR3","基準点名":"下大谷","ワンストップ可否":"○","成果状態":"正常","北緯":"32°24′32″.6339","東経":"131°32′35″.3448","標高":"296.03","現況状態":"報告なし","年月日":"19990729","_sourceFile":"20260505_202401_Base.geojson","_sourceKind":"Base"}},{"type":"Feature","geometry":{"type":"Point","coordinates":[131.5630486388889,32.41202991666667]},"properties":{"_markerType":"Icon","_iconUrl":"https://service.gsi.go.jp/kijunten/contents/screen/point/images/Base/TR3.png","_iconSize":[20,20],"name":"戸ノ平","基準点コード":"TR34831449501","等級種別":"TR3","基準点名":"戸ノ平","ワンストップ可否":"○","成果状態":"正常","北緯":"32°24′43″.3077","東経":"131°33′46″.9751","標高":"234.67","現況状態":"報告なし","年月日":"00000000","_sourceFile":"20260505_202401_Base.geojson","_sourceKind":"Base"}},{"type":"Feature","geometry":{"type":"Point","coordinates":[131.633436,32.37380955555555]},"properties":{"_markerType":"Icon","_iconUrl":"https://service.gsi.go.jp/kijunten/contents/screen/point/images/Base/TR3.png","_iconSize":[20,20],"name":"鬼塚","基準点コード":"TR34831454001","等級種別":"TR3","基準点名":"鬼塚","ワンストップ可否":"○","成果状態":"正常","北緯":"32°22′25″.7144","東経":"131°38′00″.3696","標高":"22.70","現況状態":"正常","年月日":"20130311","_sourceFile":"20260505_202401_Base.geojson","_sourceKind":"Base"}},{"type":"Feature","geometry":{"type":"Point","coordinates":[131.64404888888888,32.41428827777778]},"properties":{"_markerType":"Icon","_iconUrl":"https://service.gsi.go.jp/kijunten/contents/screen/point/images/Base/TR3.png","_iconSize":[20,20],"name":"櫛ノ山","基準点コード":"TR34831459101","等級種別":"TR3","基準点名":"櫛ノ山","ワンストップ可否":"○","成果状態":"正常","北緯":"32°24′51″.4378","東経":"131°38′38″.5760","標高":"95.76","現況状態":"正常","年月日":"20050914","_sourceFile":"20260505_202401_Base.geojson","_sourceKind":"Base"}},{"type":"Feature","geometry":{"type":"Point","coordinates":[131.6108438888889,32.423912666666666]},"properties":{"_markerType":"Icon","_iconUrl":"https://service.gsi.go.jp/kijunten/contents/screen/point/images/Base/TR3.png","_iconSize":[20,20],"name":"鳥ノ巣","基準点コード":"TR34831540801","等級種別":"TR3","基準点名":"鳥ノ巣","ワンストップ可否":"○","成果状態":"正常","北緯":"32°25′26″.0856","東経":"131°36′39″.0380","標高":"111.39","現況状態":"正常","年月日":"20050915","_sourceFile":"20260505_202401_Base.geojson","_sourceKind":"Base"}},{"type":"Feature","geometry":{"type":"Point","coordinates":[131.5037421388889,32.42890336111111]},"properties":{"_markerType":"Icon","_iconUrl":"https://service.gsi.go.jp/kijunten/contents/screen/point/images/Base/TR3.png","_iconSize":[20,20],"name":"上鹿瀬","基準点コード":"TR34831541001","等級種別":"TR3","基準点名":"上鹿瀬","ワンストップ可否":"○","成果状態":"正常","北緯":"32°25′44″.0521","東経":"131°30′13″.4717","標高":"335.07","現況状態":"報告なし","年月日":"19770919","_sourceFile":"20260505_202401_Base.geojson","_sourceKind":"Base"}},{"type":"Feature","geometry":{"type":"Point","coordinates":[131.54151488888888,32.43637694444444]},"properties":{"_markerType":"Icon","_iconUrl":"https://service.gsi.go.jp/kijunten/contents/screen/point/images/Base/TR3.png","_iconSize":[20,20],"name":"荒平","基準点コード":"TR34831542301","等級種別":"TR3","基準点名":"荒平","ワンストップ可否":"○","成果状態":"正常","北緯":"32°26′10″.9570","東経":"131°32′29″.4536","標高":"481.08","現況状態":"正常","年月日":"20030328","_sourceFile":"20260505_202401_Base.geojson","_sourceKind":"Base"}},{"type":"Feature","geometry":{"type":"Point","coordinates":[131.57955766666666,32.43962144444444]},"properties":{"_markerType":"Icon","_iconUrl":"https://service.gsi.go.jp/kijunten/contents/screen/point/images/Base/TR3.png","_iconSize":[20,20],"name":"仏川内","基準点コード":"TR34831542601","等級種別":"TR3","基準点名":"仏川内","ワンストップ可否":"○","成果状態":"正常","北緯":"32°26′22″.6372","東経":"131°34′46″.4076","標高":"327.21","現況状態":"正常","年月日":"20030328","_sourceFile":"20260505_202401_Base.geojson","_sourceKind":"Base"}},{"type":"Feature","geometry":{"type":"Point","coordinates":[131.61577025,32.446571]},"properties":{"_markerType":"Icon","_iconUrl":"https://service.gsi.go.jp/kijunten/contents/screen/point/images/Base/TR3.png","_iconSize":[20,20],"name":"鶴ノ奥","基準点コード":"TR34831543901","等級種別":"TR3","基準点名":"鶴ノ奥","ワンストップ可否":"○","成果状態":"正常","北緯":"32°26′47″.6556","東経":"131°36′56″.7729","標高":"121.73","現況状態":"正常","年月日":"20091102","_sourceFile":"20260505_202401_Base.geojson","_sourceKind":"Base"}},{"type":"Feature","geometry":{"type":"Point","coordinates":[131.57923416666665,32.465566]},"properties":{"_markerType":"Icon","_iconUrl":"https://service.gsi.go.jp/kijunten/contents/screen/point/images/Base/TR3.png","_iconSize":[20,20],"name":"山口","基準点コード":"TR34831545601","等級種別":"TR3","基準点名":"山口","ワンストップ可否":"○","成果状態":"正常","北緯":"32°27′56″.0376","東経":"131°34′45″.2430","標高":"381.08","現況状態":"報告なし","年月日":"00000000","_sourceFile":"20260505_202401_Base.geojson","_sourceKind":"Base"}},{"type":"Feature","geometry":{"type":"Point","coordinates":[131.60323866666667,32.46956402777778]},"properties":{"_markerType":"Icon","_iconUrl":"https://service.gsi.go.jp/kijunten/contents/screen/point/images/Base/TR3.png","_iconSize":[20,20],"name":"水無","基準点コード":"TR34831546801","等級種別":"TR3","基準点名":"水無","ワンストップ可否":"○","成果状態":"正常","北緯":"32°28′10″.4305","東経":"131°36′11″.6592","標高":"346.69","現況状態":"報告なし","年月日":"00000000","_sourceFile":"20260505_202401_Base.geojson","_sourceKind":"Base"}},{"type":"Feature","geometry":{"type":"Point","coordinates":[131.67741755555554,32.43917508333333]},"properties":{"_markerType":"Icon","_iconUrl":"https://service.gsi.go.jp/kijunten/contents/screen/point/images/Base/TR3.png","_iconSize":[20,20],"name":"畑浦山","基準点コード":"TR34831552401","等級種別":"TR3","基準点名":"畑浦山","ワンストップ可否":"○","成果状態":"正常","北緯":"32°26′21″.0303","東経":"131°40′38″.7032","標高":"97.33","現況状態":"正常","年月日":"20050228","_sourceFile":"20260505_202401_Base.geojson","_sourceKind":"Base"}},{"type":"Feature","geometry":{"type":"Point","coordinates":[131.64905833333333,32.45198277777778]},"properties":{"_markerType":"Icon","_iconUrl":"https://service.gsi.go.jp/kijunten/contents/screen/point/images/Base/TR3.png","_iconSize":[20,20],"name":"源氏山","基準点コード":"TR34831554101","等級種別":"TR3","基準点名":"源氏山","ワンストップ可否":"○","成果状態":"正常","北緯":"32°27′07″.1380","東経":"131°38′56″.6100","標高":"120.37","現況状態":"正常","年月日":"20050228","_sourceFile":"20260505_202401_Base.geojson","_sourceKind":"Base"}},{"type":"Feature","geometry":{"type":"Point","coordinates":[131.4973935,32.31588711111111]},"properties":{"_markerType":"Icon","_iconUrl":"https://service.gsi.go.jp/kijunten/contents/screen/point/images/Base/TR4.png","_iconSize":[20,20],"name":"上宇越","基準点コード":"TR44831337901","等級種別":"TR4","基準点名":"上宇越","ワンストップ可否":"○","成果状態":"正常","北緯":"32°18′57″.1936","東経":"131°29′50″.6166","標高":"749.91","現況状態":"報告なし","年月日":"19950823","_sourceFile":"20260505_202401_Base.geojson","_sourceKind":"Base"}},{"type":"Feature","geometry":{"type":"Point","coordinates":[131.47240530555555,32.31899902777778]},"properties":{"_markerType":"Icon","_iconUrl":"https://service.gsi.go.jp/kijunten/contents/screen/point/images/Base/TR4.png","_iconSize":[20,20],"name":"三方境","基準点コード":"TR44831338701","等級種別":"TR4","基準点名":"三方境","ワンストップ可否":"○","成果状態":"正常","北緯":"32°19′08″.3965","東経":"131°28′20″.6591","標高":"836.34","現況状態":"報告なし","年月日":"19950823","_sourceFile":"20260505_202401_Base.geojson","_sourceKind":"Base"}},{"type":"Feature","geometry":{"type":"Point","coordinates":[131.49085941666667,32.327695250000005]},"properties":{"_markerType":"Icon","_iconUrl":"https://service.gsi.go.jp/kijunten/contents/screen/point/images/Base/TR4.png","_iconSize":[20,20],"name":"天狗塚","基準点コード":"TR44831339901","等級種別":"TR4","基準点名":"天狗塚","ワンストップ可否":"○","成果状態":"正常","北緯":"32°19′39″.7029","東経":"131°29′27″.0939","標高":"625.31","現況状態":"正常","年月日":"20040816","_sourceFile":"20260505_202401_Base.geojson","_sourceKind":"Base"}},{"type":"Feature","geometry":{"type":"Point","coordinates":[131.58969775,32.309472]},"properties":{"_markerType":"Icon","_iconUrl":"https://service.gsi.go.jp/kijunten/contents/screen/point/images/Base/TR4.png","_iconSize":[20,20],"name":"宮ノ下","基準点コード":"TR44831347701","等級種別":"TR4","基準点名":"宮ノ下","ワンストップ可否":"○","成果状態":"正常","北緯":"32°18′34″.0992","東経":"131°35′22″.9119","標高":"29.44","現況状態":"正常","年月日":"20040816","_sourceFile":"20260505_202401_Base.geojson","_sourceKind":"Base"}},{"type":"Feature","geometry":{"type":"Point","coordinates":[131.51223575,32.32161652777778]},"properties":{"_markerType":"Icon","_iconUrl":"https://service.gsi.go.jp/kijunten/contents/screen/point/images/Base/TR4.png","_iconSize":[20,20],"name":"丸木谷","基準点コード":"TR44831348001","等級種別":"TR4","基準点名":"丸木谷","ワンストップ可否":"○","成果状態":"正常","北緯":"32°19′17″.8195","東経":"131°30′44″.0487","標高":"506.25","現況状態":"正常","年月日":"20030328","_sourceFile":"20260505_202401_Base.geojson","_sourceKind":"Base"}},{"type":"Feature","geometry":{"type":"Point","coordinates":[131.5797625,32.32266811111111]},"properties":{"_markerType":"Icon","_iconUrl":"https://service.gsi.go.jp/kijunten/contents/screen/point/images/Base/TR4.png","_iconSize":[20,20],"name":"山ノ口","基準点コード":"TR44831348601","等級種別":"TR4","基準点名":"山ノ口","ワンストップ可否":"○","成果状態":"正常","北緯":"32°19′21″.6052","東経":"131°34′47″.1450","標高":"160.74","現況状態":"報告なし","年月日":"19760611","_sourceFile":"20260505_202401_Base.geojson","_sourceKind":"Base"}},{"type":"Feature","geometry":{"type":"Point","coordinates":[131.52219633333334,32.332524250000006]},"properties":{"_markerType":"Icon","_iconUrl":"https://service.gsi.go.jp/kijunten/contents/screen/point/images/Base/TR4.png","_iconSize":[20,20],"name":"丸山","基準点コード":"TR44831349101","等級種別":"TR4","基準点名":"丸山","ワンストップ可否":"○","成果状態":"正常","北緯":"32°19′57″.0873","東経":"131°31′19″.9068","標高":"294.52","現況状態":"報告なし","年月日":"19900610","_sourceFile":"20260505_202401_Base.geojson","_sourceKind":"Base"}},{"type":"Feature","geometry":{"type":"Point","coordinates":[131.5445941111111,32.33009769444445]},"properties":{"_markerType":"Icon","_iconUrl":"https://service.gsi.go.jp/kijunten/contents/screen/point/images/Base/TR4.png","_iconSize":[20,20],"name":"水谷","基準点コード":"TR44831349301","等級種別":"TR4","基準点名":"水谷","ワンストップ可否":"○","成果状態":"正常","北緯":"32°19′48″.3517","東経":"131°32′40″.5388","標高":"178.53","現況状態":"報告なし","年月日":"19900910","_sourceFile":"20260505_202401_Base.geojson","_sourceKind":"Base"}},{"type":"Feature","geometry":{"type":"Point","coordinates":[131.56129325,32.32606616666667]},"properties":{"_markerType":"Icon","_iconUrl":"https://service.gsi.go.jp/kijunten/contents/screen/point/images/Base/TR4.png","_iconSize":[20,20],"name":"庭田","基準点コード":"TR44831349401","等級種別":"TR4","基準点名":"庭田","ワンストップ可否":"○","成果状態":"正常","北緯":"32°19′33″.8382","東経":"131°33′40″.6557","標高":"292.44","現況状態":"正常","年月日":"20040816","_sourceFile":"20260505_202401_Base.geojson","_sourceKind":"Base"}},{"type":"Feature","geometry":{"type":"Point","coordinates":[131.59981772222224,32.330059000000006]},"properties":{"_markerType":"Icon","_iconUrl":"https://service.gsi.go.jp/kijunten/contents/screen/point/images/Base/TR4.png","_iconSize":[20,20],"name":"落鹿","基準点コード":"TR44831349701","等級種別":"TR4","基準点名":"落鹿","ワンストップ可否":"○","成果状態":"正常","北緯":"32°19′48″.2124","東経":"131°35′59″.3438","標高":"37.73","現況状態":"正常","年月日":"20190531","_sourceFile":"20260505_202401_Base.geojson","_sourceKind":"Base"}},{"type":"Feature","geometry":{"type":"Point","coordinates":[131.34874172222223,32.35181113888889]},"properties":{"_markerType":"Icon","_iconUrl":"https://service.gsi.go.jp/kijunten/contents/screen/point/images/Base/TR4.png","_iconSize":[20,20],"name":"菫ヶ窪","基準点コード":"TR44831422701","等級種別":"TR4","基準点名":"菫ヶ窪","ワンストップ可否":"○","成果状態":"正常","北緯":"32°21′06″.5201","東経":"131°20′55″.4702","標高":"270.71","現況状態":"正常","年月日":"20090805","_sourceFile":"20260505_202401_Base.geojson","_sourceKind":"Base"}},{"type":"Feature","geometry":{"type":"Point","coordinates":[131.3600556111111,32.35827886111111]},"properties":{"_markerType":"Icon","_iconUrl":"https://service.gsi.go.jp/kijunten/contents/screen/point/images/Base/TR4.png","_iconSize":[20,20],"name":"上村","基準点コード":"TR44831422801","等級種別":"TR4","基準点名":"上村","ワンストップ可否":"○","成果状態":"正常","北緯":"32°21′29″.8039","東経":"131°21′36″.2002","標高":"498.57","現況状態":"正常","年月日":"20090805","_sourceFile":"20260505_202401_Base.geojson","_sourceKind":"Base"}},{"type":"Feature","geometry":{"type":"Point","coordinates":[131.35438366666665,32.366392861111116]},"properties":{"_markerType":"Icon","_iconUrl":"https://service.gsi.go.jp/kijunten/contents/screen/point/images/Base/TR4.png","_iconSize":[20,20],"name":"崩","基準点コード":"TR44831423801","等級種別":"TR4","基準点名":"崩","ワンストップ可否":"○","成果状態":"正常","北緯":"32°21′59″.0143","東経":"131°21′15″.7812","標高":"579.47","現況状態":"正常","年月日":"20081016","_sourceFile":"20260505_202401_Base.geojson","_sourceKind":"Base"}},{"type":"Feature","geometry":{"type":"Point","coordinates":[131.4226907222222,32.34564563888889]},"properties":{"_markerType":"Icon","_iconUrl":"https://service.gsi.go.jp/kijunten/contents/screen/point/images/Base/TR4.png","_iconSize":[20,20],"name":"鎌柄","基準点コード":"TR44831431301","等級種別":"TR4","基準点名":"鎌柄","ワンストップ可否":"○","成果状態":"正常","北緯":"32°20′44″.3243","東経":"131°25′21″.6866","標高":"405.18","現況状態":"報告なし","年月日":"19900910","_sourceFile":"20260505_202401_Base.geojson","_sourceKind":"Base"}},{"type":"Feature","geometry":{"type":"Point","coordinates":[131.43789461111112,32.344636333333334]},"properties":{"_markerType":"Icon","_iconUrl":"https://service.gsi.go.jp/kijunten/contents/screen/point/images/Base/TR4.png","_iconSize":[20,20],"name":"大内平","基準点コード":"TR44831431502","等級種別":"TR4","基準点名":"大内平","ワンストップ可否":"○","成果状態":"正常","北緯":"32°20′40″.6908","東経":"131°26′16″.4206","標高":"254.84","現況状態":"報告なし","年月日":"19900910","_sourceFile":"20260505_202401_Base.geojson","_sourceKind":"Base"}},{"type":"Feature","geometry":{"type":"Point","coordinates":[131.38657166666667,32.351075361111114]},"properties":{"_markerType":"Icon","_iconUrl":"https://service.gsi.go.jp/kijunten/contents/screen/point/images/Base/TR4.png","_iconSize":[20,20],"name":"八ッ山","基準点コード":"TR44831432001","等級種別":"TR4","基準点名":"八ッ山","ワンストップ可否":"○","成果状態":"正常","北緯":"32°21′03″.8713","東経":"131°23′11″.6580","標高":"222.79","現況状態":"正常","年月日":"20080801","_sourceFile":"20260505_202401_Base.geojson","_sourceKind":"Base"}},{"type":"Feature","geometry":{"type":"Point","coordinates":[131.43351627777778,32.35753427777778]},"properties":{"_markerType":"Icon","_iconUrl":"https://service.gsi.go.jp/kijunten/contents/screen/point/images/Base/TR4.png","_iconSize":[20,20],"name":"多武ノ木","基準点コード":"TR44831432401","等級種別":"TR4","基準点名":"多武ノ木","ワンストップ可否":"○","成果状態":"正常","北緯":"32°21′27″.1234","東経":"131°26′00″.6586","標高":"221.09","現況状態":"報告なし","年月日":"19900910","_sourceFile":"20260505_202401_Base.geojson","_sourceKind":"Base"}},{"type":"Feature","geometry":{"type":"Point","coordinates":[131.3963216111111,32.36444680555556]},"properties":{"_markerType":"Icon","_iconUrl":"https://service.gsi.go.jp/kijunten/contents/screen/point/images/Base/TR4.png","_iconSize":[20,20],"name":"田ノ原","基準点コード":"TR44831433101","等級種別":"TR4","基準点名":"田ノ原","ワンストップ可否":"○","成果状態":"正常","北緯":"32°21′52″.0085","東経":"131°23′46″.7578","標高":"543.97","現況状態":"正常","年月日":"20111023","_sourceFile":"20260505_202401_Base.geojson","_sourceKind":"Base"}},{"type":"Feature","geometry":{"type":"Point","coordinates":[131.45838677777778,32.35933977777778]},"properties":{"_markerType":"Icon","_iconUrl":"https://service.gsi.go.jp/kijunten/contents/screen/point/images/Base/TR4.png","_iconSize":[20,20],"name":"赤井笠","基準点コード":"TR44831433601","等級種別":"TR4","基準点名":"赤井笠","ワンストップ可否":"○","成果状態":"正常","北緯":"32°21′33″.6232","東経":"131°27′30″.1924","標高":"104.90","現況状態":"報告なし","年月日":"19850306","_sourceFile":"20260505_202401_Base.geojson","_sourceKind":"Base"}},{"type":"Feature","geometry":{"type":"Point","coordinates":[131.48916425,32.35999913888889]},"properties":{"_markerType":"Icon","_iconUrl":"https://service.gsi.go.jp/kijunten/contents/screen/point/images/Base/TR4.png","_iconSize":[20,20],"name":"下水流","基準点コード":"TR44831433901","等級種別":"TR4","基準点名":"下水流","ワンストップ可否":"○","成果状態":"正常","北緯":"32°21′35″.9969","東経":"131°29′20″.9913","標高":"132.46","現況状態":"報告なし","年月日":"19861003","_sourceFile":"20260505_202401_Base.geojson","_sourceKind":"Base"}},{"type":"Feature","geometry":{"type":"Point","coordinates":[131.48430125,32.39655394444444]},"properties":{"_markerType":"Icon","_iconUrl":"https://service.gsi.go.jp/kijunten/contents/screen/point/images/Base/TR4.png","_iconSize":[20,20],"name":"坂下","基準点コード":"TR44831437801","等級種別":"TR4","基準点名":"坂下","ワンストップ可否":"○","成果状態":"正常","北緯":"32°23′47″.5942","東経":"131°29′03″.4845","標高":"238.64","現況状態":"報告なし","年月日":"00000000","_sourceFile":"20260505_202401_Base.geojson","_sourceKind":"Base"}},{"type":"Feature","geometry":{"type":"Point","coordinates":[131.49779130555555,32.415193583333334]},"properties":{"_markerType":"Icon","_iconUrl":"https://service.gsi.go.jp/kijunten/contents/screen/point/images/Base/TR4.png","_iconSize":[20,20],"name":"八重原","基準点コード":"TR44831439901","等級種別":"TR4","基準点名":"八重原","ワンストップ可否":"○","成果状態":"正常","北緯":"32°24′54″.6969","東経":"131°29′52″.0487","標高":"150.55","現況状態":"正常","年月日":"20221025","_sourceFile":"20260505_202401_Base.geojson","_sourceKind":"Base"}},{"type":"Feature","geometry":{"type":"Point","coordinates":[131.50496605555554,32.33898469444445]},"properties":{"_markerType":"Icon","_iconUrl":"https://service.gsi.go.jp/kijunten/contents/screen/point/images/Base/TR4.png","_iconSize":[20,20],"name":"松尾","基準点コード":"TR44831440001","等級種別":"TR4","基準点名":"松尾","ワンストップ可否":"○","成果状態":"正常","北緯":"32°20′20″.3449","東経":"131°30′17″.8778","標高":"608.21","現況状態":"正常","年月日":"20040816","_sourceFile":"20260505_202401_Base.geojson","_sourceKind":"Base"}},{"type":"Feature","geometry":{"type":"Point","coordinates":[131.59020166666667,32.3406905]},"properties":{"_markerType":"Icon","_iconUrl":"https://service.gsi.go.jp/kijunten/contents/screen/point/images/Base/TR4.png","_iconSize":[20,20],"name":"桃無","基準点コード":"TR44831440701","等級種別":"TR4","基準点名":"桃無","ワンストップ可否":"○","成果状態":"正常","北緯":"32°20′26″.4858","東経":"131°35′24″.7260","標高":"190.92","現況状態":"報告なし","年月日":"00000000","_sourceFile":"20260505_202401_Base.geojson","_sourceKind":"Base"}},{"type":"Feature","geometry":{"type":"Point","coordinates":[131.60755583333332,32.336922944444446]},"properties":{"_markerType":"Icon","_iconUrl":"https://service.gsi.go.jp/kijunten/contents/screen/point/images/Base/TR4.png","_iconSize":[20,20],"name":"原口","基準点コード":"TR44831440801","等級種別":"TR4","基準点名":"原口","ワンストップ可否":"○","成果状態":"正常","北緯":"32°20′12″.9226","東経":"131°36′27″.2010","標高":"40.95","現況状態":"報告なし","年月日":"00000000","_sourceFile":"20260505_202401_Base.geojson","_sourceKind":"Base"}},{"type":"Feature","geometry":{"type":"Point","coordinates":[131.51904775000003,32.344113722222225]},"properties":{"_markerType":"Icon","_iconUrl":"https://service.gsi.go.jp/kijunten/contents/screen/point/images/Base/TR4.png","_iconSize":[20,20],"name":"鵜戸木","基準点コード":"TR44831441101","等級種別":"TR4","基準点名":"鵜戸木","ワンストップ可否":"○","成果状態":"正常","北緯":"32°20′38″.8094","東経":"131°31′08″.5719","標高":"543.80","現況状態":"正常","年月日":"20030520","_sourceFile":"20260505_202401_Base.geojson","_sourceKind":"Base"}},{"type":"Feature","geometry":{"type":"Point","coordinates":[131.5426757777778,32.34937733333334]},"properties":{"_markerType":"Icon","_iconUrl":"https://service.gsi.go.jp/kijunten/contents/screen/point/images/Base/TR4.png","_iconSize":[20,20],"name":"日田尾","基準点コード":"TR44831441301","等級種別":"TR4","基準点名":"日田尾","ワンストップ可否":"○","成果状態":"正常","北緯":"32°20′57″.7584","東経":"131°32′33″.6328","標高":"312.90","現況状態":"正常","年月日":"20040816","_sourceFile":"20260505_202401_Base.geojson","_sourceKind":"Base"}},{"type":"Feature","geometry":{"type":"Point","coordinates":[131.5531225,32.34351525]},"properties":{"_markerType":"Icon","_iconUrl":"https://service.gsi.go.jp/kijunten/contents/screen/point/images/Base/TR4.png","_iconSize":[20,20],"name":"田の原","基準点コード":"TR44831441401","等級種別":"TR4","基準点名":"田の原","ワンストップ可否":"○","成果状態":"正常","北緯":"32°20′36″.6549","東経":"131°33′11″.2410","標高":"329.76","現況状態":"報告なし","年月日":"19900910","_sourceFile":"20260505_202401_Base.geojson","_sourceKind":"Base"}},{"type":"Feature","geometry":{"type":"Point","coordinates":[131.57506591666666,32.34669894444445]},"properties":{"_markerType":"Icon","_iconUrl":"https://service.gsi.go.jp/kijunten/contents/screen/point/images/Base/TR4.png","_iconSize":[20,20],"name":"余瀬","基準点コード":"TR44831441601","等級種別":"TR4","基準点名":"余瀬","ワンストップ可否":"○","成果状態":"正常","北緯":"32°20′48″.1162","東経":"131°34′30″.2373","標高":"256.72","現況状態":"報告なし","年月日":"00000000","_sourceFile":"20260505_202401_Base.geojson","_sourceKind":"Base"}},{"type":"Feature","geometry":{"type":"Point","coordinates":[131.60390155555555,32.34884255555556]},"properties":{"_markerType":"Icon","_iconUrl":"https://service.gsi.go.jp/kijunten/contents/screen/point/images/Base/TR4.png","_iconSize":[20,20],"name":"霧ノ陣","基準点コード":"TR44831441801","等級種別":"TR4","基準点名":"霧ノ陣","ワンストップ可否":"○","成果状態":"正常","北緯":"32°20′55″.8332","東経":"131°36′14″.0456","標高":"164.49","現況状態":"正常","年月日":"20030328","_sourceFile":"20260505_202401_Base.geojson","_sourceKind":"Base"}},{"type":"Feature","geometry":{"type":"Point","coordinates":[131.5662246388889,32.35521269444445]},"properties":{"_markerType":"Icon","_iconUrl":"https://service.gsi.go.jp/kijunten/contents/screen/point/images/Base/TR4.png","_iconSize":[20,20],"name":"鳥川","基準点コード":"TR44831442501","等級種別":"TR4","基準点名":"鳥川","ワンストップ可否":"○","成果状態":"正常","北緯":"32°21′18″.7657","東経":"131°33′58″.4087","標高":"138.94","現況状態":"報告なし","年月日":"00000000","_sourceFile":"20260505_202401_Base.geojson","_sourceKind":"Base"}},{"type":"Feature","geometry":{"type":"Point","coordinates":[131.58854694444446,32.353291472222224]},"properties":{"_markerType":"Icon","_iconUrl":"https://service.gsi.go.jp/kijunten/contents/screen/point/images/Base/TR4.png","_iconSize":[20,20],"name":"飯谷","基準点コード":"TR44831442701","等級種別":"TR4","基準点名":"飯谷","ワンストップ可否":"○","成果状態":"正常","北緯":"32°21′11″.8493","東経":"131°35′18″.7690","標高":"170.08","現況状態":"報告なし","年月日":"00000000","_sourceFile":"20260505_202401_Base.geojson","_sourceKind":"Base"}},{"type":"Feature","geometry":{"type":"Point","coordinates":[131.61696122222222,32.35576205555556]},"properties":{"_markerType":"Icon","_iconUrl":"https://service.gsi.go.jp/kijunten/contents/screen/point/images/Base/TR4.png","_iconSize":[20,20],"name":"坂元","基準点コード":"TR44831442901","等級種別":"TR4","基準点名":"坂元","ワンストップ可否":"○","成果状態":"正常","北緯":"32°21′20″.7434","東経":"131°37′01″.0604","標高":"95.69","現況状態":"正常","年月日":"20091102","_sourceFile":"20260505_202401_Base.geojson","_sourceKind":"Base"}},{"type":"Feature","geometry":{"type":"Point","coordinates":[131.52403344444446,32.36250586111111]},"properties":{"_markerType":"Icon","_iconUrl":"https://service.gsi.go.jp/kijunten/contents/screen/point/images/Base/TR4.png","_iconSize":[20,20],"name":"毛牛草","基準点コード":"TR44831443101","等級種別":"TR4","基準点名":"毛牛草","ワンストップ可否":"○","成果状態":"正常","北緯":"32°21′45″.0211","東経":"131°31′26″.5204","標高":"565.73","現況状態":"報告なし","年月日":"20020819","_sourceFile":"20260505_202401_Base.geojson","_sourceKind":"Base"}},{"type":"Feature","geometry":{"type":"Point","coordinates":[131.5498551388889,32.36229652777778]},"properties":{"_markerType":"Icon","_iconUrl":"https://service.gsi.go.jp/kijunten/contents/screen/point/images/Base/TR4.png","_iconSize":[20,20],"name":"広瀬","基準点コード":"TR44831443301","等級種別":"TR4","基準点名":"広瀬","ワンストップ可否":"○","成果状態":"正常","北緯":"32°21′44″.2675","東経":"131°32′59″.4785","標高":"206.83","現況状態":"報告なし","年月日":"20001212","_sourceFile":"20260505_202401_Base.geojson","_sourceKind":"Base"}},{"type":"Feature","geometry":{"type":"Point","coordinates":[131.56160027777779,32.36460902777778]},"properties":{"_markerType":"Icon","_iconUrl":"https://service.gsi.go.jp/kijunten/contents/screen/point/images/Base/TR4.png","_iconSize":[20,20],"name":"竹ノ本","基準点コード":"TR44831443401","等級種別":"TR4","基準点名":"竹ノ本","ワンストップ可否":"○","成果状態":"正常","北緯":"32°21′52″.5925","東経":"131°33′41″.7610","標高":"17.05","現況状態":"報告なし","年月日":"20020819","_sourceFile":"20260505_202401_Base.geojson","_sourceKind":"Base"}},{"type":"Feature","geometry":{"type":"Point","coordinates":[131.58990380555556,32.362245111111115]},"properties":{"_markerType":"Icon","_iconUrl":"https://service.gsi.go.jp/kijunten/contents/screen/point/images/Base/TR4.png","_iconSize":[20,20],"name":"鵜毛","基準点コード":"TR44831443701","等級種別":"TR4","基準点名":"鵜毛","ワンストップ可否":"○","成果状態":"正常","北緯":"32°21′44″.0824","東経":"131°35′23″.6537","標高":"277.16","現況状態":"報告なし","年月日":"00000000","_sourceFile":"20260505_202401_Base.geojson","_sourceKind":"Base"}},{"type":"Feature","geometry":{"type":"Point","coordinates":[131.60781963888888,32.36132658333334]},"properties":{"_markerType":"Icon","_iconUrl":"https://service.gsi.go.jp/kijunten/contents/screen/point/images/Base/TR4.png","_iconSize":[20,20],"name":"籾木","基準点コード":"TR44831443801","等級種別":"TR4","基準点名":"籾木","ワンストップ可否":"○","成果状態":"正常","北緯":"32°21′40″.7757","東経":"131°36′28″.1507","標高":"185.22","現況状態":"報告なし","年月日":"00000000","_sourceFile":"20260505_202401_Base.geojson","_sourceKind":"Base"}},{"type":"Feature","geometry":{"type":"Point","coordinates":[131.50232052777778,32.373857722222226]},"properties":{"_markerType":"Icon","_iconUrl":"https://service.gsi.go.jp/kijunten/contents/screen/point/images/Base/TR4.png","_iconSize":[20,20],"name":"日ケ道","基準点コード":"TR44831444001","等級種別":"TR4","基準点名":"日ケ道","ワンストップ可否":"○","成果状態":"正常","北緯":"32°22′25″.8878","東経":"131°30′08″.3539","標高":"107.68","現況状態":"報告なし","年月日":"19850306","_sourceFile":"20260505_202401_Base.geojson","_sourceKind":"Base"}},{"type":"Feature","geometry":{"type":"Point","coordinates":[131.59211775,32.37430908333334]},"properties":{"_markerType":"Icon","_iconUrl":"https://service.gsi.go.jp/kijunten/contents/screen/point/images/Base/TR4.png","_iconSize":[20,20],"name":"上赤木","基準点コード":"TR44831444701","等級種別":"TR4","基準点名":"上赤木","ワンストップ可否":"○","成果状態":"正常","北緯":"32°22′27″.5127","東経":"131°35′31″.6239","標高":"310.54","現況状態":"報告なし","年月日":"19640623","_sourceFile":"20260505_202401_Base.geojson","_sourceKind":"Base"}},{"type":"Feature","geometry":{"type":"Point","coordinates":[131.5126455,32.38300663888889]},"properties":{"_markerType":"Icon","_iconUrl":"https://service.gsi.go.jp/kijunten/contents/screen/point/images/Base/TR4.png","_iconSize":[20,20],"name":"山内","基準点コード":"TR44831445101","等級種別":"TR4","基準点名":"山内","ワンストップ可否":"○","成果状態":"正常","北緯":"32°22′58″.8239","東経":"131°30′45″.5238","標高":"86.18","現況状態":"報告なし","年月日":"19781123","_sourceFile":"20260505_202401_Base.geojson","_sourceKind":"Base"}},{"type":"Feature","geometry":{"type":"Point","coordinates":[131.55154805555557,32.37526258333333]},"properties":{"_markerType":"Icon","_iconUrl":"https://service.gsi.go.jp/kijunten/contents/screen/point/images/Base/TR4.png","_iconSize":[20,20],"name":"福瀬","基準点コード":"TR44831445401","等級種別":"TR4","基準点名":"福瀬","ワンストップ可否":"○","成果状態":"正常","北緯":"32°22′30″.9453","東経":"131°33′05″.5730","標高":"20.07","現況状態":"正常","年月日":"20040816","_sourceFile":"20260505_202401_Base.geojson","_sourceKind":"Base"}},{"type":"Feature","geometry":{"type":"Point","coordinates":[131.52298011111114,32.38453713888889]},"properties":{"_markerType":"Icon","_iconUrl":"https://service.gsi.go.jp/kijunten/contents/screen/point/images/Base/TR4.png","_iconSize":[20,20],"name":"羽坂","基準点コード":"TR44831446101","等級種別":"TR4","基準点名":"羽坂","ワンストップ可否":"○","成果状態":"正常","北緯":"32°23′04″.3337","東経":"131°31′22″.7284","標高":"34.51","現況状態":"報告なし","年月日":"19781118","_sourceFile":"20260505_202401_Base.geojson","_sourceKind":"Base"}},{"type":"Feature","geometry":{"type":"Point","coordinates":[131.53468080555555,32.385564611111114]},"properties":{"_markerType":"Icon","_iconUrl":"https://service.gsi.go.jp/kijunten/contents/screen/point/images/Base/TR4.png","_iconSize":[20,20],"name":"冠山","基準点コード":"TR44831446201","等級種別":"TR4","基準点名":"冠山","ワンストップ可否":"○","成果状態":"正常","北緯":"32°23′08″.0326","東経":"131°32′04″.8509","標高":"375.41","現況状態":"報告なし","年月日":"19990729","_sourceFile":"20260505_202401_Base.geojson","_sourceKind":"Base"}},{"type":"Feature","geometry":{"type":"Point","coordinates":[131.5474986111111,32.389683777777776]},"properties":{"_markerType":"Icon","_iconUrl":"https://service.gsi.go.jp/kijunten/contents/screen/point/images/Base/TR4.png","_iconSize":[20,20],"name":"上ノ水流","基準点コード":"TR44831446301","等級種別":"TR4","基準点名":"上ノ水流","ワンストップ可否":"○","成果状態":"正常","北緯":"32°23′22″.8616","東経":"131°32′50″.9950","標高":"113.19","現況状態":"報告なし","年月日":"20001212","_sourceFile":"20260505_202401_Base.geojson","_sourceKind":"Base"}},{"type":"Feature","geometry":{"type":"Point","coordinates":[131.57631391666666,32.390952444444444]},"properties":{"_markerType":"Icon","_iconUrl":"https://service.gsi.go.jp/kijunten/contents/screen/point/images/Base/TR4.png","_iconSize":[20,20],"name":"高畑","基準点コード":"TR44831446601","等級種別":"TR4","基準点名":"高畑","ワンストップ可否":"○","成果状態":"正常","北緯":"32°23′27″.4288","東経":"131°34′34″.7301","標高":"295.42","現況状態":"報告なし","年月日":"00000000","_sourceFile":"20260505_202401_Base.geojson","_sourceKind":"Base"}},{"type":"Feature","geometry":{"type":"Point","coordinates":[131.58925580555555,32.38616125]},"properties":{"_markerType":"Icon","_iconUrl":"https://service.gsi.go.jp/kijunten/contents/screen/point/images/Base/TR4.png","_iconSize":[20,20],"name":"ダイソヲ","基準点コード":"TR44831446701","等級種別":"TR4","基準点名":"ダイソヲ","ワンストップ可否":"○","成果状態":"正常","北緯":"32°23′10″.1805","東経":"131°35′21″.3209","標高":"260.96","現況状態":"報告なし","年月日":"00000000","_sourceFile":"20260505_202401_Base.geojson","_sourceKind":"Base"}},{"type":"Feature","geometry":{"type":"Point","coordinates":[131.60510980555554,32.38796988888889]},"properties":{"_markerType":"Icon","_iconUrl":"https://service.gsi.go.jp/kijunten/contents/screen/point/images/Base/TR4.png","_iconSize":[20,20],"name":"平岩","基準点コード":"TR44831446801","等級種別":"TR4","基準点名":"平岩","ワンストップ可否":"○","成果状態":"正常","北緯":"32°23′16″.6916","東経":"131°36′18″.3953","標高":"276.30","現況状態":"報告なし","年月日":"00000000","_sourceFile":"20260505_202401_Base.geojson","_sourceKind":"Base"}},{"type":"Feature","geometry":{"type":"Point","coordinates":[131.61928627777777,32.39149894444444]},"properties":{"_markerType":"Icon","_iconUrl":"https://service.gsi.go.jp/kijunten/contents/screen/point/images/Base/TR4.png","_iconSize":[20,20],"name":"岩渕","基準点コード":"TR44831446901","等級種別":"TR4","基準点名":"岩渕","ワンストップ可否":"○","成果状態":"正常","北緯":"32°23′29″.3962","東経":"131°37′09″.4306","標高":"179.64","現況状態":"正常","年月日":"20050915","_sourceFile":"20260505_202401_Base.geojson","_sourceKind":"Base"}},{"type":"Feature","geometry":{"type":"Point","coordinates":[131.51804322222225,32.39543194444445]},"properties":{"_markerType":"Icon","_iconUrl":"https://service.gsi.go.jp/kijunten/contents/screen/point/images/Base/TR4.png","_iconSize":[20,20],"name":"下モ内","基準点コード":"TR44831447101","等級種別":"TR4","基準点名":"下モ内","ワンストップ可否":"○","成果状態":"正常","北緯":"32°23′43″.5550","東経":"131°31′04″.9556","標高":"84.02","現況状態":"報告なし","年月日":"00000000","_sourceFile":"20260505_202401_Base.geojson","_sourceKind":"Base"}},{"type":"Feature","geometry":{"type":"Point","coordinates":[131.53621775,32.39742572222222]},"properties":{"_markerType":"Icon","_iconUrl":"https://service.gsi.go.jp/kijunten/contents/screen/point/images/Base/TR4.png","_iconSize":[20,20],"name":"小野田","基準点コード":"TR44831447201","等級種別":"TR4","基準点名":"小野田","ワンストップ可否":"○","成果状態":"正常","北緯":"32°23′50″.7326","東経":"131°32′10″.3839","標高":"25.54","現況状態":"正常","年月日":"20061031","_sourceFile":"20260505_202401_Base.geojson","_sourceKind":"Base"}},{"type":"Feature","geometry":{"type":"Point","coordinates":[131.55535305555557,32.40516872222222]},"properties":{"_markerType":"Icon","_iconUrl":"https://service.gsi.go.jp/kijunten/contents/screen/point/images/Base/TR4.png","_iconSize":[20,20],"name":"出口","基準点コード":"TR44831448401","等級種別":"TR4","基準点名":"出口","ワンストップ可否":"○","成果状態":"正常","北緯":"32°24′18″.6074","東経":"131°33′19″.2710","標高":"127.64","現況状態":"正常","年月日":"20030328","_sourceFile":"20260505_202401_Base.geojson","_sourceKind":"Base"}},{"type":"Feature","geometry":{"type":"Point","coordinates":[131.52586947222224,32.40901933333333]},"properties":{"_markerType":"Icon","_iconUrl":"https://service.gsi.go.jp/kijunten/contents/screen/point/images/Base/TR4.png","_iconSize":[20,20],"name":"内ノ口","基準点コード":"TR44831449201","等級種別":"TR4","基準点名":"内ノ口","ワンストップ可否":"○","成果状態":"正常","北緯":"32°24′32″.4696","東経":"131°31′33″.1301","標高":"296.00","現況状態":"報告なし","年月日":"19621025","_sourceFile":"20260505_202401_Base.geojson","_sourceKind":"Base"}},{"type":"Feature","geometry":{"type":"Point","coordinates":[131.5794980277778,32.411072499999996]},"properties":{"_markerType":"Icon","_iconUrl":"https://service.gsi.go.jp/kijunten/contents/screen/point/images/Base/TR4.png","_iconSize":[20,20],"name":"柳ノ元","基準点コード":"TR44831449601","等級種別":"TR4","基準点名":"柳ノ元","ワンストップ可否":"○","成果状態":"正常","北緯":"32°24′39″.8610","東経":"131°34′46″.1929","標高":"120.73","現況状態":"正常","年月日":"20091102","_sourceFile":"20260505_202401_Base.geojson","_sourceKind":"Base"}},{"type":"Feature","geometry":{"type":"Point","coordinates":[131.62364575,32.41423175]},"properties":{"_markerType":"Icon","_iconUrl":"https://service.gsi.go.jp/kijunten/contents/screen/point/images/Base/TR4.png","_iconSize":[20,20],"name":"財光寺","基準点コード":"TR44831449901","等級種別":"TR4","基準点名":"財光寺","ワンストップ可否":"○","成果状態":"正常","北緯":"32°24′51″.2343","東経":"131°37′25″.1247","標高":"21.94","現況状態":"正常","年月日":"20050326","_sourceFile":"20260505_202401_Base.geojson","_sourceKind":"Base"}},{"type":"Feature","geometry":{"type":"Point","coordinates":[131.61363425,32.41056594444444]},"properties":{"_markerType":"Icon","_iconUrl":"https://service.gsi.go.jp/kijunten/contents/screen/point/images/Base/TR4.png","_iconSize":[20,20],"name":"権現原","基準点コード":"TR44831449902","等級種別":"TR4","基準点名":"権現原","ワンストップ可否":"○","成果状態":"正常","北緯":"32°24′38″.0374","東経":"131°36′49″.0833","標高":"104.19","現況状態":"正常","年月日":"20050915","_sourceFile":"20260505_202401_Base.geojson","_sourceKind":"Base"}},{"type":"Feature","geometry":{"type":"Point","coordinates":[131.63309597222224,32.38916441666667]},"properties":{"_markerType":"Icon","_iconUrl":"https://service.gsi.go.jp/kijunten/contents/screen/point/images/Base/TR4.png","_iconSize":[20,20],"name":"小倉ケ浜","基準点コード":"TR44831456001","等級種別":"TR4","基準点名":"小倉ケ浜","ワンストップ可否":"○","成果状態":"正常","北緯":"32°23′20″.9919","東経":"131°37′59″.1455","標高":"4.66","現況状態":"正常","年月日":"20091102","_sourceFile":"20260505_202401_Base.geojson","_sourceKind":"Base"}},{"type":"Feature","geometry":{"type":"Point","coordinates":[131.48841394444443,32.446927055555555]},"properties":{"_markerType":"Icon","_iconUrl":"https://service.gsi.go.jp/kijunten/contents/screen/point/images/Base/TR4.png","_iconSize":[20,20],"name":"河原","基準点コード":"TR44831533901","等級種別":"TR4","基準点名":"河原","ワンストップ可否":"○","成果状態":"正常","北緯":"32°26′48″.9374","東経":"131°29′18″.2902","標高":"647.97","現況状態":"正常","年月日":"20191113","_sourceFile":"20260505_202401_Base.geojson","_sourceKind":"Base"}},{"type":"Feature","geometry":{"type":"Point","coordinates":[131.5104391111111,32.418970916666666]},"properties":{"_markerType":"Icon","_iconUrl":"https://service.gsi.go.jp/kijunten/contents/screen/point/images/Base/TR4.png","_iconSize":[20,20],"name":"原ヶ迫","基準点コード":"TR44831540001","等級種別":"TR4","基準点名":"原ヶ迫","ワンストップ可否":"○","成果状態":"正常","北緯":"32°25′08″.2953","東経":"131°30′37″.5808","標高":"140.91","現況状態":"報告なし","年月日":"00000000","_sourceFile":"20260505_202401_Base.geojson","_sourceKind":"Base"}},{"type":"Feature","geometry":{"type":"Point","coordinates":[131.52831275000003,32.42386641666666]},"properties":{"_markerType":"Icon","_iconUrl":"https://service.gsi.go.jp/kijunten/contents/screen/point/images/Base/TR4.png","_iconSize":[20,20],"name":"東迫野内","基準点コード":"TR44831540201","等級種別":"TR4","基準点名":"東迫野内","ワンストップ可否":"○","成果状態":"正常","北緯":"32°25′25″.9191","東経":"131°31′41″.9259","標高":"389.03","現況状態":"報告なし","年月日":"00000000","_sourceFile":"20260505_202401_Base.geojson","_sourceKind":"Base"}},{"type":"Feature","geometry":{"type":"Point","coordinates":[131.53808138888888,32.41725311111111]},"properties":{"_markerType":"Icon","_iconUrl":"https://service.gsi.go.jp/kijunten/contents/screen/point/images/Base/TR4.png","_iconSize":[20,20],"name":"上大谷","基準点コード":"TR44831540301","等級種別":"TR4","基準点名":"上大谷","ワンストップ可否":"○","成果状態":"正常","北緯":"32°25′02″.1112","東経":"131°32′17″.0930","標高":"359.63","現況状態":"報告なし","年月日":"00000000","_sourceFile":"20260505_202401_Base.geojson","_sourceKind":"Base"}},{"type":"Feature","geometry":{"type":"Point","coordinates":[131.56751402777778,32.42214802777777]},"properties":{"_markerType":"Icon","_iconUrl":"https://service.gsi.go.jp/kijunten/contents/screen/point/images/Base/TR4.png","_iconSize":[20,20],"name":"坊主ヶ池","基準点コード":"TR44831540501","等級種別":"TR4","基準点名":"坊主ヶ池","ワンストップ可否":"○","成果状態":"正常","北緯":"32°25′19″.7329","東経":"131°34′03″.0505","標高":"252.74","現況状態":"報告なし","年月日":"00000000","_sourceFile":"20260505_202401_Base.geojson","_sourceKind":"Base"}},{"type":"Feature","geometry":{"type":"Point","coordinates":[131.582887,32.423169027777774]},"properties":{"_markerType":"Icon","_iconUrl":"https://service.gsi.go.jp/kijunten/contents/screen/point/images/Base/TR4.png","_iconSize":[20,20],"name":"小原","基準点コード":"TR44831540601","等級種別":"TR4","基準点名":"小原","ワンストップ可否":"○","成果状態":"正常","北緯":"32°25′23″.4085","東経":"131°34′58″.3932","標高":"130.41","現況状態":"報告なし","年月日":"00000000","_sourceFile":"20260505_202401_Base.geojson","_sourceKind":"Base"}},{"type":"Feature","geometry":{"type":"Point","coordinates":[131.5537961388889,32.42692997222222]},"properties":{"_markerType":"Icon","_iconUrl":"https://service.gsi.go.jp/kijunten/contents/screen/point/images/Base/TR4.png","_iconSize":[20,20],"name":"大草","基準点コード":"TR44831541401","等級種別":"TR4","基準点名":"大草","ワンストップ可否":"○","成果状態":"正常","北緯":"32°25′36″.9479","東経":"131°33′13″.6661","標高":"392.85","現況状態":"報告なし","年月日":"00000000","_sourceFile":"20260505_202401_Base.geojson","_sourceKind":"Base"}},{"type":"Feature","geometry":{"type":"Point","coordinates":[131.56710052777777,32.43702686111111]},"properties":{"_markerType":"Icon","_iconUrl":"https://service.gsi.go.jp/kijunten/contents/screen/point/images/Base/TR4.png","_iconSize":[20,20],"name":"下り谷","基準点コード":"TR44831542501","等級種別":"TR4","基準点名":"下り谷","ワンストップ可否":"○","成果状態":"正常","北緯":"32°26′13″.2967","東経":"131°34′01″.5619","標高":"248.84","現況状態":"報告なし","年月日":"00000000","_sourceFile":"20260505_202401_Base.geojson","_sourceKind":"Base"}},{"type":"Feature","geometry":{"type":"Point","coordinates":[131.60288208333333,32.43905866666666]},"properties":{"_markerType":"Icon","_iconUrl":"https://service.gsi.go.jp/kijunten/contents/screen/point/images/Base/TR4.png","_iconSize":[20,20],"name":"西川内","基準点コード":"TR44831542801","等級種別":"TR4","基準点名":"西川内","ワンストップ可否":"○","成果状態":"正常","北緯":"32°26′20″.6112","東経":"131°36′10″.3755","標高":"115.09","現況状態":"正常","年月日":"20091102","_sourceFile":"20260505_202401_Base.geojson","_sourceKind":"Base"}},{"type":"Feature","geometry":{"type":"Point","coordinates":[131.61516925,32.43404247222222]},"properties":{"_markerType":"Icon","_iconUrl":"https://service.gsi.go.jp/kijunten/contents/screen/point/images/Base/TR4.png","_iconSize":[20,20],"name":"本谷","基準点コード":"TR44831542901","等級種別":"TR4","基準点名":"本谷","ワンストップ可否":"○","成果状態":"正常","北緯":"32°26′02″.5529","東経":"131°36′54″.6093","標高":"114.55","現況状態":"正常","年月日":"20050914","_sourceFile":"20260505_202401_Base.geojson","_sourceKind":"Base"}},{"type":"Feature","geometry":{"type":"Point","coordinates":[131.50955666666667,32.44455713888888]},"properties":{"_markerType":"Icon","_iconUrl":"https://service.gsi.go.jp/kijunten/contents/screen/point/images/Base/TR4.png","_iconSize":[20,20],"name":"東上","基準点コード":"TR44831543001","等級種別":"TR4","基準点名":"東上","ワンストップ可否":"○","成果状態":"正常","北緯":"32°26′40″.4057","東経":"131°30′34″.4040","標高":"468.82","現況状態":"報告なし","年月日":"19771003","_sourceFile":"20260505_202401_Base.geojson","_sourceKind":"Base"}},{"type":"Feature","geometry":{"type":"Point","coordinates":[131.5741923611111,32.45207613888889]},"properties":{"_markerType":"Icon","_iconUrl":"https://service.gsi.go.jp/kijunten/contents/screen/point/images/Base/TR4.png","_iconSize":[20,20],"name":"赤木","基準点コード":"TR44831544501","等級種別":"TR4","基準点名":"赤木","ワンストップ可否":"○","成果状態":"正常","北緯":"32°27′07″.4741","東経":"131°34′27″.0925","標高":"333.45","現況状態":"報告なし","年月日":"00000000","_sourceFile":"20260505_202401_Base.geojson","_sourceKind":"Base"}},{"type":"Feature","geometry":{"type":"Point","coordinates":[131.59304819444446,32.455194472222225]},"properties":{"_markerType":"Icon","_iconUrl":"https://service.gsi.go.jp/kijunten/contents/screen/point/images/Base/TR4.png","_iconSize":[20,20],"name":"東山口","基準点コード":"TR44831544701","等級種別":"TR4","基準点名":"東山口","ワンストップ可否":"○","成果状態":"正常","北緯":"32°27′18″.7001","東経":"131°35′34″.9735","標高":"259.95","現況状態":"報告なし","年月日":"00000000","_sourceFile":"20260505_202401_Base.geojson","_sourceKind":"Base"}},{"type":"Feature","geometry":{"type":"Point","coordinates":[131.60822505555555,32.457212222222225]},"properties":{"_markerType":"Icon","_iconUrl":"https://service.gsi.go.jp/kijunten/contents/screen/point/images/Base/TR4.png","_iconSize":[20,20],"name":"下払","基準点コード":"TR44831544801","等級種別":"TR4","基準点名":"下払","ワンストップ可否":"○","成果状態":"正常","北緯":"32°27′25″.9640","東経":"131°36′29″.6102","標高":"163.31","現況状態":"正常","年月日":"20091102","_sourceFile":"20260505_202401_Base.geojson","_sourceKind":"Base"}},{"type":"Feature","geometry":{"type":"Point","coordinates":[131.62932097222222,32.422588805555556]},"properties":{"_markerType":"Icon","_iconUrl":"https://service.gsi.go.jp/kijunten/contents/screen/point/images/Base/TR4.png","_iconSize":[20,20],"name":"原町","基準点コード":"TR44831550001","等級種別":"TR4","基準点名":"原町","ワンストップ可否":"○","成果状態":"正常","北緯":"32°25′21″.3197","東経":"131°37′45″.5555","標高":"5.41","現況状態":"正常","年月日":"20050830","_sourceFile":"20260505_202401_Base.geojson","_sourceKind":"Base"}},{"type":"Feature","geometry":{"type":"Point","coordinates":[131.64532205555554,32.42435338888889]},"properties":{"_markerType":"Icon","_iconUrl":"https://service.gsi.go.jp/kijunten/contents/screen/point/images/Base/TR4.png","_iconSize":[20,20],"name":"曽根","基準点コード":"TR44831550101","等級種別":"TR4","基準点名":"曽根","ワンストップ可否":"○","成果状態":"正常","北緯":"32°25′27″.6722","東経":"131°38′43″.1594","標高":"3.32","現況状態":"正常","年月日":"20110310","_sourceFile":"20260505_202401_Base.geojson","_sourceKind":"Base"}},{"type":"Feature","geometry":{"type":"Point","coordinates":[131.68494072222222,32.42348]},"properties":{"_markerType":"Icon","_iconUrl":"https://service.gsi.go.jp/kijunten/contents/screen/point/images/Base/TR4.png","_iconSize":[20,20],"name":"戒の上","基準点コード":"TR44831550401","等級種別":"TR4","基準点名":"戒の上","ワンストップ可否":"○","成果状態":"正常","北緯":"32°25′24″.5280","東経":"131°41′05″.7866","標高":"102.85","現況状態":"正常","年月日":"20110310","_sourceFile":"20260505_202401_Base.geojson","_sourceKind":"Base"}},{"type":"Feature","geometry":{"type":"Point","coordinates":[131.6355843611111,32.436321416666665]},"properties":{"_markerType":"Icon","_iconUrl":"https://service.gsi.go.jp/kijunten/contents/screen/point/images/Base/TR4.png","_iconSize":[20,20],"name":"亀崎","基準点コード":"TR44831552001","等級種別":"TR4","基準点名":"亀崎","ワンストップ可否":"○","成果状態":"正常","北緯":"32°26′10″.7571","東経":"131°38′08″.1037","標高":"19.34","現況状態":"正常","年月日":"20050829","_sourceFile":"20260505_202401_Base.geojson","_sourceKind":"Base"}},{"type":"Feature","geometry":{"type":"Point","coordinates":[131.65803725,32.433551666666666]},"properties":{"_markerType":"Icon","_iconUrl":"https://service.gsi.go.jp/kijunten/contents/screen/point/images/Base/TR4.png","_iconSize":[20,20],"name":"幡浦","基準点コード":"TR44831552201","等級種別":"TR4","基準点名":"幡浦","ワンストップ可否":"○","成果状態":"正常","北緯":"32°26′00″.7860","東経":"131°39′28″.9341","標高":"108.25","現況状態":"正常","年月日":"20050913","_sourceFile":"20260505_202401_Base.geojson","_sourceKind":"Base"}},{"type":"Feature","geometry":{"type":"Point","coordinates":[131.6364842222222,32.44636461111111]},"properties":{"_markerType":"Icon","_iconUrl":"https://service.gsi.go.jp/kijunten/contents/screen/point/images/Base/TR4.png","_iconSize":[20,20],"name":"新田","基準点コード":"TR44831553001","等級種別":"TR4","基準点名":"新田","ワンストップ可否":"○","成果状態":"正常","北緯":"32°26′46″.9126","東経":"131°38′11″.3432","標高":"71.13","現況状態":"正常","年月日":"20050913","_sourceFile":"20260505_202401_Base.geojson","_sourceKind":"Base"}},{"type":"Feature","geometry":{"type":"Point","coordinates":[131.6645648888889,32.448251361111105]},"properties":{"_markerType":"Icon","_iconUrl":"https://service.gsi.go.jp/kijunten/contents/screen/point/images/Base/TR4.png","_iconSize":[20,20],"name":"竹島","基準点コード":"TR44831553301","等級種別":"TR4","基準点名":"竹島","ワンストップ可否":"○","成果状態":"正常","北緯":"32°26′53″.7049","東経":"131°39′52″.4336","標高":"6.29","現況状態":"正常","年月日":"20110729","_sourceFile":"20260505_202401_Base.geojson","_sourceKind":"Base"}},{"type":"Feature","geometry":{"type":"Point","coordinates":[131.4632073611111,32.56064713888889]},"properties":{"_markerType":"Icon","_iconUrl":"https://service.gsi.go.jp/kijunten/contents/screen/point/images/Base/TR1.png","_iconSize":[20,20],"name":"速日岳","基準点コード":"TR14831637701","等級種別":"TR1","基準点名":"速日岳","ワンストップ可否":"○","成果状態":"正常","北緯":"32°33′38″.3297","東経":"131°27′47″.5465","標高":"867.96","現況状態":"正常","年月日":"20010724","_sourceFile":"20260505_202421_Base.geojson","_sourceKind":"Base"}},{"type":"Feature","geometry":{"type":"Point","coordinates":[131.51310230555555,32.7377145]},"properties":{"_markerType":"Icon","_iconUrl":"https://service.gsi.go.jp/kijunten/contents/screen/point/images/Base/TR1.png","_iconSize":[20,20],"name":"祝子川山","基準点コード":"TR14931048101","等級種別":"TR1","基準点名":"祝子川山","ワンストップ可否":"○","成果状態":"正常","北緯":"32°44′15″.7722","東経":"131°30′47″.1683","標高":"1643.27","現況状態":"正常","年月日":"20100508","_sourceFile":"20260505_202421_Base.geojson","_sourceKind":"Base"}},{"type":"Feature","geometry":{"type":"Point","coordinates":[131.75747711111111,32.70066138888889]},"properties":{"_markerType":"Icon","_iconUrl":"https://service.gsi.go.jp/kijunten/contents/screen/point/images/Base/TR1.png","_iconSize":[20,20],"name":"鏡山","基準点コード":"TR14931064003","等級種別":"TR1","基準点名":"鏡山","ワンストップ可否":"○","成果状態":"正常","北緯":"32°42′02″.3810","東経":"131°45′26″.9176","標高":"645.28","現況状態":"正常","年月日":"20060324","_sourceFile":"20260505_202421_Base.geojson","_sourceKind":"Base"}},{"type":"Feature","geometry":{"type":"Point","coordinates":[131.56490358333335,32.54404133333333]},"properties":{"_markerType":"Icon","_iconUrl":"https://service.gsi.go.jp/kijunten/contents/screen/point/images/Base/TR2.png","_iconSize":[20,20],"name":"烏帽子岳","基準点コード":"TR24831645501","等級種別":"TR2","基準点名":"烏帽子岳","ワンストップ可否":"○","成果状態":"正常","北緯":"32°32′38″.5488","東経":"131°33′53″.6529","標高":"362.15","現況状態":"報告なし","年月日":"19900914","_sourceFile":"20260505_202421_Base.geojson","_sourceKind":"Base"}},{"type":"Feature","geometry":{"type":"Point","coordinates":[131.66438647222222,32.55853877777778]},"properties":{"_markerType":"Icon","_iconUrl":"https://service.gsi.go.jp/kijunten/contents/screen/point/images/Base/TR2.png","_iconSize":[20,20],"name":"愛宕山","基準点コード":"TR24831657301","等級種別":"TR2","基準点名":"愛宕山","ワンストップ可否":"○","成果状態":"正常","北緯":"32°33′30″.7396","東経":"131°39′51″.7913","標高":"251.25","現況状態":"正常","年月日":"20050714","_sourceFile":"20260505_202421_Base.geojson","_sourceKind":"Base"}},{"type":"Feature","geometry":{"type":"Point","coordinates":[131.50365913888888,32.61694777777778]},"properties":{"_markerType":"Icon","_iconUrl":"https://service.gsi.go.jp/kijunten/contents/screen/point/images/Base/TR2.png","_iconSize":[20,20],"name":"横尾","基準点コード":"TR24831744001","等級種別":"TR2","基準点名":"横尾","ワンストップ可否":"○","成果状態":"正常","北緯":"32°37′01″.0120","東経":"131°30′13″.1729","標高":"630.84","現況状態":"正常","年月日":"20090701","_sourceFile":"20260505_202421_Base.geojson","_sourceKind":"Base"}},{"type":"Feature","geometry":{"type":"Point","coordinates":[131.5722715,32.62593536111111]},"properties":{"_markerType":"Icon","_iconUrl":"https://service.gsi.go.jp/kijunten/contents/screen/point/images/Base/TR2.png","_iconSize":[20,20],"name":"行騰山","基準点コード":"TR24831745501","等級種別":"TR2","基準点名":"行騰山","ワンストップ可否":"○","成果状態":"正常","北緯":"32°37′33″.3673","東経":"131°34′20″.1774","標高":"829.89","現況状態":"報告なし","年月日":"19910110","_sourceFile":"20260505_202421_Base.geojson","_sourceKind":"Base"}},{"type":"Feature","geometry":{"type":"Point","coordinates":[131.72322355555556,32.62849580555556]},"properties":{"_markerType":"Icon","_iconUrl":"https://service.gsi.go.jp/kijunten/contents/screen/point/images/Base/TR2.png","_iconSize":[20,20],"name":"川島","基準点コード":"TR24831755701","等級種別":"TR2","基準点名":"川島","ワンストップ可否":"○","成果状態":"正常","北緯":"32°37′42″.5849","東経":"131°43′23″.6048","標高":"290.10","現況状態":"報告なし","年月日":"19941031","_sourceFile":"20260505_202421_Base.geojson","_sourceKind":"Base"}},{"type":"Feature","geometry":{"type":"Point","coordinates":[131.65601480555557,32.65613083333333]},"properties":{"_markerType":"Icon","_iconUrl":"https://service.gsi.go.jp/kijunten/contents/screen/point/images/Base/TR2.png","_iconSize":[20,20],"name":"可愛山","基準点コード":"TR24831758201","等級種別":"TR2","基準点名":"可愛山","ワンストップ可否":"○","成果状態":"正常","北緯":"32°39′22″.0710","東経":"131°39′21″.6533","標高":"727.73","現況状態":"報告なし","年月日":"19910110","_sourceFile":"20260505_202421_Base.geojson","_sourceKind":"Base"}},{"type":"Feature","geometry":{"type":"Point","coordinates":[131.82140075,32.665199055555554]},"properties":{"_markerType":"Icon","_iconUrl":"https://service.gsi.go.jp/kijunten/contents/screen/point/images/Base/TR2.png","_iconSize":[20,20],"name":"島野浦","基準点コード":"TR24831769501","等級種別":"TR2","基準点名":"島野浦","ワンストップ可否":"○","成果状態":"正常","北緯":"32°39′54″.7166","東経":"131°49′17″.0427","標高":"185.27","現況状態":"正常","年月日":"20040609","_sourceFile":"20260505_202421_Base.geojson","_sourceKind":"Base"}},{"type":"Feature","geometry":{"type":"Point","coordinates":[131.59914844444447,32.73417419444444]},"properties":{"_markerType":"Icon","_iconUrl":"https://service.gsi.go.jp/kijunten/contents/screen/point/images/Base/TR2.png","_iconSize":[20,20],"name":"黒原峠","基準点コード":"TR24931048701","等級種別":"TR2","基準点名":"黒原峠","ワンストップ可否":"○","成果状態":"正常","北緯":"32°44′03″.0271","東経":"131°35′56″.9344","標高":"880.80","現況状態":"報告なし","年月日":"20011220","_sourceFile":"20260505_202421_Base.geojson","_sourceKind":"Base"}},{"type":"Feature","geometry":{"type":"Point","coordinates":[131.69083647222223,32.70820644444445]},"properties":{"_markerType":"Icon","_iconUrl":"https://service.gsi.go.jp/kijunten/contents/screen/point/images/Base/TR2.png","_iconSize":[20,20],"name":"伊良原","基準点コード":"TR24931054501","等級種別":"TR2","基準点名":"伊良原","ワンストップ可否":"○","成果状態":"正常","北緯":"32°42′29″.5432","東経":"131°41′27″.0113","標高":"429.43","現況状態":"報告なし","年月日":"19910110","_sourceFile":"20260505_202421_Base.geojson","_sourceKind":"Base"}},{"type":"Feature","geometry":{"type":"Point","coordinates":[131.74141902777777,32.753660777777775]},"properties":{"_markerType":"Icon","_iconUrl":"https://service.gsi.go.jp/kijunten/contents/screen/point/images/Base/TR2.png","_iconSize":[20,20],"name":"寺尾山","基準点コード":"TR24931150901","等級種別":"TR2","基準点名":"寺尾山","ワンストップ可否":"○","成果状態":"正常","北緯":"32°45′13″.1788","東経":"131°44′29″.1085","標高":"510.12","現況状態":"報告なし","年月日":"19980830","_sourceFile":"20260505_202421_Base.geojson","_sourceKind":"Base"}},{"type":"Feature","geometry":{"type":"Point","coordinates":[131.74451230555553,32.833081444444446]},"properties":{"_markerType":"Icon","_iconUrl":"https://service.gsi.go.jp/kijunten/contents/screen/point/images/Base/TR2.png","_iconSize":[20,20],"name":"中之嶺","基準点コード":"TR24931159901","等級種別":"TR2","基準点名":"中之嶺","ワンストップ可否":"○","成果状態":"正常","北緯":"32°49′59″.0932","東経":"131°44′40″.2443","標高":"548.53","現況状態":"正常","年月日":"20181215","_sourceFile":"20260505_202421_Base.geojson","_sourceKind":"Base"}},{"type":"Feature","geometry":{"type":"Point","coordinates":[131.44210905555556,32.559177]},"properties":{"_markerType":"Icon","_iconUrl":"https://service.gsi.go.jp/kijunten/contents/screen/point/images/Base/TR3.png","_iconSize":[20,20],"name":"武田ノ内","基準点コード":"TR34831637501","等級種別":"TR3","基準点名":"武田ノ内","ワンストップ可否":"○","成果状態":"正常","北緯":"32°33′33″.0372","東経":"131°26′31″.5926","標高":"877.48","現況状態":"正常","年月日":"20060618","_sourceFile":"20260505_202421_Base.geojson","_sourceKind":"Base"}},{"type":"Feature","geometry":{"type":"Point","coordinates":[131.4729465,32.58315538888889]},"properties":{"_markerType":"Icon","_iconUrl":"https://service.gsi.go.jp/kijunten/contents/screen/point/images/Base/TR3.png","_iconSize":[20,20],"name":"速日","基準点コード":"TR34831639701","等級種別":"TR3","基準点名":"速日","ワンストップ可否":"○","成果状態":"正常","北緯":"32°34′59″.3594","東経":"131°28′22″.6074","標高":"653.21","現況状態":"正常","年月日":"20040630","_sourceFile":"20260505_202421_Base.geojson","_sourceKind":"Base"}},{"type":"Feature","geometry":{"type":"Point","coordinates":[131.6193501388889,32.517568777777775]},"properties":{"_markerType":"Icon","_iconUrl":"https://service.gsi.go.jp/kijunten/contents/screen/point/images/Base/TR3.png","_iconSize":[20,20],"name":"黒原","基準点コード":"TR34831642901","等級種別":"TR3","基準点名":"黒原","ワンストップ可否":"○","成果状態":"正常","北緯":"32°31′03″.2476","東経":"131°37′09″.6605","標高":"351.68","現況状態":"報告なし","年月日":"19730802","_sourceFile":"20260505_202421_Base.geojson","_sourceKind":"Base"}},{"type":"Feature","geometry":{"type":"Point","coordinates":[131.62192658333333,32.538996222222224]},"properties":{"_markerType":"Icon","_iconUrl":"https://service.gsi.go.jp/kijunten/contents/screen/point/images/Base/TR3.png","_iconSize":[20,20],"name":"大谷","基準点コード":"TR34831644901","等級種別":"TR3","基準点名":"大谷","ワンストップ可否":"○","成果状態":"正常","北緯":"32°32′20″.3864","東経":"131°37′18″.9357","標高":"350.45","現況状態":"報告なし","年月日":"00000000","_sourceFile":"20260505_202421_Base.geojson","_sourceKind":"Base"}},{"type":"Feature","geometry":{"type":"Point","coordinates":[131.51303169444444,32.55099091666666]},"properties":{"_markerType":"Icon","_iconUrl":"https://service.gsi.go.jp/kijunten/contents/screen/point/images/Base/TR3.png","_iconSize":[20,20],"name":"古畑","基準点コード":"TR34831646101","等級種別":"TR3","基準点名":"古畑","ワンストップ可否":"○","成果状態":"正常","北緯":"32°33′03″.5673","東経":"131°30′46″.9141","標高":"267.56","現況状態":"報告なし","年月日":"19820628","_sourceFile":"20260505_202421_Base.geojson","_sourceKind":"Base"}},{"type":"Feature","geometry":{"type":"Point","coordinates":[131.6004853611111,32.55801177777777]},"properties":{"_markerType":"Icon","_iconUrl":"https://service.gsi.go.jp/kijunten/contents/screen/point/images/Base/TR3.png","_iconSize":[20,20],"name":"高取山","基準点コード":"TR34831646801","等級種別":"TR3","基準点名":"高取山","ワンストップ可否":"○","成果状態":"正常","北緯":"32°33′28″.8424","東経":"131°36′01″.7473","標高":"264.86","現況状態":"報告なし","年月日":"00000000","_sourceFile":"20260505_202421_Base.geojson","_sourceKind":"Base"}},{"type":"Feature","geometry":{"type":"Point","coordinates":[131.5189793888889,32.57351258333334]},"properties":{"_markerType":"Icon","_iconUrl":"https://service.gsi.go.jp/kijunten/contents/screen/point/images/Base/TR3.png","_iconSize":[20,20],"name":"広篠","基準点コード":"TR34831648101","等級種別":"TR3","基準点名":"広篠","ワンストップ可否":"○","成果状態":"正常","北緯":"32°34′24″.6453","東経":"131°31′08″.3258","標高":"191.97","現況状態":"正常","年月日":"20061021","_sourceFile":"20260505_202421_Base.geojson","_sourceKind":"Base"}},{"type":"Feature","geometry":{"type":"Point","coordinates":[131.5546324166667,32.56893391666667]},"properties":{"_markerType":"Icon","_iconUrl":"https://service.gsi.go.jp/kijunten/contents/screen/point/images/Base/TR3.png","_iconSize":[20,20],"name":"黒仁田","基準点コード":"TR34831648401","等級種別":"TR3","基準点名":"黒仁田","ワンストップ可否":"○","成果状態":"正常","北緯":"32°34′08″.1621","東経":"131°33′16″.6767","標高":"110.17","現況状態":"正常","年月日":"20091106","_sourceFile":"20260505_202421_Base.geojson","_sourceKind":"Base"}},{"type":"Feature","geometry":{"type":"Point","coordinates":[131.59014269444447,32.573559388888896]},"properties":{"_markerType":"Icon","_iconUrl":"https://service.gsi.go.jp/kijunten/contents/screen/point/images/Base/TR3.png","_iconSize":[20,20],"name":"赤水越","基準点コード":"TR34831648701","等級種別":"TR3","基準点名":"赤水越","ワンストップ可否":"○","成果状態":"正常","北緯":"32°34′24″.8138","東経":"131°35′24″.5137","標高":"102.64","現況状態":"正常","年月日":"20091106","_sourceFile":"20260505_202421_Base.geojson","_sourceKind":"Base"}},{"type":"Feature","geometry":{"type":"Point","coordinates":[131.66386072222224,32.51573972222222]},"properties":{"_markerType":"Icon","_iconUrl":"https://service.gsi.go.jp/kijunten/contents/screen/point/images/Base/TR3.png","_iconSize":[20,20],"name":"畑ケ田","基準点コード":"TR34831651301","等級種別":"TR3","基準点名":"畑ケ田","ワンストップ可否":"○","成果状態":"正常","北緯":"32°30′56″.6630","東経":"131°39′49″.8986","標高":"220.26","現況状態":"正常","年月日":"20050930","_sourceFile":"20260505_202421_Base.geojson","_sourceKind":"Base"}},{"type":"Feature","geometry":{"type":"Point","coordinates":[131.70558527777777,32.50905980555556]},"properties":{"_markerType":"Icon","_iconUrl":"https://service.gsi.go.jp/kijunten/contents/screen/point/images/Base/TR3.png","_iconSize":[20,20],"name":"赤水","基準点コード":"TR34831651601","等級種別":"TR3","基準点名":"赤水","ワンストップ可否":"○","成果状態":"正常","北緯":"32°30′32″.6153","東経":"131°42′20″.1070","標高":"222.98","現況状態":"正常","年月日":"20050930","_sourceFile":"20260505_202421_Base.geojson","_sourceKind":"Base"}},{"type":"Feature","geometry":{"type":"Point","coordinates":[131.64617391666667,32.53955580555555]},"properties":{"_markerType":"Icon","_iconUrl":"https://service.gsi.go.jp/kijunten/contents/screen/point/images/Base/TR3.png","_iconSize":[20,20],"name":"阿部ケ内","基準点コード":"TR34831654101","等級種別":"TR3","基準点名":"阿部ケ内","ワンストップ可否":"○","成果状態":"正常","北緯":"32°32′22″.4009","東経":"131°38′46″.2261","標高":"162.06","現況状態":"正常","年月日":"20091106","_sourceFile":"20260505_202421_Base.geojson","_sourceKind":"Base"}},{"type":"Feature","geometry":{"type":"Point","coordinates":[131.67719719444443,32.536190749999996]},"properties":{"_markerType":"Icon","_iconUrl":"https://service.gsi.go.jp/kijunten/contents/screen/point/images/Base/TR3.png","_iconSize":[20,20],"name":"港山","基準点コード":"TR34831654401","等級種別":"TR3","基準点名":"港山","ワンストップ可否":"○","成果状態":"正常","北緯":"32°32′10″.2867","東経":"131°40′37″.9099","標高":"51.30","現況状態":"正常","年月日":"20081105","_sourceFile":"20260505_202421_Base.geojson","_sourceKind":"Base"}},{"type":"Feature","geometry":{"type":"Point","coordinates":[131.6930303611111,32.57264552777778]},"properties":{"_markerType":"Icon","_iconUrl":"https://service.gsi.go.jp/kijunten/contents/screen/point/images/Base/TR3.png","_iconSize":[20,20],"name":"浜ノ輪","基準点コード":"TR34831658501","等級種別":"TR3","基準点名":"浜ノ輪","ワンストップ可否":"○","成果状態":"正常","北緯":"32°34′21″.5239","東経":"131°41′34″.9093","標高":"2.67","現況状態":"正常","年月日":"20050928","_sourceFile":"20260505_202421_Base.geojson","_sourceKind":"Base"}},{"type":"Feature","geometry":{"type":"Point","coordinates":[131.63319722222224,32.57740675]},"properties":{"_markerType":"Icon","_iconUrl":"https://service.gsi.go.jp/kijunten/contents/screen/point/images/Base/TR3.png","_iconSize":[20,20],"name":"井ノ迫","基準点コード":"TR34831659001","等級種別":"TR3","基準点名":"井ノ迫","ワンストップ可否":"○","成果状態":"正常","北緯":"32°34′38″.6643","東経":"131°37′59″.5100","標高":"16.89","現況状態":"正常","年月日":"20080116","_sourceFile":"20260505_202421_Base.geojson","_sourceKind":"Base"}},{"type":"Feature","geometry":{"type":"Point","coordinates":[131.66296583333335,32.58045516666667]},"properties":{"_markerType":"Icon","_iconUrl":"https://service.gsi.go.jp/kijunten/contents/screen/point/images/Base/TR3.png","_iconSize":[20,20],"name":"城山","基準点コード":"TR34831659301","等級種別":"TR3","基準点名":"城山","ワンストップ可否":"○","成果状態":"正常","北緯":"32°34′49″.6386","東経":"131°39′46″.6770","標高":"53.40","現況状態":"正常","年月日":"20050929","_sourceFile":"20260505_202421_Base.geojson","_sourceKind":"Base"}},{"type":"Feature","geometry":{"type":"Point","coordinates":[131.44959938888888,32.59645430555556]},"properties":{"_markerType":"Icon","_iconUrl":"https://service.gsi.go.jp/kijunten/contents/screen/point/images/Base/TR3.png","_iconSize":[20,20],"name":"滝下","基準点コード":"TR34831731501","等級種別":"TR3","基準点名":"滝下","ワンストップ可否":"○","成果状態":"正常","北緯":"32°35′47″.2355","東経":"131°26′58″.5578","標高":"518.00","現況状態":"正常","年月日":"20040630","_sourceFile":"20260505_202421_Base.geojson","_sourceKind":"Base"}},{"type":"Feature","geometry":{"type":"Point","coordinates":[131.4719692777778,32.625928555555554]},"properties":{"_markerType":"Icon","_iconUrl":"https://service.gsi.go.jp/kijunten/contents/screen/point/images/Base/TR3.png","_iconSize":[20,20],"name":"日平山","基準点コード":"TR34831735701","等級種別":"TR3","基準点名":"日平山","ワンストップ可否":"○","成果状態":"正常","北緯":"32°37′33″.3428","東経":"131°28′19″.0894","標高":"548.15","現況状態":"正常","年月日":"20100826","_sourceFile":"20260505_202421_Base.geojson","_sourceKind":"Base"}},{"type":"Feature","geometry":{"type":"Point","coordinates":[131.49462166666666,32.64680091666666]},"properties":{"_markerType":"Icon","_iconUrl":"https://service.gsi.go.jp/kijunten/contents/screen/point/images/Base/TR3.png","_iconSize":[20,20],"name":"犬返山","基準点コード":"TR34831737901","等級種別":"TR3","基準点名":"犬返山","ワンストップ可否":"○","成果状態":"正常","北緯":"32°38′48″.4833","東経":"131°29′40″.6380","標高":"859.90","現況状態":"正常","年月日":"20081016","_sourceFile":"20260505_202421_Base.geojson","_sourceKind":"Base"}},{"type":"Feature","geometry":{"type":"Point","coordinates":[131.4621359722222,32.65218788888889]},"properties":{"_markerType":"Icon","_iconUrl":"https://service.gsi.go.jp/kijunten/contents/screen/point/images/Base/TR3.png","_iconSize":[20,20],"name":"稗ノ山","基準点コード":"TR34831738601","等級種別":"TR3","基準点名":"稗ノ山","ワンストップ可否":"○","成果状態":"正常","北緯":"32°39′07″.8764","東経":"131°27′43″.6895","標高":"918.00","現況状態":"正常","年月日":"20081016","_sourceFile":"20260505_202421_Base.geojson","_sourceKind":"Base"}},{"type":"Feature","geometry":{"type":"Point","coordinates":[131.55181405555555,32.59248758333334]},"properties":{"_markerType":"Icon","_iconUrl":"https://service.gsi.go.jp/kijunten/contents/screen/point/images/Base/TR3.png","_iconSize":[20,20],"name":"霧子山","基準点コード":"TR34831741401","等級種別":"TR3","基準点名":"霧子山","ワンストップ可否":"○","成果状態":"正常","北緯":"32°35′32″.9553","東経":"131°33′06″.5306","標高":"460.52","現況状態":"報告なし","年月日":"19900910","_sourceFile":"20260505_202421_Base.geojson","_sourceKind":"Base"}},{"type":"Feature","geometry":{"type":"Point","coordinates":[131.6075375,32.60016963888889]},"properties":{"_markerType":"Icon","_iconUrl":"https://service.gsi.go.jp/kijunten/contents/screen/point/images/Base/TR3.png","_iconSize":[20,20],"name":"高鳥","基準点コード":"TR34831742801","等級種別":"TR3","基準点名":"高鳥","ワンストップ可否":"○","成果状態":"正常","北緯":"32°36′00″.6107","東経":"131°36′27″.1350","標高":"386.12","現況状態":"報告なし","年月日":"00000000","_sourceFile":"20260505_202421_Base.geojson","_sourceKind":"Base"}},{"type":"Feature","geometry":{"type":"Point","coordinates":[131.52937058333336,32.619702333333336]},"properties":{"_markerType":"Icon","_iconUrl":"https://service.gsi.go.jp/kijunten/contents/screen/point/images/Base/TR3.png","_iconSize":[20,20],"name":"屋形原","基準点コード":"TR34831744201","等級種別":"TR3","基準点名":"屋形原","ワンストップ可否":"○","成果状態":"正常","北緯":"32°37′10″.9284","東経":"131°31′45″.7341","標高":"399.72","現況状態":"正常","年月日":"20081016","_sourceFile":"20260505_202421_Base.geojson","_sourceKind":"Base"}},{"type":"Feature","geometry":{"type":"Point","coordinates":[131.61586869444443,32.625952194444444]},"properties":{"_markerType":"Icon","_iconUrl":"https://service.gsi.go.jp/kijunten/contents/screen/point/images/Base/TR3.png","_iconSize":[20,20],"name":"小野","基準点コード":"TR34831745901","等級種別":"TR3","基準点名":"小野","ワンストップ可否":"○","成果状態":"正常","北緯":"32°37′33″.4279","東経":"131°36′57″.1273","標高":"248.57","現況状態":"報告なし","年月日":"00000000","_sourceFile":"20260505_202421_Base.geojson","_sourceKind":"Base"}},{"type":"Feature","geometry":{"type":"Point","coordinates":[131.53730922222223,32.640805638888885]},"properties":{"_markerType":"Icon","_iconUrl":"https://service.gsi.go.jp/kijunten/contents/screen/point/images/Base/TR3.png","_iconSize":[20,20],"name":"四倉","基準点コード":"TR34831746201","等級種別":"TR3","基準点名":"四倉","ワンストップ可否":"○","成果状態":"正常","北緯":"32°38′26″.9003","東経":"131°32′14″.3132","標高":"527.74","現況状態":"正常","年月日":"20081016","_sourceFile":"20260505_202421_Base.geojson","_sourceKind":"Base"}},{"type":"Feature","geometry":{"type":"Point","coordinates":[131.58288438888889,32.65075625]},"properties":{"_markerType":"Icon","_iconUrl":"https://service.gsi.go.jp/kijunten/contents/screen/point/images/Base/TR3.png","_iconSize":[20,20],"name":"猪ノ内","基準点コード":"TR34831748601","等級種別":"TR3","基準点名":"猪ノ内","ワンストップ可否":"○","成果状態":"正常","北緯":"32°39′02″.7225","東経":"131°34′58″.3838","標高":"656.76","現況状態":"報告なし","年月日":"00000000","_sourceFile":"20260505_202421_Base.geojson","_sourceKind":"Base"}},{"type":"Feature","geometry":{"type":"Point","coordinates":[131.60102463888887,32.65560825]},"properties":{"_markerType":"Icon","_iconUrl":"https://service.gsi.go.jp/kijunten/contents/screen/point/images/Base/TR3.png","_iconSize":[20,20],"name":"小爪石","基準点コード":"TR34831748801","等級種別":"TR3","基準点名":"小爪石","ワンストップ可否":"○","成果状態":"正常","北緯":"32°39′20″.1897","東経":"131°36′03″.6887","標高":"599.23","現況状態":"報告なし","年月日":"00000000","_sourceFile":"20260505_202421_Base.geojson","_sourceKind":"Base"}},{"type":"Feature","geometry":{"type":"Point","coordinates":[131.72401961111112,32.593660222222226]},"properties":{"_markerType":"Icon","_iconUrl":"https://service.gsi.go.jp/kijunten/contents/screen/point/images/Base/TR3.png","_iconSize":[20,20],"name":"東海山","基準点コード":"TR34831751701","等級種別":"TR3","基準点名":"東海山","ワンストップ可否":"○","成果状態":"正常","北緯":"32°35′37″.1768","東経":"131°43′26″.4706","標高":"258.48","現況状態":"報告なし","年月日":"00000000","_sourceFile":"20260505_202421_Base.geojson","_sourceKind":"Base"}},{"type":"Feature","geometry":{"type":"Point","coordinates":[131.6481318611111,32.61404152777778]},"properties":{"_markerType":"Icon","_iconUrl":"https://service.gsi.go.jp/kijunten/contents/screen/point/images/Base/TR3.png","_iconSize":[20,20],"name":"尾久保","基準点コード":"TR34831753101","等級種別":"TR3","基準点名":"尾久保","ワンストップ可否":"○","成果状態":"正常","北緯":"32°36′50″.5495","東経":"131°38′53″.2747","標高":"321.19","現況状態":"正常","年月日":"20050228","_sourceFile":"20260505_202421_Base.geojson","_sourceKind":"Base"}},{"type":"Feature","geometry":{"type":"Point","coordinates":[131.68589630555556,32.61358941666667]},"properties":{"_markerType":"Icon","_iconUrl":"https://service.gsi.go.jp/kijunten/contents/screen/point/images/Base/TR3.png","_iconSize":[20,20],"name":"妙見山","基準点コード":"TR34831753401","等級種別":"TR3","基準点名":"妙見山","ワンストップ可否":"○","成果状態":"正常","北緯":"32°36′48″.9219","東経":"131°41′09″.2267","標高":"91.77","現況状態":"正常","年月日":"20071221","_sourceFile":"20260505_202421_Base.geojson","_sourceKind":"Base"}},{"type":"Feature","geometry":{"type":"Point","coordinates":[131.67545869444444,32.64073477777778]},"properties":{"_markerType":"Icon","_iconUrl":"https://service.gsi.go.jp/kijunten/contents/screen/point/images/Base/TR3.png","_iconSize":[20,20],"name":"小橋山","基準点コード":"TR34831756401","等級種別":"TR3","基準点名":"小橋山","ワンストップ可否":"○","成果状態":"正常","北緯":"32°38′26″.6452","東経":"131°40′31″.6513","標高":"297.66","現況状態":"正常","年月日":"20091106","_sourceFile":"20260505_202421_Base.geojson","_sourceKind":"Base"}},{"type":"Feature","geometry":{"type":"Point","coordinates":[131.63110591666668,32.64490130555556]},"properties":{"_markerType":"Icon","_iconUrl":"https://service.gsi.go.jp/kijunten/contents/screen/point/images/Base/TR3.png","_iconSize":[20,20],"name":"葛ヶ内","基準点コード":"TR34831757001","等級種別":"TR3","基準点名":"葛ヶ内","ワンストップ可否":"○","成果状態":"正常","北緯":"32°38′41″.6447","東経":"131°37′51″.9813","標高":"465.88","現況状態":"報告なし","年月日":"00000000","_sourceFile":"20260505_202421_Base.geojson","_sourceKind":"Base"}},{"type":"Feature","geometry":{"type":"Point","coordinates":[131.7285865,32.65310177777778]},"properties":{"_markerType":"Icon","_iconUrl":"https://service.gsi.go.jp/kijunten/contents/screen/point/images/Base/TR3.png","_iconSize":[20,20],"name":"野鶴","基準点コード":"TR34831758801","等級種別":"TR3","基準点名":"野鶴","ワンストップ可否":"○","成果状態":"正常","北緯":"32°39′11″.1664","東経":"131°43′42″.9114","標高":"194.15","現況状態":"正常","年月日":"20031031","_sourceFile":"20260505_202421_Base.geojson","_sourceKind":"Base"}},{"type":"Feature","geometry":{"type":"Point","coordinates":[131.70457577777776,32.664521083333334]},"properties":{"_markerType":"Icon","_iconUrl":"https://service.gsi.go.jp/kijunten/contents/screen/point/images/Base/TR3.png","_iconSize":[20,20],"name":"上迫","基準点コード":"TR34831759601","等級種別":"TR3","基準点名":"上迫","ワンストップ可否":"○","成果状態":"正常","北緯":"32°39′52″.2759","東経":"131°42′16″.4728","標高":"75.22","現況状態":"正常","年月日":"20030613","_sourceFile":"20260505_202421_Base.geojson","_sourceKind":"Base"}},{"type":"Feature","geometry":{"type":"Point","coordinates":[131.77196825000001,32.639198]},"properties":{"_markerType":"Icon","_iconUrl":"https://service.gsi.go.jp/kijunten/contents/screen/point/images/Base/TR3.png","_iconSize":[20,20],"name":"鉱山","基準点コード":"TR34831766101","等級種別":"TR3","基準点名":"鉱山","ワンストップ可否":"○","成果状態":"正常","北緯":"32°38′21″.1128","東経":"131°46′19″.0857","標高":"167.24","現況状態":"報告なし","年月日":"00000000","_sourceFile":"20260505_202421_Base.geojson","_sourceKind":"Base"}},{"type":"Feature","geometry":{"type":"Point","coordinates":[131.78810266666667,32.66528638888889]},"properties":{"_markerType":"Icon","_iconUrl":"https://service.gsi.go.jp/kijunten/contents/screen/point/images/Base/TR3.png","_iconSize":[20,20],"name":"外浜","基準点コード":"TR34831769301","等級種別":"TR3","基準点名":"外浜","ワンストップ可否":"○","成果状態":"正常","北緯":"32°39′55″.0310","東経":"131°47′17″.1696","標高":"157.80","現況状態":"報告なし","年月日":"00000000","_sourceFile":"20260505_202421_Base.geojson","_sourceKind":"Base"}},{"type":"Feature","geometry":{"type":"Point","coordinates":[131.47218419444445,32.684614527777775]},"properties":{"_markerType":"Icon","_iconUrl":"https://service.gsi.go.jp/kijunten/contents/screen/point/images/Base/TR3.png","_iconSize":[20,20],"name":"天塔野","基準点コード":"TR34931032701","等級種別":"TR3","基準点名":"天塔野","ワンストップ可否":"○","成果状態":"正常","北緯":"32°41′04″.6123","東経":"131°28′19″.8631","標高":"1191.45","現況状態":"正常","年月日":"20031031","_sourceFile":"20260505_202421_Base.geojson","_sourceKind":"Base"}},{"type":"Feature","geometry":{"type":"Point","coordinates":[131.4947853888889,32.688584138888885]},"properties":{"_markerType":"Icon","_iconUrl":"https://service.gsi.go.jp/kijunten/contents/screen/point/images/Base/TR3.png","_iconSize":[20,20],"name":"中ノ薮","基準点コード":"TR34931032901","等級種別":"TR3","基準点名":"中ノ薮","ワンストップ可否":"○","成果状態":"正常","北緯":"32°41′18″.9029","東経":"131°29′41″.2274","標高":"1420.28","現況状態":"報告なし","年月日":"00000000","_sourceFile":"20260505_202421_Base.geojson","_sourceKind":"Base"}},{"type":"Feature","geometry":{"type":"Point","coordinates":[131.49434858333333,32.72533547222223]},"properties":{"_markerType":"Icon","_iconUrl":"https://service.gsi.go.jp/kijunten/contents/screen/point/images/Base/TR3.png","_iconSize":[20,20],"name":"地蔵岳","基準点コード":"TR34931037901","等級種別":"TR3","基準点名":"地蔵岳","ワンストップ可否":"○","成果状態":"正常","北緯":"32°43′31″.2077","東経":"131°29′39″.6549","標高":"1388.04","現況状態":"正常","年月日":"20031031","_sourceFile":"20260505_202421_Base.geojson","_sourceKind":"Base"}},{"type":"Feature","geometry":{"type":"Point","coordinates":[131.50253691666666,32.6721785]},"properties":{"_markerType":"Icon","_iconUrl":"https://service.gsi.go.jp/kijunten/contents/screen/point/images/Base/TR3.png","_iconSize":[20,20],"name":"杉ノ内","基準点コード":"TR34931040001","等級種別":"TR3","基準点名":"杉ノ内","ワンストップ可否":"○","成果状態":"正常","北緯":"32°40′19″.8426","東経":"131°30′09″.1329","標高":"1052.53","現況状態":"報告なし","年月日":"00000000","_sourceFile":"20260505_202421_Base.geojson","_sourceKind":"Base"}},{"type":"Feature","geometry":{"type":"Point","coordinates":[131.52918916666667,32.67269377777777]},"properties":{"_markerType":"Icon","_iconUrl":"https://service.gsi.go.jp/kijunten/contents/screen/point/images/Base/TR3.png","_iconSize":[20,20],"name":"黒岩","基準点コード":"TR34931040201","等級種別":"TR3","基準点名":"黒岩","ワンストップ可否":"○","成果状態":"正常","北緯":"32°40′21″.6976","東経":"131°31′45″.0810","標高":"1070.33","現況状態":"報告なし","年月日":"00000000","_sourceFile":"20260505_202421_Base.geojson","_sourceKind":"Base"}},{"type":"Feature","geometry":{"type":"Point","coordinates":[131.56565033333334,32.67647588888889]},"properties":{"_markerType":"Icon","_iconUrl":"https://service.gsi.go.jp/kijunten/contents/screen/point/images/Base/TR3.png","_iconSize":[20,20],"name":"吉ノ尻","基準点コード":"TR34931041501","等級種別":"TR3","基準点名":"吉ノ尻","ワンストップ可否":"○","成果状態":"正常","北緯":"32°40′35″.3132","東経":"131°33′56″.3412","標高":"1026.52","現況状態":"報告なし","年月日":"00000000","_sourceFile":"20260505_202421_Base.geojson","_sourceKind":"Base"}},{"type":"Feature","geometry":{"type":"Point","coordinates":[131.5221136388889,32.689132361111106]},"properties":{"_markerType":"Icon","_iconUrl":"https://service.gsi.go.jp/kijunten/contents/screen/point/images/Base/TR3.png","_iconSize":[20,20],"name":"国見山","基準点コード":"TR34931042101","等級種別":"TR3","基準点名":"国見山","ワンストップ可否":"○","成果状態":"正常","北緯":"32°41′20″.8765","東経":"131°31′19″.6091","標高":"1391.46","現況状態":"報告なし","年月日":"19901020","_sourceFile":"20260505_202421_Base.geojson","_sourceKind":"Base"}},{"type":"Feature","geometry":{"type":"Point","coordinates":[131.5951796388889,32.68890372222222]},"properties":{"_markerType":"Icon","_iconUrl":"https://service.gsi.go.jp/kijunten/contents/screen/point/images/Base/TR3.png","_iconSize":[20,20],"name":"宮ケ谷","基準点コード":"TR34931042701","等級種別":"TR3","基準点名":"宮ケ谷","ワンストップ可否":"○","成果状態":"正常","北緯":"32°41′20″.0534","東経":"131°35′42″.6467","標高":"793.37","現況状態":"正常","年月日":"20031031","_sourceFile":"20260505_202421_Base.geojson","_sourceKind":"Base"}},{"type":"Feature","geometry":{"type":"Point","coordinates":[131.55782472222222,32.69429805555555]},"properties":{"_markerType":"Icon","_iconUrl":"https://service.gsi.go.jp/kijunten/contents/screen/point/images/Base/TR3.png","_iconSize":[20,20],"name":"檜山","基準点コード":"TR34931043401","等級種別":"TR3","基準点名":"檜山","ワンストップ可否":"○","成果状態":"正常","北緯":"32°41′39″.4730","東経":"131°33′28″.1690","標高":"1244.82","現況状態":"報告なし","年月日":"00000000","_sourceFile":"20260505_202421_Base.geojson","_sourceKind":"Base"}},{"type":"Feature","geometry":{"type":"Point","coordinates":[131.52845319444447,32.702574250000005]},"properties":{"_markerType":"Icon","_iconUrl":"https://service.gsi.go.jp/kijunten/contents/screen/point/images/Base/TR3.png","_iconSize":[20,20],"name":"鬼目","基準点コード":"TR34931044201","等級種別":"TR3","基準点名":"鬼目","ワンストップ可否":"○","成果状態":"正常","北緯":"32°42′09″.2673","東経":"131°31′42″.4315","標高":"1490.97","現況状態":"正常","年月日":"20031031","_sourceFile":"20260505_202421_Base.geojson","_sourceKind":"Base"}},{"type":"Feature","geometry":{"type":"Point","coordinates":[131.57933394444444,32.72049308333334]},"properties":{"_markerType":"Icon","_iconUrl":"https://service.gsi.go.jp/kijunten/contents/screen/point/images/Base/TR3.png","_iconSize":[20,20],"name":"下祝子","基準点コード":"TR34931046601","等級種別":"TR3","基準点名":"下祝子","ワンストップ可否":"○","成果状態":"正常","北緯":"32°43′13″.7751","東経":"131°34′45″.6022","標高":"534.04","現況状態":"正常","年月日":"20031031","_sourceFile":"20260505_202421_Base.geojson","_sourceKind":"Base"}},{"type":"Feature","geometry":{"type":"Point","coordinates":[131.54850183333332,32.735316777777776]},"properties":{"_markerType":"Icon","_iconUrl":"https://service.gsi.go.jp/kijunten/contents/screen/point/images/Base/TR3.png","_iconSize":[20,20],"name":"大野原","基準点コード":"TR34931048301","等級種別":"TR3","基準点名":"大野原","ワンストップ可否":"○","成果状態":"正常","北緯":"32°44′07″.1404","東経":"131°32′54″.6066","標高":"648.38","現況状態":"報告なし","年月日":"00000000","_sourceFile":"20260505_202421_Base.geojson","_sourceKind":"Base"}},{"type":"Feature","geometry":{"type":"Point","coordinates":[131.62904747222223,32.67893986111111]},"properties":{"_markerType":"Icon","_iconUrl":"https://service.gsi.go.jp/kijunten/contents/screen/point/images/Base/TR3.png","_iconSize":[20,20],"name":"和久塚","基準点コード":"TR34931051001","等級種別":"TR3","基準点名":"和久塚","ワンストップ可否":"○","成果状態":"正常","北緯":"32°40′44″.1835","東経":"131°37′44″.5709","標高":"583.89","現況状態":"報告なし","年月日":"00000000","_sourceFile":"20260505_202421_Base.geojson","_sourceKind":"Base"}},{"type":"Feature","geometry":{"type":"Point","coordinates":[131.74989238888887,32.67695083333333]},"properties":{"_markerType":"Icon","_iconUrl":"https://service.gsi.go.jp/kijunten/contents/screen/point/images/Base/TR3.png","_iconSize":[20,20],"name":"松内","基準点コード":"TR34931051902","等級種別":"TR3","基準点名":"松内","ワンストップ可否":"○","成果状態":"正常","北緯":"32°40′37″.0230","東経":"131°44′59″.6126","標高":"266.20","現況状態":"正常","年月日":"20031031","_sourceFile":"20260505_202421_Base.geojson","_sourceKind":"Base"}},{"type":"Feature","geometry":{"type":"Point","coordinates":[131.65067755555557,32.686726111111106]},"properties":{"_markerType":"Icon","_iconUrl":"https://service.gsi.go.jp/kijunten/contents/screen/point/images/Base/TR3.png","_iconSize":[20,20],"name":"青須田","基準点コード":"TR34931052201","等級種別":"TR3","基準点名":"青須田","ワンストップ可否":"○","成果状態":"正常","北緯":"32°41′12″.2140","東経":"131°39′02″.4392","標高":"578.45","現況状態":"報告なし","年月日":"19850624","_sourceFile":"20260505_202421_Base.geojson","_sourceKind":"Base"}},{"type":"Feature","geometry":{"type":"Point","coordinates":[131.68360444444446,32.68534619444444]},"properties":{"_markerType":"Icon","_iconUrl":"https://service.gsi.go.jp/kijunten/contents/screen/point/images/Base/TR3.png","_iconSize":[20,20],"name":"曾立山","基準点コード":"TR34931052401","等級種別":"TR3","基準点名":"曾立山","ワンストップ可否":"○","成果状態":"正常","北緯":"32°41′07″.2463","東経":"131°41′00″.9760","標高":"399.66","現況状態":"正常","年月日":"20031125","_sourceFile":"20260505_202421_Base.geojson","_sourceKind":"Base"}},{"type":"Feature","geometry":{"type":"Point","coordinates":[131.7212370277778,32.6903455]},"properties":{"_markerType":"Icon","_iconUrl":"https://service.gsi.go.jp/kijunten/contents/screen/point/images/Base/TR3.png","_iconSize":[20,20],"name":"西ノ内","基準点コード":"TR34931052701","等級種別":"TR3","基準点名":"西ノ内","ワンストップ可否":"○","成果状態":"正常","北緯":"32°41′25″.2438","東経":"131°43′16″.4533","標高":"323.43","現況状態":"報告なし","年月日":"19941031","_sourceFile":"20260505_202421_Base.geojson","_sourceKind":"Base"}},{"type":"Feature","geometry":{"type":"Point","coordinates":[131.62622469444446,32.70719422222223]},"properties":{"_markerType":"Icon","_iconUrl":"https://service.gsi.go.jp/kijunten/contents/screen/point/images/Base/TR3.png","_iconSize":[20,20],"name":"椎葉","基準点コード":"TR34931054001","等級種別":"TR3","基準点名":"椎葉","ワンストップ可否":"○","成果状態":"正常","北緯":"32°42′25″.8992","東経":"131°37′34″.4089","標高":"570.33","現況状態":"報告なし","年月日":"19850624","_sourceFile":"20260505_202421_Base.geojson","_sourceKind":"Base"}},{"type":"Feature","geometry":{"type":"Point","coordinates":[131.64760130555555,32.72271875]},"properties":{"_markerType":"Icon","_iconUrl":"https://service.gsi.go.jp/kijunten/contents/screen/point/images/Base/TR3.png","_iconSize":[20,20],"name":"八戸","基準点コード":"TR34931056101","等級種別":"TR3","基準点名":"八戸","ワンストップ可否":"○","成果状態":"正常","北緯":"32°43′21″.7875","東経":"131°38′51″.3647","標高":"372.88","現況状態":"正常","年月日":"20031031","_sourceFile":"20260505_202421_Base.geojson","_sourceKind":"Base"}},{"type":"Feature","geometry":{"type":"Point","coordinates":[131.73927516666666,32.71998983333334]},"properties":{"_markerType":"Icon","_iconUrl":"https://service.gsi.go.jp/kijunten/contents/screen/point/images/Base/TR3.png","_iconSize":[20,20],"name":"多良田","基準点コード":"TR34931056901","等級種別":"TR3","基準点名":"多良田","ワンストップ可否":"○","成果状態":"正常","北緯":"32°43′11″.9634","東経":"131°44′21″.3906","標高":"425.81","現況状態":"報告なし","年月日":"19980830","_sourceFile":"20260505_202421_Base.geojson","_sourceKind":"Base"}},{"type":"Feature","geometry":{"type":"Point","coordinates":[131.67884794444444,32.73777202777778]},"properties":{"_markerType":"Icon","_iconUrl":"https://service.gsi.go.jp/kijunten/contents/screen/point/images/Base/TR3.png","_iconSize":[20,20],"name":"玄在","基準点コード":"TR34931058401","等級種別":"TR3","基準点名":"玄在","ワンストップ可否":"○","成果状態":"正常","北緯":"32°44′15″.9793","東経":"131°40′43″.8526","標高":"520.20","現況状態":"正常","年月日":"20031031","_sourceFile":"20260505_202421_Base.geojson","_sourceKind":"Base"}},{"type":"Feature","geometry":{"type":"Point","coordinates":[131.7027683611111,32.733967194444446]},"properties":{"_markerType":"Icon","_iconUrl":"https://service.gsi.go.jp/kijunten/contents/screen/point/images/Base/TR3.png","_iconSize":[20,20],"name":"葛葉","基準点コード":"TR34931058601","等級種別":"TR3","基準点名":"葛葉","ワンストップ可否":"○","成果状態":"正常","北緯":"32°44′02″.2819","東経":"131°42′09″.9661","標高":"446.20","現況状態":"報告なし","年月日":"19850622","_sourceFile":"20260505_202421_Base.geojson","_sourceKind":"Base"}},{"type":"Feature","geometry":{"type":"Point","coordinates":[131.84517530555556,32.681534111111105]},"properties":{"_markerType":"Icon","_iconUrl":"https://service.gsi.go.jp/kijunten/contents/screen/point/images/Base/TR3.png","_iconSize":[20,20],"name":"高島","基準点コード":"TR34931061701","等級種別":"TR3","基準点名":"高島","ワンストップ可否":"○","成果状態":"正常","北緯":"32°40′53″.5228","東経":"131°50′42″.6311","標高":"77.13","現況状態":"報告なし","年月日":"00000000","_sourceFile":"20260505_202421_Base.geojson","_sourceKind":"Base"}},{"type":"Feature","geometry":{"type":"Point","coordinates":[131.79516044444443,32.68385633333333]},"properties":{"_markerType":"Icon","_iconUrl":"https://service.gsi.go.jp/kijunten/contents/screen/point/images/Base/TR3.png","_iconSize":[20,20],"name":"阿蘇","基準点コード":"TR34931062301","等級種別":"TR3","基準点名":"阿蘇","ワンストップ可否":"○","成果状態":"正常","北緯":"32°41′01″.8828","東経":"131°47′42″.5776","標高":"183.44","現況状態":"報告なし","年月日":"00000000","_sourceFile":"20260505_202421_Base.geojson","_sourceKind":"Base"}},{"type":"Feature","geometry":{"type":"Point","coordinates":[131.79817972222222,32.705447944444444]},"properties":{"_markerType":"Icon","_iconUrl":"https://service.gsi.go.jp/kijunten/contents/screen/point/images/Base/TR3.png","_iconSize":[20,20],"name":"森","基準点コード":"TR34931064301","等級種別":"TR3","基準点名":"森","ワンストップ可否":"○","成果状態":"正常","北緯":"32°42′19″.6126","東経":"131°47′53″.4470","標高":"467.53","現況状態":"報告なし","年月日":"19990827","_sourceFile":"20260505_202421_Base.geojson","_sourceKind":"Base"}},{"type":"Feature","geometry":{"type":"Point","coordinates":[131.8436533888889,32.70437347222222]},"properties":{"_markerType":"Icon","_iconUrl":"https://service.gsi.go.jp/kijunten/contents/screen/point/images/Base/TR3.png","_iconSize":[20,20],"name":"畑ヶ平","基準点コード":"TR34931064701","等級種別":"TR3","基準点名":"畑ヶ平","ワンストップ可否":"○","成果状態":"正常","北緯":"32°42′15″.7445","東経":"131°50′37″.1522","標高":"245.13","現況状態":"正常","年月日":"20040806","_sourceFile":"20260505_202421_Base.geojson","_sourceKind":"Base"}},{"type":"Feature","geometry":{"type":"Point","coordinates":[131.78960997222222,32.72843877777778]},"properties":{"_markerType":"Icon","_iconUrl":"https://service.gsi.go.jp/kijunten/contents/screen/point/images/Base/TR3.png","_iconSize":[20,20],"name":"飯塚","基準点コード":"TR34931067301","等級種別":"TR3","基準点名":"飯塚","ワンストップ可否":"○","成果状態":"正常","北緯":"32°43′42″.3796","東経":"131°47′22″.5959","標高":"613.66","現況状態":"報告なし","年月日":"19810910","_sourceFile":"20260505_202421_Base.geojson","_sourceKind":"Base"}},{"type":"Feature","geometry":{"type":"Point","coordinates":[131.76839944444447,32.74015552777778]},"properties":{"_markerType":"Icon","_iconUrl":"https://service.gsi.go.jp/kijunten/contents/screen/point/images/Base/TR3.png","_iconSize":[20,20],"name":"上塚","基準点コード":"TR34931068101","等級種別":"TR3","基準点名":"上塚","ワンストップ可否":"○","成果状態":"正常","北緯":"32°44′24″.5599","東経":"131°46′06″.2380","標高":"616.70","現況状態":"報告なし","年月日":"19980830","_sourceFile":"20260505_202421_Base.geojson","_sourceKind":"Base"}},{"type":"Feature","geometry":{"type":"Point","coordinates":[131.82063127777778,32.734286000000004]},"properties":{"_markerType":"Icon","_iconUrl":"https://service.gsi.go.jp/kijunten/contents/screen/point/images/Base/TR3.png","_iconSize":[20,20],"name":"古江","基準点コード":"TR34931068501","等級種別":"TR3","基準点名":"古江","ワンストップ可否":"○","成果状態":"正常","北緯":"32°44′03″.4296","東経":"131°49′14″.2726","標高":"359.04","現況状態":"正常","年月日":"20111115","_sourceFile":"20260505_202421_Base.geojson","_sourceKind":"Base"}},{"type":"Feature","geometry":{"type":"Point","coordinates":[131.84713491666668,32.735931694444446]},"properties":{"_markerType":"Icon","_iconUrl":"https://service.gsi.go.jp/kijunten/contents/screen/point/images/Base/TR3.png","_iconSize":[20,20],"name":"下直海","基準点コード":"TR34931068701","等級種別":"TR3","基準点名":"下直海","ワンストップ可否":"○","成果状態":"正常","北緯":"32°44′09″.3541","東経":"131°50′49″.6857","標高":"430.89","現況状態":"正常","年月日":"20070630","_sourceFile":"20260505_202421_Base.geojson","_sourceKind":"Base"}},{"type":"Feature","geometry":{"type":"Point","coordinates":[131.48805627777776,32.77132008333333]},"properties":{"_markerType":"Icon","_iconUrl":"https://service.gsi.go.jp/kijunten/contents/screen/point/images/Base/TR3.png","_iconSize":[20,20],"name":"五様岳","基準点コード":"TR34931132901","等級種別":"TR3","基準点名":"五様岳","ワンストップ可否":"○","成果状態":"正常","北緯":"32°46′16″.7523","東経":"131°29′17″.0026","標高":"1569.52","現況状態":"正常","年月日":"20031031","_sourceFile":"20260505_202421_Base.geojson","_sourceKind":"Base"}},{"type":"Feature","geometry":{"type":"Point","coordinates":[131.60744141666666,32.76422211111111]},"properties":{"_markerType":"Icon","_iconUrl":"https://service.gsi.go.jp/kijunten/contents/screen/point/images/Base/TR3.png","_iconSize":[20,20],"name":"藤木山","基準点コード":"TR34931141801","等級種別":"TR3","基準点名":"藤木山","ワンストップ可否":"○","成果状態":"正常","北緯":"32°45′51″.1996","東経":"131°36′26″.7891","標高":"413.41","現況状態":"正常","年月日":"20040630","_sourceFile":"20260505_202421_Base.geojson","_sourceKind":"Base"}},{"type":"Feature","geometry":{"type":"Point","coordinates":[131.71151880555556,32.75685336111111]},"properties":{"_markerType":"Icon","_iconUrl":"https://service.gsi.go.jp/kijunten/contents/screen/point/images/Base/TR3.png","_iconSize":[20,20],"name":"岩窓山","基準点コード":"TR34931150601","等級種別":"TR3","基準点名":"岩窓山","ワンストップ可否":"○","成果状態":"正常","北緯":"32°45′24″.6721","東経":"131°42′41″.4677","標高":"446.74","現況状態":"報告なし","年月日":"19810723","_sourceFile":"20260505_202421_Base.geojson","_sourceKind":"Base"}},{"type":"Feature","geometry":{"type":"Point","coordinates":[131.7297743611111,32.80013561111111]},"properties":{"_markerType":"Icon","_iconUrl":"https://service.gsi.go.jp/kijunten/contents/screen/point/images/Base/TR3.png","_iconSize":[20,20],"name":"椎葉山","基準点コード":"TR34931156801","等級種別":"TR3","基準点名":"椎葉山","ワンストップ可否":"○","成果状態":"正常","北緯":"32°48′00″.4882","東経":"131°43′47″.1877","標高":"459.74","現況状態":"正常","年月日":"20031215","_sourceFile":"20260505_202421_Base.geojson","_sourceKind":"Base"}},{"type":"Feature","geometry":{"type":"Point","coordinates":[131.8167186388889,32.76033341666667]},"properties":{"_markerType":"Icon","_iconUrl":"https://service.gsi.go.jp/kijunten/contents/screen/point/images/Base/TR3.png","_iconSize":[20,20],"name":"中河原","基準点コード":"TR34931161501","等級種別":"TR3","基準点名":"中河原","ワンストップ可否":"○","成果状態":"正常","北緯":"32°45′37″.2003","東経":"131°49′00″.1871","標高":"495.91","現況状態":"正常","年月日":"20111115","_sourceFile":"20260505_202421_Base.geojson","_sourceKind":"Base"}},{"type":"Feature","geometry":{"type":"Point","coordinates":[131.78477197222222,32.77431375]},"properties":{"_markerType":"Icon","_iconUrl":"https://service.gsi.go.jp/kijunten/contents/screen/point/images/Base/TR3.png","_iconSize":[20,20],"name":"三角","基準点コード":"TR34931162201","等級種別":"TR3","基準点名":"三角","ワンストップ可否":"○","成果状態":"正常","北緯":"32°46′27″.5295","東経":"131°47′05″.1791","標高":"408.46","現況状態":"報告なし","年月日":"19810910","_sourceFile":"20260505_202421_Base.geojson","_sourceKind":"Base"}},{"type":"Feature","geometry":{"type":"Point","coordinates":[131.75176955555557,32.77617402777778]},"properties":{"_markerType":"Icon","_iconUrl":"https://service.gsi.go.jp/kijunten/contents/screen/point/images/Base/TR3.png","_iconSize":[20,20],"name":"松ケ谷","基準点コード":"TR34931163001","等級種別":"TR3","基準点名":"松ケ谷","ワンストップ可否":"○","成果状態":"正常","北緯":"32°46′34″.2265","東経":"131°45′06″.3704","標高":"386.97","現況状態":"正常","年月日":"20121027","_sourceFile":"20260505_202421_Base.geojson","_sourceKind":"Base"}},{"type":"Feature","geometry":{"type":"Point","coordinates":[131.82722461111112,32.78680163888889]},"properties":{"_markerType":"Icon","_iconUrl":"https://service.gsi.go.jp/kijunten/contents/screen/point/images/Base/TR3.png","_iconSize":[20,20],"name":"大井","基準点コード":"TR34931164601","等級種別":"TR3","基準点名":"大井","ワンストップ可否":"○","成果状態":"正常","北緯":"32°47′12″.4859","東経":"131°49′38″.0086","標高":"393.44","現況状態":"報告なし","年月日":"19810910","_sourceFile":"20260505_202421_Base.geojson","_sourceKind":"Base"}},{"type":"Feature","geometry":{"type":"Point","coordinates":[131.77885208333333,32.79487047222222]},"properties":{"_markerType":"Icon","_iconUrl":"https://service.gsi.go.jp/kijunten/contents/screen/point/images/Base/TR3.png","_iconSize":[20,20],"name":"三方","基準点コード":"TR34931165201","等級種別":"TR3","基準点名":"三方","ワンストップ可否":"○","成果状態":"正常","北緯":"32°47′41″.5337","東経":"131°46′43″.8675","標高":"640.77","現況状態":"正常","年月日":"20031031","_sourceFile":"20260505_202421_Base.geojson","_sourceKind":"Base"}},{"type":"Feature","geometry":{"type":"Point","coordinates":[131.7684212777778,32.81832108333334]},"properties":{"_markerType":"Icon","_iconUrl":"https://service.gsi.go.jp/kijunten/contents/screen/point/images/Base/TR3.png","_iconSize":[20,20],"name":"桑ヶ内","基準点コード":"TR34931168101","等級種別":"TR3","基準点名":"桑ヶ内","ワンストップ可否":"○","成果状態":"正常","北緯":"32°49′05″.9559","東経":"131°46′06″.3166","標高":"427.80","現況状態":"報告なし","年月日":"00000000","_sourceFile":"20260505_202421_Base.geojson","_sourceKind":"Base"}},{"type":"Feature","geometry":{"type":"Point","coordinates":[131.66727972222222,32.49983919444445]},"properties":{"_markerType":"Icon","_iconUrl":"https://service.gsi.go.jp/kijunten/contents/screen/point/images/Base/TR4.png","_iconSize":[20,20],"name":"船越","基準点コード":"TR44831559301","等級種別":"TR4","基準点名":"船越","ワンストップ可否":"○","成果状態":"正常","北緯":"32°29′59″.4211","東経":"131°40′02″.2070","標高":"93.51","現況状態":"正常","年月日":"20091021","_sourceFile":"20260505_202421_Base.geojson","_sourceKind":"Base"}},{"type":"Feature","geometry":{"type":"Point","coordinates":[131.6931270277778,32.49514958333334]},"properties":{"_markerType":"Icon","_iconUrl":"https://service.gsi.go.jp/kijunten/contents/screen/point/images/Base/TR4.png","_iconSize":[20,20],"name":"鯛名","基準点コード":"TR44831559501","等級種別":"TR4","基準点名":"鯛名","ワンストップ可否":"○","成果状態":"正常","北緯":"32°29′42″.5385","東経":"131°41′35″.2573","標高":"185.70","現況状態":"正常","年月日":"20091102","_sourceFile":"20260505_202421_Base.geojson","_sourceKind":"Base"}},{"type":"Feature","geometry":{"type":"Point","coordinates":[131.71625352777778,32.49533516666667]},"properties":{"_markerType":"Icon","_iconUrl":"https://service.gsi.go.jp/kijunten/contents/screen/point/images/Base/TR4.png","_iconSize":[20,20],"name":"谷ノ山","基準点コード":"TR44831559701","等級種別":"TR4","基準点名":"谷ノ山","ワンストップ可否":"○","成果状態":"正常","北緯":"32°29′43″.2066","東経":"131°42′58″.5127","標高":"250.83","現況状態":"正常","年月日":"20091102","_sourceFile":"20260505_202421_Base.geojson","_sourceKind":"Base"}},{"type":"Feature","geometry":{"type":"Point","coordinates":[131.4579058611111,32.578778722222225]},"properties":{"_markerType":"Icon","_iconUrl":"https://service.gsi.go.jp/kijunten/contents/screen/point/images/Base/TR4.png","_iconSize":[20,20],"name":"楠八重","基準点コード":"TR44831639601","等級種別":"TR4","基準点名":"楠八重","ワンストップ可否":"○","成果状態":"正常","北緯":"32°34′43″.6034","東経":"131°27′28″.4611","標高":"499.47","現況状態":"報告なし","年月日":"20040819","_sourceFile":"20260505_202421_Base.geojson","_sourceKind":"Base"}},{"type":"Feature","geometry":{"type":"Point","coordinates":[131.48687680555554,32.58271036111111]},"properties":{"_markerType":"Icon","_iconUrl":"https://service.gsi.go.jp/kijunten/contents/screen/point/images/Base/TR4.png","_iconSize":[20,20],"name":"離島","基準点コード":"TR44831639801","等級種別":"TR4","基準点名":"離島","ワンストップ可否":"○","成果状態":"正常","北緯":"32°34′57″.7573","東経":"131°29′12″.7565","標高":"173.80","現況状態":"正常","年月日":"20060618","_sourceFile":"20260505_202421_Base.geojson","_sourceKind":"Base"}},{"type":"Feature","geometry":{"type":"Point","coordinates":[131.61420958333332,32.527149055555554]},"properties":{"_markerType":"Icon","_iconUrl":"https://service.gsi.go.jp/kijunten/contents/screen/point/images/Base/TR4.png","_iconSize":[20,20],"name":"上迫","基準点コード":"TR44831643901","等級種別":"TR4","基準点名":"上迫","ワンストップ可否":"○","成果状態":"正常","北緯":"32°31′37″.7366","東経":"131°36′51″.1545","標高":"200.23","現況状態":"報告なし","年月日":"19640705","_sourceFile":"20260505_202421_Base.geojson","_sourceKind":"Base"}},{"type":"Feature","geometry":{"type":"Point","coordinates":[131.53328611111112,32.55314422222222]},"properties":{"_markerType":"Icon","_iconUrl":"https://service.gsi.go.jp/kijunten/contents/screen/point/images/Base/TR4.png","_iconSize":[20,20],"name":"笠下黒原","基準点コード":"TR44831646203","等級種別":"TR4","基準点名":"笠下黒原","ワンストップ可否":"○","成果状態":"正常","北緯":"32°33′11″.3192","東経":"131°31′59″.8300","標高":"127.76","現況状態":"報告なし","年月日":"19820627","_sourceFile":"20260505_202421_Base.geojson","_sourceKind":"Base"}},{"type":"Feature","geometry":{"type":"Point","coordinates":[131.54897455555556,32.55091213888888]},"properties":{"_markerType":"Icon","_iconUrl":"https://service.gsi.go.jp/kijunten/contents/screen/point/images/Base/TR4.png","_iconSize":[20,20],"name":"伊原","基準点コード":"TR44831646301","等級種別":"TR4","基準点名":"伊原","ワンストップ可否":"○","成果状態":"正常","北緯":"32°33′03″.2837","東経":"131°32′56″.3084","標高":"129.77","現況状態":"報告なし","年月日":"19820627","_sourceFile":"20260505_202421_Base.geojson","_sourceKind":"Base"}},{"type":"Feature","geometry":{"type":"Point","coordinates":[131.621742,32.553951138888884]},"properties":{"_markerType":"Icon","_iconUrl":"https://service.gsi.go.jp/kijunten/contents/screen/point/images/Base/TR4.png","_iconSize":[20,20],"name":"下三輪","基準点コード":"TR44831646901","等級種別":"TR4","基準点名":"下三輪","ワンストップ可否":"○","成果状態":"正常","北緯":"32°33′14″.2241","東経":"131°37′18″.2712","標高":"188.29","現況状態":"正常","年月日":"20050929","_sourceFile":"20260505_202421_Base.geojson","_sourceKind":"Base"}},{"type":"Feature","geometry":{"type":"Point","coordinates":[131.52174175000002,32.56306575]},"properties":{"_markerType":"Icon","_iconUrl":"https://service.gsi.go.jp/kijunten/contents/screen/point/images/Base/TR4.png","_iconSize":[20,20],"name":"川水流","基準点コード":"TR44831647101","等級種別":"TR4","基準点名":"川水流","ワンストップ可否":"○","成果状態":"正常","北緯":"32°33′47″.0367","東経":"131°31′18″.2703","標高":"75.93","現況状態":"報告なし","年月日":"19820627","_sourceFile":"20260505_202421_Base.geojson","_sourceKind":"Base"}},{"type":"Feature","geometry":{"type":"Point","coordinates":[131.53815138888888,32.569063222222226]},"properties":{"_markerType":"Icon","_iconUrl":"https://service.gsi.go.jp/kijunten/contents/screen/point/images/Base/TR4.png","_iconSize":[20,20],"name":"荒平公園","基準点コード":"TR44831648301","等級種別":"TR4","基準点名":"荒平公園","ワンストップ可否":"○","成果状態":"正常","北緯":"32°34′08″.6276","東経":"131°32′17″.3450","標高":"142.88","現況状態":"正常","年月日":"20061021","_sourceFile":"20260505_202421_Base.geojson","_sourceKind":"Base"}},{"type":"Feature","geometry":{"type":"Point","coordinates":[131.57106905555554,32.570057250000005]},"properties":{"_markerType":"Icon","_iconUrl":"https://service.gsi.go.jp/kijunten/contents/screen/point/images/Base/TR4.png","_iconSize":[20,20],"name":"古江","基準点コード":"TR44831648501","等級種別":"TR4","基準点名":"古江","ワンストップ可否":"○","成果状態":"正常","北緯":"32°34′12″.2061","東経":"131°34′15″.8486","標高":"99.67","現況状態":"正常","年月日":"20091106","_sourceFile":"20260505_202421_Base.geojson","_sourceKind":"Base"}},{"type":"Feature","geometry":{"type":"Point","coordinates":[131.61308805555555,32.572737000000004]},"properties":{"_markerType":"Icon","_iconUrl":"https://service.gsi.go.jp/kijunten/contents/screen/point/images/Base/TR4.png","_iconSize":[20,20],"name":"天下","基準点コード":"TR44831648901","等級種別":"TR4","基準点名":"天下","ワンストップ可否":"○","成果状態":"正常","北緯":"32°34′21″.8532","東経":"131°36′47″.1170","標高":"41.93","現況状態":"正常","年月日":"20050831","_sourceFile":"20260505_202421_Base.geojson","_sourceKind":"Base"}},{"type":"Feature","geometry":{"type":"Point","coordinates":[131.54177230555555,32.58181216666667]},"properties":{"_markerType":"Icon","_iconUrl":"https://service.gsi.go.jp/kijunten/contents/screen/point/images/Base/TR4.png","_iconSize":[20,20],"name":"曽木","基準点コード":"TR44831649301","等級種別":"TR4","基準点名":"曽木","ワンストップ可否":"○","成果状態":"正常","北緯":"32°34′54″.5238","東経":"131°32′30″.3803","標高":"95.56","現況状態":"報告なし","年月日":"19820626","_sourceFile":"20260505_202421_Base.geojson","_sourceKind":"Base"}},{"type":"Feature","geometry":{"type":"Point","coordinates":[131.5582576388889,32.58095194444445]},"properties":{"_markerType":"Icon","_iconUrl":"https://service.gsi.go.jp/kijunten/contents/screen/point/images/Base/TR4.png","_iconSize":[20,20],"name":"荒谷","基準点コード":"TR44831649401","等級種別":"TR4","基準点名":"荒谷","ワンストップ可否":"○","成果状態":"正常","北緯":"32°34′51″.4270","東経":"131°33′29″.7275","標高":"149.44","現況状態":"報告なし","年月日":"19820626","_sourceFile":"20260505_202421_Base.geojson","_sourceKind":"Base"}},{"type":"Feature","geometry":{"type":"Point","coordinates":[131.68840833333334,32.50443466666667]},"properties":{"_markerType":"Icon","_iconUrl":"https://service.gsi.go.jp/kijunten/contents/screen/point/images/Base/TR4.png","_iconSize":[20,20],"name":"土々呂","基準点コード":"TR44831650501","等級種別":"TR4","基準点名":"土々呂","ワンストップ可否":"○","成果状態":"正常","北緯":"32°30′15″.9648","東経":"131°41′18″.2700","標高":"107.16","現況状態":"正常","年月日":"20091106","_sourceFile":"20260505_202421_Base.geojson","_sourceKind":"Base"}},{"type":"Feature","geometry":{"type":"Point","coordinates":[131.67623916666665,32.514921333333334]},"properties":{"_markerType":"Icon","_iconUrl":"https://service.gsi.go.jp/kijunten/contents/screen/point/images/Base/TR4.png","_iconSize":[20,20],"name":"海咲","基準点コード":"TR44831651401","等級種別":"TR4","基準点名":"海咲","ワンストップ可否":"○","成果状態":"正常","北緯":"32°30′53″.7168","東経":"131°40′34″.4610","標高":"64.70","現況状態":"正常","年月日":"20100723","_sourceFile":"20260505_202421_Base.geojson","_sourceKind":"Base"}},{"type":"Feature","geometry":{"type":"Point","coordinates":[131.64270455555555,32.51915541666666]},"properties":{"_markerType":"Icon","_iconUrl":"https://service.gsi.go.jp/kijunten/contents/screen/point/images/Base/TR4.png","_iconSize":[20,20],"name":"羽迫","基準点コード":"TR44831652101","等級種別":"TR4","基準点名":"羽迫","ワンストップ可否":"○","成果状態":"正常","北緯":"32°31′08″.9595","東経":"131°38′33″.7364","標高":"264.73","現況状態":"報告なし","年月日":"19640701","_sourceFile":"20260505_202421_Base.geojson","_sourceKind":"Base"}},{"type":"Feature","geometry":{"type":"Point","coordinates":[131.62582777777777,32.52922319444444]},"properties":{"_markerType":"Icon","_iconUrl":"https://service.gsi.go.jp/kijunten/contents/screen/point/images/Base/TR4.png","_iconSize":[20,20],"name":"伊形","基準点コード":"TR44831653001","等級種別":"TR4","基準点名":"伊形","ワンストップ可否":"○","成果状態":"正常","北緯":"32°31′45″.2035","東経":"131°37′32″.9800","標高":"135.17","現況状態":"報告なし","年月日":"19640705","_sourceFile":"20260505_202421_Base.geojson","_sourceKind":"Base"}},{"type":"Feature","geometry":{"type":"Point","coordinates":[131.66032825,32.52873677777778]},"properties":{"_markerType":"Icon","_iconUrl":"https://service.gsi.go.jp/kijunten/contents/screen/point/images/Base/TR4.png","_iconSize":[20,20],"name":"越路","基準点コード":"TR44831653201","等級種別":"TR4","基準点名":"越路","ワンストップ可否":"○","成果状態":"正常","北緯":"32°31′43″.4524","東経":"131°39′37″.1817","標高":"152.29","現況状態":"正常","年月日":"20050930","_sourceFile":"20260505_202421_Base.geojson","_sourceKind":"Base"}},{"type":"Feature","geometry":{"type":"Point","coordinates":[131.6802533611111,32.52620319444444]},"properties":{"_markerType":"Icon","_iconUrl":"https://service.gsi.go.jp/kijunten/contents/screen/point/images/Base/TR4.png","_iconSize":[20,20],"name":"一ヶ岡","基準点コード":"TR44831653401","等級種別":"TR4","基準点名":"一ヶ岡","ワンストップ可否":"○","成果状態":"正常","北緯":"32°31′34″.3315","東経":"131°40′48″.9121","標高":"3.61","現況状態":"正常","年月日":"20100723","_sourceFile":"20260505_202421_Base.geojson","_sourceKind":"Base"}},{"type":"Feature","geometry":{"type":"Point","coordinates":[131.66300555555557,32.54874833333333]},"properties":{"_markerType":"Icon","_iconUrl":"https://service.gsi.go.jp/kijunten/contents/screen/point/images/Base/TR4.png","_iconSize":[20,20],"name":"片田","基準点コード":"TR44831655301","等級種別":"TR4","基準点名":"片田","ワンストップ可否":"○","成果状態":"正常","北緯":"32°32′55″.4940","東経":"131°39′46″.8200","標高":"3.55","現況状態":"正常","年月日":"20050831","_sourceFile":"20260505_202421_Base.geojson","_sourceKind":"Base"}},{"type":"Feature","geometry":{"type":"Point","coordinates":[131.63667019444443,32.55002002777778]},"properties":{"_markerType":"Icon","_iconUrl":"https://service.gsi.go.jp/kijunten/contents/screen/point/images/Base/TR4.png","_iconSize":[20,20],"name":"小野","基準点コード":"TR44831656001","等級種別":"TR4","基準点名":"小野","ワンストップ可否":"○","成果状態":"正常","北緯":"32°33′00″.0721","東経":"131°38′12″.0127","標高":"243.34","現況状態":"正常","年月日":"20091106","_sourceFile":"20260505_202421_Base.geojson","_sourceKind":"Base"}},{"type":"Feature","geometry":{"type":"Point","coordinates":[131.65390405555556,32.55273975]},"properties":{"_markerType":"Icon","_iconUrl":"https://service.gsi.go.jp/kijunten/contents/screen/point/images/Base/TR4.png","_iconSize":[20,20],"name":"三須","基準点コード":"TR44831656201","等級種別":"TR4","基準点名":"三須","ワンストップ可否":"○","成果状態":"正常","北緯":"32°33′09″.8631","東経":"131°39′14″.0546","標高":"93.60","現況状態":"正常","年月日":"20091106","_sourceFile":"20260505_202421_Base.geojson","_sourceKind":"Base"}},{"type":"Feature","geometry":{"type":"Point","coordinates":[131.683383,32.552793666666666]},"properties":{"_markerType":"Icon","_iconUrl":"https://service.gsi.go.jp/kijunten/contents/screen/point/images/Base/TR4.png","_iconSize":[20,20],"name":"緑ヶ丘","基準点コード":"TR44831656402","等級種別":"TR4","基準点名":"緑ヶ丘","ワンストップ可否":"○","成果状態":"正常","北緯":"32°33′10″.0572","東経":"131°41′00″.1788","標高":"20.05","現況状態":"正常","年月日":"20050831","_sourceFile":"20260505_202421_Base.geojson","_sourceKind":"Base"}},{"type":"Feature","geometry":{"type":"Point","coordinates":[131.63420480555556,32.560585555555555]},"properties":{"_markerType":"Icon","_iconUrl":"https://service.gsi.go.jp/kijunten/contents/screen/point/images/Base/TR4.png","_iconSize":[20,20],"name":"島戸山","基準点コード":"TR44831657001","等級種別":"TR4","基準点名":"島戸山","ワンストップ可否":"○","成果状態":"正常","北緯":"32°33′38″.1080","東経":"131°38′03″.1373","標高":"168.99","現況状態":"露出","年月日":"20091106","_sourceFile":"20260505_202421_Base.geojson","_sourceKind":"Base"}},{"type":"Feature","geometry":{"type":"Point","coordinates":[131.6364033611111,32.571129722222224]},"properties":{"_markerType":"Icon","_iconUrl":"https://service.gsi.go.jp/kijunten/contents/screen/point/images/Base/TR4.png","_iconSize":[20,20],"name":"西階","基準点コード":"TR44831658001","等級種別":"TR4","基準点名":"西階","ワンストップ可否":"○","成果状態":"正常","北緯":"32°34′16″.0670","東経":"131°38′11″.0521","標高":"47.21","現況状態":"正常","年月日":"20050929","_sourceFile":"20260505_202421_Base.geojson","_sourceKind":"Base"}},{"type":"Feature","geometry":{"type":"Point","coordinates":[131.64959527777776,32.57030433333334]},"properties":{"_markerType":"Icon","_iconUrl":"https://service.gsi.go.jp/kijunten/contents/screen/point/images/Base/TR4.png","_iconSize":[20,20],"name":"大貫","基準点コード":"TR44831658101","等級種別":"TR4","基準点名":"大貫","ワンストップ可否":"○","成果状態":"正常","北緯":"32°34′13″.0956","東経":"131°38′58″.5430","標高":"17.82","現況状態":"正常","年月日":"20050825","_sourceFile":"20260505_202421_Base.geojson","_sourceKind":"Base"}},{"type":"Feature","geometry":{"type":"Point","coordinates":[131.6808388611111,32.568955388888895]},"properties":{"_markerType":"Icon","_iconUrl":"https://service.gsi.go.jp/kijunten/contents/screen/point/images/Base/TR4.png","_iconSize":[20,20],"name":"別府","基準点コード":"TR44831658401","等級種別":"TR4","基準点名":"別府","ワンストップ可否":"○","成果状態":"正常","北緯":"32°34′08″.2394","東経":"131°40′51″.0199","標高":"3.79","現況状態":"正常","年月日":"20071221","_sourceFile":"20260505_202421_Base.geojson","_sourceKind":"Base"}},{"type":"Feature","geometry":{"type":"Point","coordinates":[131.46065744444442,32.59150002777778]},"properties":{"_markerType":"Icon","_iconUrl":"https://service.gsi.go.jp/kijunten/contents/screen/point/images/Base/TR4.png","_iconSize":[20,20],"name":"猪原","基準点コード":"TR44831730601","等級種別":"TR4","基準点名":"猪原","ワンストップ可否":"○","成果状態":"正常","北緯":"32°35′29″.4001","東経":"131°27′38″.3668","標高":"142.39","現況状態":"報告なし","年月日":"20040819","_sourceFile":"20260505_202421_Base.geojson","_sourceKind":"Base"}},{"type":"Feature","geometry":{"type":"Point","coordinates":[131.48655044444442,32.59496997222222]},"properties":{"_markerType":"Icon","_iconUrl":"https://service.gsi.go.jp/kijunten/contents/screen/point/images/Base/TR4.png","_iconSize":[20,20],"name":"早日渡","基準点コード":"TR44831731801","等級種別":"TR4","基準点名":"早日渡","ワンストップ可否":"○","成果状態":"正常","北緯":"32°35′41″.8919","東経":"131°29′11″.5816","標高":"203.47","現況状態":"正常","年月日":"20061021","_sourceFile":"20260505_202421_Base.geojson","_sourceKind":"Base"}},{"type":"Feature","geometry":{"type":"Point","coordinates":[131.48145930555555,32.60722925]},"properties":{"_markerType":"Icon","_iconUrl":"https://service.gsi.go.jp/kijunten/contents/screen/point/images/Base/TR4.png","_iconSize":[20,20],"name":"船迫","基準点コード":"TR44831732801","等級種別":"TR4","基準点名":"船迫","ワンストップ可否":"○","成果状態":"正常","北緯":"32°36′26″.0253","東経":"131°28′53″.2535","標高":"147.20","現況状態":"正常","年月日":"20081016","_sourceFile":"20260505_202421_Base.geojson","_sourceKind":"Base"}},{"type":"Feature","geometry":{"type":"Point","coordinates":[131.49194627777777,32.607410055555555]},"properties":{"_markerType":"Icon","_iconUrl":"https://service.gsi.go.jp/kijunten/contents/screen/point/images/Base/TR4.png","_iconSize":[20,20],"name":"尾払","基準点コード":"TR44831732901","等級種別":"TR4","基準点名":"尾払","ワンストップ可否":"○","成果状態":"正常","北緯":"32°36′26″.6762","東経":"131°29′31″.0066","標高":"182.56","現況状態":"正常","年月日":"20090807","_sourceFile":"20260505_202421_Base.geojson","_sourceKind":"Base"}},{"type":"Feature","geometry":{"type":"Point","coordinates":[131.4583091111111,32.61302227777778]},"properties":{"_markerType":"Icon","_iconUrl":"https://service.gsi.go.jp/kijunten/contents/screen/point/images/Base/TR4.png","_iconSize":[20,20],"name":"椎木原","基準点コード":"TR44831733601","等級種別":"TR4","基準点名":"椎木原","ワンストップ可否":"○","成果状態":"正常","北緯":"32°36′46″.8802","東経":"131°27′29″.9128","標高":"347.73","現況状態":"正常","年月日":"20081016","_sourceFile":"20260505_202421_Base.geojson","_sourceKind":"Base"}},{"type":"Feature","geometry":{"type":"Point","coordinates":[131.47112905555556,32.61166716666667]},"properties":{"_markerType":"Icon","_iconUrl":"https://service.gsi.go.jp/kijunten/contents/screen/point/images/Base/TR4.png","_iconSize":[20,20],"name":"前小谷","基準点コード":"TR44831733701","等級種別":"TR4","基準点名":"前小谷","ワンストップ可否":"○","成果状態":"正常","北緯":"32°36′42″.0018","東経":"131°28′16″.0646","標高":"199.99","現況状態":"正常","年月日":"20081016","_sourceFile":"20260505_202421_Base.geojson","_sourceKind":"Base"}},{"type":"Feature","geometry":{"type":"Point","coordinates":[131.45645333333331,32.62334083333334]},"properties":{"_markerType":"Icon","_iconUrl":"https://service.gsi.go.jp/kijunten/contents/screen/point/images/Base/TR4.png","_iconSize":[20,20],"name":"綱ノ瀬","基準点コード":"TR44831734601","等級種別":"TR4","基準点名":"綱ノ瀬","ワンストップ可否":"○","成果状態":"正常","北緯":"32°37′24″.0270","東経":"131°27′23″.2320","標高":"287.93","現況状態":"正常","年月日":"20090818","_sourceFile":"20260505_202421_Base.geojson","_sourceKind":"Base"}},{"type":"Feature","geometry":{"type":"Point","coordinates":[131.49019313888888,32.62067086111111]},"properties":{"_markerType":"Icon","_iconUrl":"https://service.gsi.go.jp/kijunten/contents/screen/point/images/Base/TR4.png","_iconSize":[20,20],"name":"高良谷","基準点コード":"TR44831734901","等級種別":"TR4","基準点名":"高良谷","ワンストップ可否":"○","成果状態":"正常","北緯":"32°37′14″.4151","東経":"131°29′24″.6953","標高":"354.63","現況状態":"正常","年月日":"20090807","_sourceFile":"20260505_202421_Base.geojson","_sourceKind":"Base"}},{"type":"Feature","geometry":{"type":"Point","coordinates":[131.49675205555553,32.632702361111114]},"properties":{"_markerType":"Icon","_iconUrl":"https://service.gsi.go.jp/kijunten/contents/screen/point/images/Base/TR4.png","_iconSize":[20,20],"name":"内の口山","基準点コード":"TR44831735901","等級種別":"TR4","基準点名":"内の口山","ワンストップ可否":"○","成果状態":"正常","北緯":"32°37′57″.7285","東経":"131°29′48″.3074","標高":"631.00","現況状態":"正常","年月日":"20090807","_sourceFile":"20260505_202421_Base.geojson","_sourceKind":"Base"}},{"type":"Feature","geometry":{"type":"Point","coordinates":[131.47516736111112,32.636908749999996]},"properties":{"_markerType":"Icon","_iconUrl":"https://service.gsi.go.jp/kijunten/contents/screen/point/images/Base/TR4.png","_iconSize":[20,20],"name":"松八重","基準点コード":"TR44831736801","等級種別":"TR4","基準点名":"松八重","ワンストップ可否":"○","成果状態":"正常","北緯":"32°38′12″.8715","東経":"131°28′30″.6025","標高":"623.90","現況状態":"正常","年月日":"20090807","_sourceFile":"20260505_202421_Base.geojson","_sourceKind":"Base"}},{"type":"Feature","geometry":{"type":"Point","coordinates":[131.5031895,32.58550322222222]},"properties":{"_markerType":"Icon","_iconUrl":"https://service.gsi.go.jp/kijunten/contents/screen/point/images/Base/TR4.png","_iconSize":[20,20],"name":"蔵田","基準点コード":"TR44831740001","等級種別":"TR4","基準点名":"蔵田","ワンストップ可否":"○","成果状態":"正常","北緯":"32°35′07″.8116","東経":"131°30′11″.4822","標高":"205.79","現況状態":"正常","年月日":"20061021","_sourceFile":"20260505_202421_Base.geojson","_sourceKind":"Base"}},{"type":"Feature","geometry":{"type":"Point","coordinates":[131.5633696111111,32.58982297222222]},"properties":{"_markerType":"Icon","_iconUrl":"https://service.gsi.go.jp/kijunten/contents/screen/point/images/Base/TR4.png","_iconSize":[20,20],"name":"津船","基準点コード":"TR44831740501","等級種別":"TR4","基準点名":"津船","ワンストップ可否":"○","成果状態":"正常","北緯":"32°35′23″.3627","東経":"131°33′48″.1306","標高":"180.36","現況状態":"報告なし","年月日":"19900910","_sourceFile":"20260505_202421_Base.geojson","_sourceKind":"Base"}},{"type":"Feature","geometry":{"type":"Point","coordinates":[131.5777256111111,32.58757930555556]},"properties":{"_markerType":"Icon","_iconUrl":"https://service.gsi.go.jp/kijunten/contents/screen/point/images/Base/TR4.png","_iconSize":[20,20],"name":"椛ケ谷","基準点コード":"TR44831740601","等級種別":"TR4","基準点名":"椛ケ谷","ワンストップ可否":"○","成果状態":"正常","北緯":"32°35′15″.2855","東経":"131°34′39″.8122","標高":"187.60","現況状態":"正常","年月日":"20020512","_sourceFile":"20260505_202421_Base.geojson","_sourceKind":"Base"}},{"type":"Feature","geometry":{"type":"Point","coordinates":[131.51816622222225,32.59225844444445]},"properties":{"_markerType":"Icon","_iconUrl":"https://service.gsi.go.jp/kijunten/contents/screen/point/images/Base/TR4.png","_iconSize":[20,20],"name":"長瀬","基準点コード":"TR44831741101","等級種別":"TR4","基準点名":"長瀬","ワンストップ可否":"○","成果状態":"正常","北緯":"32°35′32″.1304","東経":"131°31′05″.3984","標高":"235.78","現況状態":"正常","年月日":"20061021","_sourceFile":"20260505_202421_Base.geojson","_sourceKind":"Base"}},{"type":"Feature","geometry":{"type":"Point","coordinates":[131.5313017777778,32.59749497222222]},"properties":{"_markerType":"Icon","_iconUrl":"https://service.gsi.go.jp/kijunten/contents/screen/point/images/Base/TR4.png","_iconSize":[20,20],"name":"うそ越","基準点コード":"TR44831741201","等級種別":"TR4","基準点名":"うそ越","ワンストップ可否":"○","成果状態":"正常","北緯":"32°35′50″.9819","東経":"131°31′52″.6864","標高":"413.75","現況状態":"報告なし","年月日":"19820625","_sourceFile":"20260505_202421_Base.geojson","_sourceKind":"Base"}},{"type":"Feature","geometry":{"type":"Point","coordinates":[131.59034444444444,32.592031000000006]},"properties":{"_markerType":"Icon","_iconUrl":"https://service.gsi.go.jp/kijunten/contents/screen/point/images/Base/TR4.png","_iconSize":[20,20],"name":"古野","基準点コード":"TR44831741701","等級種別":"TR4","基準点名":"古野","ワンストップ可否":"○","成果状態":"正常","北緯":"32°35′31″.3116","東経":"131°35′25″.2400","標高":"123.46","現況状態":"報告なし","年月日":"19880114","_sourceFile":"20260505_202421_Base.geojson","_sourceKind":"Base"}},{"type":"Feature","geometry":{"type":"Point","coordinates":[131.61458102777777,32.59232691666667]},"properties":{"_markerType":"Icon","_iconUrl":"https://service.gsi.go.jp/kijunten/contents/screen/point/images/Base/TR4.png","_iconSize":[20,20],"name":"内山","基準点コード":"TR44831741901","等級種別":"TR4","基準点名":"内山","ワンストップ可否":"○","成果状態":"正常","北緯":"32°35′32″.3769","東経":"131°36′52″.4917","標高":"228.45","現況状態":"正常","年月日":"20091106","_sourceFile":"20260505_202421_Base.geojson","_sourceKind":"Base"}},{"type":"Feature","geometry":{"type":"Point","coordinates":[131.50534016666666,32.602488722222226]},"properties":{"_markerType":"Icon","_iconUrl":"https://service.gsi.go.jp/kijunten/contents/screen/point/images/Base/TR4.png","_iconSize":[20,20],"name":"木落","基準点コード":"TR44831742001","等級種別":"TR4","基準点名":"木落","ワンストップ可否":"○","成果状態":"正常","北緯":"32°36′08″.9594","東経":"131°30′19″.2246","標高":"442.25","現況状態":"正常","年月日":"20060618","_sourceFile":"20260505_202421_Base.geojson","_sourceKind":"Base"}},{"type":"Feature","geometry":{"type":"Point","coordinates":[131.51970400000002,32.60702280555556]},"properties":{"_markerType":"Icon","_iconUrl":"https://service.gsi.go.jp/kijunten/contents/screen/point/images/Base/TR4.png","_iconSize":[20,20],"name":"藤ノ木","基準点コード":"TR44831742101","等級種別":"TR4","基準点名":"藤ノ木","ワンストップ可否":"○","成果状態":"正常","北緯":"32°36′25″.2821","東経":"131°31′10″.9344","標高":"154.26","現況状態":"正常","年月日":"20060726","_sourceFile":"20260505_202421_Base.geojson","_sourceKind":"Base"}},{"type":"Feature","geometry":{"type":"Point","coordinates":[131.54215352777777,32.60337813888889]},"properties":{"_markerType":"Icon","_iconUrl":"https://service.gsi.go.jp/kijunten/contents/screen/point/images/Base/TR4.png","_iconSize":[20,20],"name":"板ヶ平","基準点コード":"TR44831742301","等級種別":"TR4","基準点名":"板ヶ平","ワンストップ可否":"○","成果状態":"正常","北緯":"32°36′12″.1613","東経":"131°32′31″.7527","標高":"342.55","現況状態":"報告なし","年月日":"19820625","_sourceFile":"20260505_202421_Base.geojson","_sourceKind":"Base"}},{"type":"Feature","geometry":{"type":"Point","coordinates":[131.57616983333332,32.602409083333335]},"properties":{"_markerType":"Icon","_iconUrl":"https://service.gsi.go.jp/kijunten/contents/screen/point/images/Base/TR4.png","_iconSize":[20,20],"name":"中原","基準点コード":"TR44831742601","等級種別":"TR4","基準点名":"中原","ワンストップ可否":"○","成果状態":"正常","北緯":"32°36′08″.6727","東経":"131°34′34″.2114","標高":"275.69","現況状態":"報告なし","年月日":"19871204","_sourceFile":"20260505_202421_Base.geojson","_sourceKind":"Base"}},{"type":"Feature","geometry":{"type":"Point","coordinates":[131.60915591666665,32.611181916666666]},"properties":{"_markerType":"Icon","_iconUrl":"https://service.gsi.go.jp/kijunten/contents/screen/point/images/Base/TR4.png","_iconSize":[20,20],"name":"岡富山","基準点コード":"TR44831743801","等級種別":"TR4","基準点名":"岡富山","ワンストップ可否":"○","成果状態":"正常","北緯":"32°36′40″.2549","東経":"131°36′32″.9613","標高":"214.40","現況状態":"報告なし","年月日":"00000000","_sourceFile":"20260505_202421_Base.geojson","_sourceKind":"Base"}},{"type":"Feature","geometry":{"type":"Point","coordinates":[131.61332994444444,32.637936527777775]},"properties":{"_markerType":"Icon","_iconUrl":"https://service.gsi.go.jp/kijunten/contents/screen/point/images/Base/TR4.png","_iconSize":[20,20],"name":"茶山","基準点コード":"TR44831746901","等級種別":"TR4","基準点名":"茶山","ワンストップ可否":"○","成果状態":"正常","北緯":"32°38′16″.5715","東経":"131°36′47″.9878","標高":"411.15","現況状態":"報告なし","年月日":"00000000","_sourceFile":"20260505_202421_Base.geojson","_sourceKind":"Base"}},{"type":"Feature","geometry":{"type":"Point","coordinates":[131.61317394444444,32.66010463888889]},"properties":{"_markerType":"Icon","_iconUrl":"https://service.gsi.go.jp/kijunten/contents/screen/point/images/Base/TR4.png","_iconSize":[20,20],"name":"金炭","基準点コード":"TR44831749901","等級種別":"TR4","基準点名":"金炭","ワンストップ可否":"○","成果状態":"正常","北緯":"32°39′36″.3767","東経":"131°36′47″.4262","標高":"356.63","現況状態":"報告なし","年月日":"00000000","_sourceFile":"20260505_202421_Base.geojson","_sourceKind":"Base"}},{"type":"Feature","geometry":{"type":"Point","coordinates":[131.6407116111111,32.58551636111111]},"properties":{"_markerType":"Icon","_iconUrl":"https://service.gsi.go.jp/kijunten/contents/screen/point/images/Base/TR4.png","_iconSize":[20,20],"name":"松山","基準点コード":"TR44831750101","等級種別":"TR4","基準点名":"松山","ワンストップ可否":"○","成果状態":"正常","北緯":"32°35′07″.8589","東経":"131°38′26″.5618","標高":"6.75","現況状態":"正常","年月日":"20080116","_sourceFile":"20260505_202421_Base.geojson","_sourceKind":"Base"}},{"type":"Feature","geometry":{"type":"Point","coordinates":[131.68560638888889,32.58879016666667]},"properties":{"_markerType":"Icon","_iconUrl":"https://service.gsi.go.jp/kijunten/contents/screen/point/images/Base/TR4.png","_iconSize":[20,20],"name":"昭和","基準点コード":"TR44831750401","等級種別":"TR4","基準点名":"昭和","ワンストップ可否":"○","成果状態":"正常","北緯":"32°35′19″.6446","東経":"131°41′08″.1830","標高":"6.27","現況状態":"正常","年月日":"20050928","_sourceFile":"20260505_202421_Base.geojson","_sourceKind":"Base"}},{"type":"Feature","geometry":{"type":"Point","coordinates":[131.70699075,32.587548500000004]},"properties":{"_markerType":"Icon","_iconUrl":"https://service.gsi.go.jp/kijunten/contents/screen/point/images/Base/TR4.png","_iconSize":[20,20],"name":"方財","基準点コード":"TR44831750601","等級種別":"TR4","基準点名":"方財","ワンストップ可否":"○","成果状態":"正常","北緯":"32°35′15″.1746","東経":"131°42′25″.1667","標高":"18.73","現況状態":"正常","年月日":"20050831","_sourceFile":"20260505_202421_Base.geojson","_sourceKind":"Base"}},{"type":"Feature","geometry":{"type":"Point","coordinates":[131.66702333333333,32.592419194444446]},"properties":{"_markerType":"Icon","_iconUrl":"https://service.gsi.go.jp/kijunten/contents/screen/point/images/Base/TR4.png","_iconSize":[20,20],"name":"あさひ台","基準点コード":"TR44831751302","等級種別":"TR4","基準点名":"あさひ台","ワンストップ可否":"○","成果状態":"正常","北緯":"32°35′32″.7091","東経":"131°40′01″.2840","標高":"41.02","現況状態":"正常","年月日":"20050827","_sourceFile":"20260505_202421_Base.geojson","_sourceKind":"Base"}},{"type":"Feature","geometry":{"type":"Point","coordinates":[131.6264548611111,32.601518]},"properties":{"_markerType":"Icon","_iconUrl":"https://service.gsi.go.jp/kijunten/contents/screen/point/images/Base/TR4.png","_iconSize":[20,20],"name":"高平山","基準点コード":"TR44831752001","等級種別":"TR4","基準点名":"高平山","ワンストップ可否":"○","成果状態":"正常","北緯":"32°36′05″.4648","東経":"131°37′35″.2375","標高":"406.64","現況状態":"正常","年月日":"20050928","_sourceFile":"20260505_202421_Base.geojson","_sourceKind":"Base"}},{"type":"Feature","geometry":{"type":"Point","coordinates":[131.65007680555556,32.60003830555556]},"properties":{"_markerType":"Icon","_iconUrl":"https://service.gsi.go.jp/kijunten/contents/screen/point/images/Base/TR4.png","_iconSize":[20,20],"name":"柚木","基準点コード":"TR44831752201","等級種別":"TR4","基準点名":"柚木","ワンストップ可否":"○","成果状態":"正常","北緯":"32°36′00″.1379","東経":"131°39′00″.2765","標高":"138.88","現況状態":"正常","年月日":"20050929","_sourceFile":"20260505_202421_Base.geojson","_sourceKind":"Base"}},{"type":"Feature","geometry":{"type":"Point","coordinates":[131.67863108333333,32.608065611111115]},"properties":{"_markerType":"Icon","_iconUrl":"https://service.gsi.go.jp/kijunten/contents/screen/point/images/Base/TR4.png","_iconSize":[20,20],"name":"稲葉崎","基準点コード":"TR44831752402","等級種別":"TR4","基準点名":"稲葉崎","ワンストップ可否":"○","成果状態":"正常","北緯":"32°36′29″.0362","東経":"131°40′43″.0719","標高":"23.26","現況状態":"正常","年月日":"20050831","_sourceFile":"20260505_202421_Base.geojson","_sourceKind":"Base"}},{"type":"Feature","geometry":{"type":"Point","coordinates":[131.69794488888888,32.60033125]},"properties":{"_markerType":"Icon","_iconUrl":"https://service.gsi.go.jp/kijunten/contents/screen/point/images/Base/TR4.png","_iconSize":[20,20],"name":"大武島","基準点コード":"TR44831752501","等級種別":"TR4","基準点名":"大武島","ワンストップ可否":"○","成果状態":"正常","北緯":"32°36′01″.1925","東経":"131°41′52″.6016","標高":"4.18","現況状態":"正常","年月日":"20050928","_sourceFile":"20260505_202421_Base.geojson","_sourceKind":"Base"}},{"type":"Feature","geometry":{"type":"Point","coordinates":[131.71156280555553,32.60430863888889]},"properties":{"_markerType":"Icon","_iconUrl":"https://service.gsi.go.jp/kijunten/contents/screen/point/images/Base/TR4.png","_iconSize":[20,20],"name":"水尻","基準点コード":"TR44831752601","等級種別":"TR4","基準点名":"水尻","ワンストップ可否":"○","成果状態":"正常","北緯":"32°36′15″.5111","東経":"131°42′41″.6261","標高":"202.04","現況状態":"正常","年月日":"20091106","_sourceFile":"20260505_202421_Base.geojson","_sourceKind":"Base"}},{"type":"Feature","geometry":{"type":"Point","coordinates":[131.666343,32.60977636111111]},"properties":{"_markerType":"Icon","_iconUrl":"https://service.gsi.go.jp/kijunten/contents/screen/point/images/Base/TR4.png","_iconSize":[20,20],"name":"夏田山","基準点コード":"TR44831753301","等級種別":"TR4","基準点名":"夏田山","ワンストップ可否":"○","成果状態":"正常","北緯":"32°36′35″.1949","東経":"131°39′58″.8348","標高":"137.26","現況状態":"正常","年月日":"20050928","_sourceFile":"20260505_202421_Base.geojson","_sourceKind":"Base"}},{"type":"Feature","geometry":{"type":"Point","coordinates":[131.72537969444446,32.613980500000004]},"properties":{"_markerType":"Icon","_iconUrl":"https://service.gsi.go.jp/kijunten/contents/screen/point/images/Base/TR4.png","_iconSize":[20,20],"name":"追内","基準点コード":"TR44831753801","等級種別":"TR4","基準点名":"追内","ワンストップ可否":"○","成果状態":"正常","北緯":"32°36′50″.3298","東経":"131°43′31″.3669","標高":"123.12","現況状態":"正常","年月日":"20020512","_sourceFile":"20260505_202421_Base.geojson","_sourceKind":"Base"}},{"type":"Feature","geometry":{"type":"Point","coordinates":[131.74346030555554,32.60959233333333]},"properties":{"_markerType":"Icon","_iconUrl":"https://service.gsi.go.jp/kijunten/contents/screen/point/images/Base/TR4.png","_iconSize":[20,20],"name":"神戸山","基準点コード":"TR44831753901","等級種別":"TR4","基準点名":"神戸山","ワンストップ可否":"○","成果状態":"正常","北緯":"32°36′34″.5324","東経":"131°44′36″.4571","標高":"209.61","現況状態":"報告なし","年月日":"00000000","_sourceFile":"20260505_202421_Base.geojson","_sourceKind":"Base"}},{"type":"Feature","geometry":{"type":"Point","coordinates":[131.62522119444446,32.61692733333334]},"properties":{"_markerType":"Icon","_iconUrl":"https://service.gsi.go.jp/kijunten/contents/screen/point/images/Base/TR4.png","_iconSize":[20,20],"name":"狩瀬","基準点コード":"TR44831754001","等級種別":"TR4","基準点名":"狩瀬","ワンストップ可否":"○","成果状態":"正常","北緯":"32°37′00″.9384","東経":"131°37′30″.7963","標高":"93.02","現況状態":"報告なし","年月日":"00000000","_sourceFile":"20260505_202421_Base.geojson","_sourceKind":"Base"}},{"type":"Feature","geometry":{"type":"Point","coordinates":[131.6684141388889,32.623970722222225]},"properties":{"_markerType":"Icon","_iconUrl":"https://service.gsi.go.jp/kijunten/contents/screen/point/images/Base/TR4.png","_iconSize":[20,20],"name":"小梓","基準点コード":"TR44831754301","等級種別":"TR4","基準点名":"小梓","ワンストップ可否":"○","成果状態":"正常","北緯":"32°37′26″.2946","東経":"131°40′06″.2909","標高":"280.48","現況状態":"正常","年月日":"20050928","_sourceFile":"20260505_202421_Base.geojson","_sourceKind":"Base"}},{"type":"Feature","geometry":{"type":"Point","coordinates":[131.7079912222222,32.616940972222224]},"properties":{"_markerType":"Icon","_iconUrl":"https://service.gsi.go.jp/kijunten/contents/screen/point/images/Base/TR4.png","_iconSize":[20,20],"name":"逢瀬","基準点コード":"TR44831754601","等級種別":"TR4","基準点名":"逢瀬","ワンストップ可否":"○","成果状態":"正常","北緯":"32°37′00″.9875","東経":"131°42′28″.7684","標高":"120.97","現況状態":"正常","年月日":"20091106","_sourceFile":"20260505_202421_Base.geojson","_sourceKind":"Base"}},{"type":"Feature","geometry":{"type":"Point","coordinates":[131.73493038888887,32.62373561111111]},"properties":{"_markerType":"Icon","_iconUrl":"https://service.gsi.go.jp/kijunten/contents/screen/point/images/Base/TR4.png","_iconSize":[20,20],"name":"石伸","基準点コード":"TR44831754801","等級種別":"TR4","基準点名":"石伸","ワンストップ可否":"○","成果状態":"正常","北緯":"32°37′25″.4482","東経":"131°44′05″.7494","標高":"257.03","現況状態":"報告なし","年月日":"00000000","_sourceFile":"20260505_202421_Base.geojson","_sourceKind":"Base"}},{"type":"Feature","geometry":{"type":"Point","coordinates":[131.74523241666665,32.621182]},"properties":{"_markerType":"Icon","_iconUrl":"https://service.gsi.go.jp/kijunten/contents/screen/point/images/Base/TR4.png","_iconSize":[20,20],"name":"山の神","基準点コード":"TR44831754901","等級種別":"TR4","基準点名":"山の神","ワンストップ可否":"○","成果状態":"正常","北緯":"32°37′16″.2552","東経":"131°44′42″.8367","標高":"222.14","現況状態":"報告なし","年月日":"20010111","_sourceFile":"20260505_202421_Base.geojson","_sourceKind":"Base"}},{"type":"Feature","geometry":{"type":"Point","coordinates":[131.63534219444443,32.62525927777778]},"properties":{"_markerType":"Icon","_iconUrl":"https://service.gsi.go.jp/kijunten/contents/screen/point/images/Base/TR4.png","_iconSize":[20,20],"name":"向水流","基準点コード":"TR44831755001","等級種別":"TR4","基準点名":"向水流","ワンストップ可否":"○","成果状態":"正常","北緯":"32°37′30″.9334","東経":"131°38′07″.2319","標高":"236.16","現況状態":"報告なし","年月日":"00000000","_sourceFile":"20260505_202421_Base.geojson","_sourceKind":"Base"}},{"type":"Feature","geometry":{"type":"Point","coordinates":[131.65775125000002,32.62855852777778]},"properties":{"_markerType":"Icon","_iconUrl":"https://service.gsi.go.jp/kijunten/contents/screen/point/images/Base/TR4.png","_iconSize":[20,20],"name":"長尾山","基準点コード":"TR44831755201","等級種別":"TR4","基準点名":"長尾山","ワンストップ可否":"○","成果状態":"正常","北緯":"32°37′42″.8107","東経":"131°39′27″.9045","標高":"382.14","現況状態":"正常","年月日":"20020512","_sourceFile":"20260505_202421_Base.geojson","_sourceKind":"Base"}},{"type":"Feature","geometry":{"type":"Point","coordinates":[131.68480791666667,32.62623488888889]},"properties":{"_markerType":"Icon","_iconUrl":"https://service.gsi.go.jp/kijunten/contents/screen/point/images/Base/TR4.png","_iconSize":[20,20],"name":"田上山","基準点コード":"TR44831755401","等級種別":"TR4","基準点名":"田上山","ワンストップ可否":"○","成果状態":"正常","北緯":"32°37′34″.4456","東経":"131°41′05″.3085","標高":"74.57","現況状態":"正常","年月日":"20091106","_sourceFile":"20260505_202421_Base.geojson","_sourceKind":"Base"}},{"type":"Feature","geometry":{"type":"Point","coordinates":[131.70065730555555,32.62698897222222]},"properties":{"_markerType":"Icon","_iconUrl":"https://service.gsi.go.jp/kijunten/contents/screen/point/images/Base/TR4.png","_iconSize":[20,20],"name":"十郎","基準点コード":"TR44831755601","等級種別":"TR4","基準点名":"十郎","ワンストップ可否":"○","成果状態":"正常","北緯":"32°37′37″.1603","東経":"131°42′02″.3663","標高":"119.90","現況状態":"正常","年月日":"20091106","_sourceFile":"20260505_202421_Base.geojson","_sourceKind":"Base"}},{"type":"Feature","geometry":{"type":"Point","coordinates":[131.74883774999998,32.63175561111111]},"properties":{"_markerType":"Icon","_iconUrl":"https://service.gsi.go.jp/kijunten/contents/screen/point/images/Base/TR4.png","_iconSize":[20,20],"name":"甫場","基準点コード":"TR44831755902","等級種別":"TR4","基準点名":"甫場","ワンストップ可否":"○","成果状態":"正常","北緯":"32°37′54″.3202","東経":"131°44′55″.8159","標高":"175.70","現況状態":"報告なし","年月日":"20001003","_sourceFile":"20260505_202421_Base.geojson","_sourceKind":"Base"}},{"type":"Feature","geometry":{"type":"Point","coordinates":[131.64911930555556,32.640301916666665]},"properties":{"_markerType":"Icon","_iconUrl":"https://service.gsi.go.jp/kijunten/contents/screen/point/images/Base/TR4.png","_iconSize":[20,20],"name":"大峡山","基準点コード":"TR44831756101","等級種別":"TR4","基準点名":"大峡山","ワンストップ可否":"○","成果状態":"正常","北緯":"32°38′25″.0869","東経":"131°38′56″.8295","標高":"309.35","現況状態":"報告なし","年月日":"00000000","_sourceFile":"20260505_202421_Base.geojson","_sourceKind":"Base"}},{"type":"Feature","geometry":{"type":"Point","coordinates":[131.69100219444445,32.63606055555555]},"properties":{"_markerType":"Icon","_iconUrl":"https://service.gsi.go.jp/kijunten/contents/screen/point/images/Base/TR4.png","_iconSize":[20,20],"name":"三足","基準点コード":"TR44831756501","等級種別":"TR4","基準点名":"三足","ワンストップ可否":"○","成果状態":"正常","北緯":"32°38′09″.8180","東経":"131°41′27″.6079","標高":"60.14","現況状態":"正常","年月日":"20091106","_sourceFile":"20260505_202421_Base.geojson","_sourceKind":"Base"}},{"type":"Feature","geometry":{"type":"Point","coordinates":[131.71169133333333,32.63649508333333]},"properties":{"_markerType":"Icon","_iconUrl":"https://service.gsi.go.jp/kijunten/contents/screen/point/images/Base/TR4.png","_iconSize":[20,20],"name":"長井","基準点コード":"TR44831756601","等級種別":"TR4","基準点名":"長井","ワンストップ可否":"○","成果状態":"正常","北緯":"32°38′11″.3823","東経":"131°42′42″.0888","標高":"324.38","現況状態":"正常","年月日":"20020512","_sourceFile":"20260505_202421_Base.geojson","_sourceKind":"Base"}},{"type":"Feature","geometry":{"type":"Point","coordinates":[131.73721538888887,32.63974397222222]},"properties":{"_markerType":"Icon","_iconUrl":"https://service.gsi.go.jp/kijunten/contents/screen/point/images/Base/TR4.png","_iconSize":[20,20],"name":"折川内","基準点コード":"TR44831756801","等級種別":"TR4","基準点名":"折川内","ワンストップ可否":"○","成果状態":"正常","北緯":"32°38′23″.0783","東経":"131°44′13″.9754","標高":"175.21","現況状態":"報告なし","年月日":"19931110","_sourceFile":"20260505_202421_Base.geojson","_sourceKind":"Base"}},{"type":"Feature","geometry":{"type":"Point","coordinates":[131.72748697222224,32.639550972222224]},"properties":{"_markerType":"Icon","_iconUrl":"https://service.gsi.go.jp/kijunten/contents/screen/point/images/Base/TR4.png","_iconSize":[20,20],"name":"長谷","基準点コード":"TR44831756802","等級種別":"TR4","基準点名":"長谷","ワンストップ可否":"○","成果状態":"正常","北緯":"32°38′22″.3835","東経":"131°43′38″.9531","標高":"229.22","現況状態":"報告なし","年月日":"19930627","_sourceFile":"20260505_202421_Base.geojson","_sourceKind":"Base"}},{"type":"Feature","geometry":{"type":"Point","coordinates":[131.66611272222224,32.64378658333333]},"properties":{"_markerType":"Icon","_iconUrl":"https://service.gsi.go.jp/kijunten/contents/screen/point/images/Base/TR4.png","_iconSize":[20,20],"name":"差木野","基準点コード":"TR44831757301","等級種別":"TR4","基準点名":"差木野","ワンストップ可否":"○","成果状態":"正常","北緯":"32°38′37″.6317","東経":"131°39′58″.0058","標高":"366.63","現況状態":"報告なし","年月日":"19640708","_sourceFile":"20260505_202421_Base.geojson","_sourceKind":"Base"}},{"type":"Feature","geometry":{"type":"Point","coordinates":[131.67967602777776,32.64927586111111]},"properties":{"_markerType":"Icon","_iconUrl":"https://service.gsi.go.jp/kijunten/contents/screen/point/images/Base/TR4.png","_iconSize":[20,20],"name":"俵野","基準点コード":"TR44831757401","等級種別":"TR4","基準点名":"俵野","ワンストップ可否":"○","成果状態":"正常","北緯":"32°38′57″.3931","東経":"131°40′46″.8337","標高":"197.10","現況状態":"報告なし","年月日":"00000000","_sourceFile":"20260505_202421_Base.geojson","_sourceKind":"Base"}},{"type":"Feature","geometry":{"type":"Point","coordinates":[131.7445371388889,32.64904475]},"properties":{"_markerType":"Icon","_iconUrl":"https://service.gsi.go.jp/kijunten/contents/screen/point/images/Base/TR4.png","_iconSize":[20,20],"name":"浦城","基準点コード":"TR44831757901","等級種別":"TR4","基準点名":"浦城","ワンストップ可否":"○","成果状態":"正常","北緯":"32°38′56″.5611","東経":"131°44′40″.3337","標高":"80.39","現況状態":"報告なし","年月日":"00000000","_sourceFile":"20260505_202421_Base.geojson","_sourceKind":"Base"}},{"type":"Feature","geometry":{"type":"Point","coordinates":[131.70373316666667,32.651655805555556]},"properties":{"_markerType":"Icon","_iconUrl":"https://service.gsi.go.jp/kijunten/contents/screen/point/images/Base/TR4.png","_iconSize":[20,20],"name":"小平方","基準点コード":"TR44831758601","等級種別":"TR4","基準点名":"小平方","ワンストップ可否":"○","成果状態":"正常","北緯":"32°39′05″.9609","東経":"131°42′13″.4394","標高":"205.21","現況状態":"正常","年月日":"20091106","_sourceFile":"20260505_202421_Base.geojson","_sourceKind":"Base"}},{"type":"Feature","geometry":{"type":"Point","coordinates":[131.71535930555555,32.65493908333333]},"properties":{"_markerType":"Icon","_iconUrl":"https://service.gsi.go.jp/kijunten/contents/screen/point/images/Base/TR4.png","_iconSize":[20,20],"name":"柿ノ尻","基準点コード":"TR44831758701","等級種別":"TR4","基準点名":"柿ノ尻","ワンストップ可否":"○","成果状態":"正常","北緯":"32°39′17″.7807","東経":"131°42′55″.2935","標高":"119.93","現況状態":"正常","年月日":"20031125","_sourceFile":"20260505_202421_Base.geojson","_sourceKind":"Base"}},{"type":"Feature","geometry":{"type":"Point","coordinates":[131.63567155555555,32.66178383333333]},"properties":{"_markerType":"Icon","_iconUrl":"https://service.gsi.go.jp/kijunten/contents/screen/point/images/Base/TR4.png","_iconSize":[20,20],"name":"小中尾","基準点コード":"TR44831759001","等級種別":"TR4","基準点名":"小中尾","ワンストップ可否":"○","成果状態":"正常","北緯":"32°39′42″.4218","東経":"131°38′08″.4176","標高":"440.96","現況状態":"報告なし","年月日":"00000000","_sourceFile":"20260505_202421_Base.geojson","_sourceKind":"Base"}},{"type":"Feature","geometry":{"type":"Point","coordinates":[131.67045769444442,32.65920338888889]},"properties":{"_markerType":"Icon","_iconUrl":"https://service.gsi.go.jp/kijunten/contents/screen/point/images/Base/TR4.png","_iconSize":[20,20],"name":"二本杉","基準点コード":"TR44831759301","等級種別":"TR4","基準点名":"二本杉","ワンストップ可否":"○","成果状態":"正常","北緯":"32°39′33″.1322","東経":"131°40′13″.6477","標高":"585.44","現況状態":"報告なし","年月日":"00000000","_sourceFile":"20260505_202421_Base.geojson","_sourceKind":"Base"}},{"type":"Feature","geometry":{"type":"Point","coordinates":[131.69127316666666,32.663981694444445]},"properties":{"_markerType":"Icon","_iconUrl":"https://service.gsi.go.jp/kijunten/contents/screen/point/images/Base/TR4.png","_iconSize":[20,20],"name":"狐窪","基準点コード":"TR44831759501","等級種別":"TR4","基準点名":"狐窪","ワンストップ可否":"○","成果状態":"正常","北緯":"32°39′50″.3341","東経":"131°41′28″.5834","標高":"201.79","現況状態":"正常","年月日":"20031125","_sourceFile":"20260505_202421_Base.geojson","_sourceKind":"Base"}},{"type":"Feature","geometry":{"type":"Point","coordinates":[131.72861455555557,32.66624725]},"properties":{"_markerType":"Icon","_iconUrl":"https://service.gsi.go.jp/kijunten/contents/screen/point/images/Base/TR4.png","_iconSize":[20,20],"name":"広野山","基準点コード":"TR44831759801","等級種別":"TR4","基準点名":"広野山","ワンストップ可否":"○","成果状態":"正常","北緯":"32°39′58″.4901","東経":"131°43′43″.0124","標高":"211.20","現況状態":"報告なし","年月日":"20001003","_sourceFile":"20260505_202421_Base.geojson","_sourceKind":"Base"}},{"type":"Feature","geometry":{"type":"Point","coordinates":[131.7545783888889,32.617852944444444]},"properties":{"_markerType":"Icon","_iconUrl":"https://service.gsi.go.jp/kijunten/contents/screen/point/images/Base/TR4.png","_iconSize":[20,20],"name":"安井山","基準点コード":"TR44831764001","等級種別":"TR4","基準点名":"安井山","ワンストップ可否":"○","成果状態":"正常","北緯":"32°37′04″.2706","東経":"131°45′16″.4822","標高":"167.56","現況状態":"報告なし","年月日":"00000000","_sourceFile":"20260505_202421_Base.geojson","_sourceKind":"Base"}},{"type":"Feature","geometry":{"type":"Point","coordinates":[131.765348,32.63014561111111]},"properties":{"_markerType":"Icon","_iconUrl":"https://service.gsi.go.jp/kijunten/contents/screen/point/images/Base/TR4.png","_iconSize":[20,20],"name":"磯の松山","基準点コード":"TR44831765101","等級種別":"TR4","基準点名":"磯の松山","ワンストップ可否":"○","成果状態":"正常","北緯":"32°37′48″.5242","東経":"131°45′55″.2528","標高":"119.01","現況状態":"報告なし","年月日":"20001003","_sourceFile":"20260505_202421_Base.geojson","_sourceKind":"Base"}},{"type":"Feature","geometry":{"type":"Point","coordinates":[131.76029325,32.64924533333333]},"properties":{"_markerType":"Icon","_iconUrl":"https://service.gsi.go.jp/kijunten/contents/screen/point/images/Base/TR4.png","_iconSize":[20,20],"name":"片角","基準点コード":"TR44831767001","等級種別":"TR4","基準点名":"片角","ワンストップ可否":"○","成果状態":"正常","北緯":"32°38′57″.2832","東経":"131°45′37″.0557","標高":"150.96","現況状態":"正常","年月日":"20031031","_sourceFile":"20260505_202421_Base.geojson","_sourceKind":"Base"}},{"type":"Feature","geometry":{"type":"Point","coordinates":[131.76944177777779,32.657330277777774]},"properties":{"_markerType":"Icon","_iconUrl":"https://service.gsi.go.jp/kijunten/contents/screen/point/images/Base/TR4.png","_iconSize":[20,20],"name":"魚見山","基準点コード":"TR44831768101","等級種別":"TR4","基準点名":"魚見山","ワンストップ可否":"○","成果状態":"正常","北緯":"32°39′26″.3890","東経":"131°46′09″.9904","標高":"60.49","現況状態":"正常","年月日":"20060811","_sourceFile":"20260505_202421_Base.geojson","_sourceKind":"Base"}},{"type":"Feature","geometry":{"type":"Point","coordinates":[131.75110808333332,32.65961291666667]},"properties":{"_markerType":"Icon","_iconUrl":"https://service.gsi.go.jp/kijunten/contents/screen/point/images/Base/TR4.png","_iconSize":[20,20],"name":"仲畑","基準点コード":"TR44831769001","等級種別":"TR4","基準点名":"仲畑","ワンストップ可否":"○","成果状態":"正常","北緯":"32°39′34″.6065","東経":"131°45′03″.9891","標高":"267.18","現況状態":"報告なし","年月日":"19640705","_sourceFile":"20260505_202421_Base.geojson","_sourceKind":"Base"}},{"type":"Feature","geometry":{"type":"Point","coordinates":[131.48010716666667,32.69416475]},"properties":{"_markerType":"Icon","_iconUrl":"https://service.gsi.go.jp/kijunten/contents/screen/point/images/Base/TR4.png","_iconSize":[20,20],"name":"村山","基準点コード":"TR44931033801","等級種別":"TR4","基準点名":"村山","ワンストップ可否":"○","成果状態":"正常","北緯":"32°41′38″.9931","東経":"131°28′48″.3858","標高":"895.94","現況状態":"報告なし","年月日":"19890921","_sourceFile":"20260505_202421_Base.geojson","_sourceKind":"Base"}},{"type":"Feature","geometry":{"type":"Point","coordinates":[131.48820794444444,32.70286280555556]},"properties":{"_markerType":"Icon","_iconUrl":"https://service.gsi.go.jp/kijunten/contents/screen/point/images/Base/TR4.png","_iconSize":[20,20],"name":"高畑","基準点コード":"TR44931034901","等級種別":"TR4","基準点名":"高畑","ワンストップ可否":"○","成果状態":"正常","北緯":"32°42′10″.3061","東経":"131°29′17″.5486","標高":"703.79","現況状態":"報告なし","年月日":"19890921","_sourceFile":"20260505_202421_Base.geojson","_sourceKind":"Base"}},{"type":"Feature","geometry":{"type":"Point","coordinates":[131.4810305277778,32.715277944444445]},"properties":{"_markerType":"Icon","_iconUrl":"https://service.gsi.go.jp/kijunten/contents/screen/point/images/Base/TR4.png","_iconSize":[20,20],"name":"杉原","基準点コード":"TR44931035801","等級種別":"TR4","基準点名":"杉原","ワンストップ可否":"○","成果状態":"正常","北緯":"32°42′55″.0006","東経":"131°28′51″.7099","標高":"863.43","現況状態":"報告なし","年月日":"19890921","_sourceFile":"20260505_202421_Base.geojson","_sourceKind":"Base"}},{"type":"Feature","geometry":{"type":"Point","coordinates":[131.61848277777779,32.689711305555555]},"properties":{"_markerType":"Icon","_iconUrl":"https://service.gsi.go.jp/kijunten/contents/screen/point/images/Base/TR4.png","_iconSize":[20,20],"name":"入道石","基準点コード":"TR44931042901","等級種別":"TR4","基準点名":"入道石","ワンストップ可否":"○","成果状態":"正常","北緯":"32°41′22″.9607","東経":"131°37′06″.5380","標高":"209.58","現況状態":"報告なし","年月日":"20011220","_sourceFile":"20260505_202421_Base.geojson","_sourceKind":"Base"}},{"type":"Feature","geometry":{"type":"Point","coordinates":[131.50838655555555,32.704089833333335]},"properties":{"_markerType":"Icon","_iconUrl":"https://service.gsi.go.jp/kijunten/contents/screen/point/images/Base/TR4.png","_iconSize":[20,20],"name":"今村","基準点コード":"TR44931044001","等級種別":"TR4","基準点名":"今村","ワンストップ可否":"○","成果状態":"正常","北緯":"32°42′14″.7234","東経":"131°30′30″.1916","標高":"868.48","現況状態":"報告なし","年月日":"19890921","_sourceFile":"20260505_202421_Base.geojson","_sourceKind":"Base"}},{"type":"Feature","geometry":{"type":"Point","coordinates":[131.61108675,32.703830833333335]},"properties":{"_markerType":"Icon","_iconUrl":"https://service.gsi.go.jp/kijunten/contents/screen/point/images/Base/TR4.png","_iconSize":[20,20],"name":"鹿無ヶ内山","基準点コード":"TR44931044801","等級種別":"TR4","基準点名":"鹿無ヶ内山","ワンストップ可否":"○","成果状態":"正常","北緯":"32°42′13″.7910","東経":"131°36′39″.9123","標高":"282.09","現況状態":"報告なし","年月日":"20011220","_sourceFile":"20260505_202421_Base.geojson","_sourceKind":"Base"}},{"type":"Feature","geometry":{"type":"Point","coordinates":[131.51253433333332,32.71779411111111]},"properties":{"_markerType":"Icon","_iconUrl":"https://service.gsi.go.jp/kijunten/contents/screen/point/images/Base/TR4.png","_iconSize":[20,20],"name":"鹿川越","基準点コード":"TR44931046101","等級種別":"TR4","基準点名":"鹿川越","ワンストップ可否":"○","成果状態":"正常","北緯":"32°43′04″.0588","東経":"131°30′45″.1236","標高":"993.91","現況状態":"報告なし","年月日":"19890921","_sourceFile":"20260505_202421_Base.geojson","_sourceKind":"Base"}},{"type":"Feature","geometry":{"type":"Point","coordinates":[131.6074578611111,32.71930725]},"properties":{"_markerType":"Icon","_iconUrl":"https://service.gsi.go.jp/kijunten/contents/screen/point/images/Base/TR4.png","_iconSize":[20,20],"name":"大鹿倉山","基準点コード":"TR44931046801","等級種別":"TR4","基準点名":"大鹿倉山","ワンストップ可否":"○","成果状態":"正常","北緯":"32°43′09″.5061","東経":"131°36′26″.8483","標高":"652.57","現況状態":"報告なし","年月日":"20011220","_sourceFile":"20260505_202421_Base.geojson","_sourceKind":"Base"}},{"type":"Feature","geometry":{"type":"Point","coordinates":[131.58557169444447,32.74176586111111]},"properties":{"_markerType":"Icon","_iconUrl":"https://service.gsi.go.jp/kijunten/contents/screen/point/images/Base/TR4.png","_iconSize":[20,20],"name":"相海山","基準点コード":"TR44931049601","等級種別":"TR4","基準点名":"相海山","ワンストップ可否":"○","成果状態":"正常","北緯":"32°44′30″.3571","東経":"131°35′08″.0581","標高":"1032.78","現況状態":"正常","年月日":"20060809","_sourceFile":"20260505_202421_Base.geojson","_sourceKind":"Base"}},{"type":"Feature","geometry":{"type":"Point","coordinates":[131.60752663888888,32.74727186111111]},"properties":{"_markerType":"Icon","_iconUrl":"https://service.gsi.go.jp/kijunten/contents/screen/point/images/Base/TR4.png","_iconSize":[20,20],"name":"二ツ滝山","基準点コード":"TR44931049801","等級種別":"TR4","基準点名":"二ツ滝山","ワンストップ可否":"○","成果状態":"正常","北緯":"32°44′50″.1787","東経":"131°36′27″.0959","標高":"323.46","現況状態":"報告なし","年月日":"20040818","_sourceFile":"20260505_202421_Base.geojson","_sourceKind":"Base"}},{"type":"Feature","geometry":{"type":"Point","coordinates":[131.62146547222224,32.742150611111114]},"properties":{"_markerType":"Icon","_iconUrl":"https://service.gsi.go.jp/kijunten/contents/screen/point/images/Base/TR4.png","_iconSize":[20,20],"name":"龍子山","基準点コード":"TR44931049901","等級種別":"TR4","基準点名":"龍子山","ワンストップ可否":"○","成果状態":"正常","北緯":"32°44′31″.7422","東経":"131°37′17″.2757","標高":"310.67","現況状態":"正常","年月日":"20040630","_sourceFile":"20260505_202421_Base.geojson","_sourceKind":"Base"}},{"type":"Feature","geometry":{"type":"Point","coordinates":[131.65138458333334,32.67328988888889]},"properties":{"_markerType":"Icon","_iconUrl":"https://service.gsi.go.jp/kijunten/contents/screen/point/images/Base/TR4.png","_iconSize":[20,20],"name":"仲ノ内","基準点コード":"TR44931050201","等級種別":"TR4","基準点名":"仲ノ内","ワンストップ可否":"○","成果状態":"正常","北緯":"32°40′23″.8436","東経":"131°39′04″.9845","標高":"543.21","現況状態":"報告なし","年月日":"19640713","_sourceFile":"20260505_202421_Base.geojson","_sourceKind":"Base"}},{"type":"Feature","geometry":{"type":"Point","coordinates":[131.6693513333333,32.67199330555555]},"properties":{"_markerType":"Icon","_iconUrl":"https://service.gsi.go.jp/kijunten/contents/screen/point/images/Base/TR4.png","_iconSize":[20,20],"name":"板ケ内","基準点コード":"TR44931050301","等級種別":"TR4","基準点名":"板ケ内","ワンストップ可否":"○","成果状態":"正常","北緯":"32°40′19″.1759","東経":"131°40′09″.6648","標高":"410.12","現況状態":"報告なし","年月日":"19640713","_sourceFile":"20260505_202421_Base.geojson","_sourceKind":"Base"}},{"type":"Feature","geometry":{"type":"Point","coordinates":[131.6914873888889,32.67379522222222]},"properties":{"_markerType":"Icon","_iconUrl":"https://service.gsi.go.jp/kijunten/contents/screen/point/images/Base/TR4.png","_iconSize":[20,20],"name":"日の谷","基準点コード":"TR44931050501","等級種別":"TR4","基準点名":"日の谷","ワンストップ可否":"○","成果状態":"正常","北緯":"32°40′25″.6628","東経":"131°41′29″.3546","標高":"120.56","現況状態":"正常","年月日":"20041126","_sourceFile":"20260505_202421_Base.geojson","_sourceKind":"Base"}},{"type":"Feature","geometry":{"type":"Point","coordinates":[131.7413807222222,32.669245305555556]},"properties":{"_markerType":"Icon","_iconUrl":"https://service.gsi.go.jp/kijunten/contents/screen/point/images/Base/TR4.png","_iconSize":[20,20],"name":"浦尻","基準点コード":"TR44931050901","等級種別":"TR4","基準点名":"浦尻","ワンストップ可否":"○","成果状態":"正常","北緯":"32°40′09″.2831","東経":"131°44′28″.9706","標高":"197.86","現況状態":"報告なし","年月日":"20001003","_sourceFile":"20260505_202421_Base.geojson","_sourceKind":"Base"}},{"type":"Feature","geometry":{"type":"Point","coordinates":[131.71448022222222,32.675413638888884]},"properties":{"_markerType":"Icon","_iconUrl":"https://service.gsi.go.jp/kijunten/contents/screen/point/images/Base/TR4.png","_iconSize":[20,20],"name":"大内門","基準点コード":"TR44931051701","等級種別":"TR4","基準点名":"大内門","ワンストップ可否":"○","成果状態":"正常","北緯":"32°40′31″.4891","東経":"131°42′52″.1288","標高":"125.94","現況状態":"正常","年月日":"20031125","_sourceFile":"20260505_202421_Base.geojson","_sourceKind":"Base"}},{"type":"Feature","geometry":{"type":"Point","coordinates":[131.7335417222222,32.677718138888885]},"properties":{"_markerType":"Icon","_iconUrl":"https://service.gsi.go.jp/kijunten/contents/screen/point/images/Base/TR4.png","_iconSize":[20,20],"name":"伊勢戸","基準点コード":"TR44931051801","等級種別":"TR4","基準点名":"伊勢戸","ワンストップ可否":"○","成果状態":"正常","北緯":"32°40′39″.7853","東経":"131°44′00″.7502","標高":"187.71","現況状態":"正常","年月日":"20041126","_sourceFile":"20260505_202421_Base.geojson","_sourceKind":"Base"}},{"type":"Feature","geometry":{"type":"Point","coordinates":[131.73884741666666,32.683109027777775]},"properties":{"_markerType":"Icon","_iconUrl":"https://service.gsi.go.jp/kijunten/contents/screen/point/images/Base/TR4.png","_iconSize":[20,20],"name":"家田","基準点コード":"TR44931051901","等級種別":"TR4","基準点名":"家田","ワンストップ可否":"○","成果状態":"正常","北緯":"32°40′59″.1925","東経":"131°44′19″.8507","標高":"286.53","現況状態":"報告なし","年月日":"19941031","_sourceFile":"20260505_202421_Base.geojson","_sourceKind":"Base"}},{"type":"Feature","geometry":{"type":"Point","coordinates":[131.6355443888889,32.691547916666664]},"properties":{"_markerType":"Icon","_iconUrl":"https://service.gsi.go.jp/kijunten/contents/screen/point/images/Base/TR4.png","_iconSize":[20,20],"name":"長谷ケ内","基準点コード":"TR44931052001","等級種別":"TR4","基準点名":"長谷ケ内","ワンストップ可否":"○","成果状態":"正常","北緯":"32°41′29″.5725","東経":"131°38′07″.9598","標高":"617.44","現況状態":"報告なし","年月日":"20011220","_sourceFile":"20260505_202421_Base.geojson","_sourceKind":"Base"}},{"type":"Feature","geometry":{"type":"Point","coordinates":[131.66325783333335,32.683913805555555]},"properties":{"_markerType":"Icon","_iconUrl":"https://service.gsi.go.jp/kijunten/contents/screen/point/images/Base/TR4.png","_iconSize":[20,20],"name":"森谷","基準点コード":"TR44931052301","等級種別":"TR4","基準点名":"森谷","ワンストップ可否":"○","成果状態":"正常","北緯":"32°41′02″.0897","東経":"131°39′47″.7282","標高":"458.39","現況状態":"報告なし","年月日":"19850624","_sourceFile":"20260505_202421_Base.geojson","_sourceKind":"Base"}},{"type":"Feature","geometry":{"type":"Point","coordinates":[131.70570377777776,32.683929]},"properties":{"_markerType":"Icon","_iconUrl":"https://service.gsi.go.jp/kijunten/contents/screen/point/images/Base/TR4.png","_iconSize":[20,20],"name":"川坂","基準点コード":"TR44931052601","等級種別":"TR4","基準点名":"川坂","ワンストップ可否":"○","成果状態":"正常","北緯":"32°41′02″.1444","東経":"131°42′20″.5336","標高":"251.33","現況状態":"正常","年月日":"20031125","_sourceFile":"20260505_202421_Base.geojson","_sourceKind":"Base"}},{"type":"Feature","geometry":{"type":"Point","coordinates":[131.67778894444444,32.69936763888889]},"properties":{"_markerType":"Icon","_iconUrl":"https://service.gsi.go.jp/kijunten/contents/screen/point/images/Base/TR4.png","_iconSize":[20,20],"name":"小木口","基準点コード":"TR44931053401","等級種別":"TR4","基準点名":"小木口","ワンストップ可否":"○","成果状態":"正常","北緯":"32°41′57″.7235","東経":"131°40′40″.0402","標高":"237.74","現況状態":"報告なし","年月日":"19810714","_sourceFile":"20260505_202421_Base.geojson","_sourceKind":"Base"}},{"type":"Feature","geometry":{"type":"Point","coordinates":[131.69417455555555,32.69198080555555]},"properties":{"_markerType":"Icon","_iconUrl":"https://service.gsi.go.jp/kijunten/contents/screen/point/images/Base/TR4.png","_iconSize":[20,20],"name":"サイレン山","基準点コード":"TR44931053501","等級種別":"TR4","基準点名":"サイレン山","ワンストップ可否":"○","成果状態":"正常","北緯":"32°41′31″.1309","東経":"131°41′39″.0284","標高":"108.17","現況状態":"正常","年月日":"20030613","_sourceFile":"20260505_202421_Base.geojson","_sourceKind":"Base"}},{"type":"Feature","geometry":{"type":"Point","coordinates":[131.71120377777777,32.6999035]},"properties":{"_markerType":"Icon","_iconUrl":"https://service.gsi.go.jp/kijunten/contents/screen/point/images/Base/TR4.png","_iconSize":[20,20],"name":"市ヶ迫","基準点コード":"TR44931053601","等級種別":"TR4","基準点名":"市ヶ迫","ワンストップ可否":"○","成果状態":"正常","北緯":"32°41′59″.6526","東経":"131°42′40″.3336","標高":"342.15","現況状態":"報告なし","年月日":"19810715","_sourceFile":"20260505_202421_Base.geojson","_sourceKind":"Base"}},{"type":"Feature","geometry":{"type":"Point","coordinates":[131.73520925,32.69722177777778]},"properties":{"_markerType":"Icon","_iconUrl":"https://service.gsi.go.jp/kijunten/contents/screen/point/images/Base/TR4.png","_iconSize":[20,20],"name":"水無山","基準点コード":"TR44931053801","等級種別":"TR4","基準点名":"水無山","ワンストップ可否":"○","成果状態":"正常","北緯":"32°41′49″.9984","東経":"131°44′06″.7533","標高":"310.86","現況状態":"報告なし","年月日":"19941031","_sourceFile":"20260505_202421_Base.geojson","_sourceKind":"Base"}},{"type":"Feature","geometry":{"type":"Point","coordinates":[131.74698213888888,32.69192127777777]},"properties":{"_markerType":"Icon","_iconUrl":"https://service.gsi.go.jp/kijunten/contents/screen/point/images/Base/TR4.png","_iconSize":[20,20],"name":"風呂ヶ迫","基準点コード":"TR44931053901","等級種別":"TR4","基準点名":"風呂ヶ迫","ワンストップ可否":"○","成果状態":"正常","北緯":"32°41′30″.9166","東経":"131°44′49″.1357","標高":"326.34","現況状態":"報告なし","年月日":"19970820","_sourceFile":"20260505_202421_Base.geojson","_sourceKind":"Base"}},{"type":"Feature","geometry":{"type":"Point","coordinates":[131.6482799722222,32.70466183333333]},"properties":{"_markerType":"Icon","_iconUrl":"https://service.gsi.go.jp/kijunten/contents/screen/point/images/Base/TR4.png","_iconSize":[20,20],"name":"滝下山","基準点コード":"TR44931054101","等級種別":"TR4","基準点名":"滝下山","ワンストップ可否":"○","成果状態":"正常","北緯":"32°42′16″.7826","東経":"131°38′53″.8079","標高":"335.26","現況状態":"報告なし","年月日":"19850624","_sourceFile":"20260505_202421_Base.geojson","_sourceKind":"Base"}},{"type":"Feature","geometry":{"type":"Point","coordinates":[131.66206775,32.70313513888889]},"properties":{"_markerType":"Icon","_iconUrl":"https://service.gsi.go.jp/kijunten/contents/screen/point/images/Base/TR4.png","_iconSize":[20,20],"name":"木口山","基準点コード":"TR44931054201","等級種別":"TR4","基準点名":"木口山","ワンストップ可否":"○","成果状態":"正常","北緯":"32°42′11″.2865","東経":"131°39′43″.4439","標高":"426.25","現況状態":"報告なし","年月日":"19850623","_sourceFile":"20260505_202421_Base.geojson","_sourceKind":"Base"}},{"type":"Feature","geometry":{"type":"Point","coordinates":[131.66424808333335,32.71228886111111]},"properties":{"_markerType":"Icon","_iconUrl":"https://service.gsi.go.jp/kijunten/contents/screen/point/images/Base/TR4.png","_iconSize":[20,20],"name":"長原山","基準点コード":"TR44931055301","等級種別":"TR4","基準点名":"長原山","ワンストップ可否":"○","成果状態":"正常","北緯":"32°42′44″.2399","東経":"131°39′51″.2931","標高":"218.51","現況状態":"報告なし","年月日":"19840712","_sourceFile":"20260505_202421_Base.geojson","_sourceKind":"Base"}},{"type":"Feature","geometry":{"type":"Point","coordinates":[131.67752441666667,32.70924391666667]},"properties":{"_markerType":"Icon","_iconUrl":"https://service.gsi.go.jp/kijunten/contents/screen/point/images/Base/TR4.png","_iconSize":[20,20],"name":"屋形原","基準点コード":"TR44931055401","等級種別":"TR4","基準点名":"屋形原","ワンストップ可否":"○","成果状態":"正常","北緯":"32°42′33″.2781","東経":"131°40′39″.0879","標高":"175.11","現況状態":"正常","年月日":"20030613","_sourceFile":"20260505_202421_Base.geojson","_sourceKind":"Base"}},{"type":"Feature","geometry":{"type":"Point","coordinates":[131.71026527777778,32.71397477777778]},"properties":{"_markerType":"Icon","_iconUrl":"https://service.gsi.go.jp/kijunten/contents/screen/point/images/Base/TR4.png","_iconSize":[20,20],"name":"足久","基準点コード":"TR44931055601","等級種別":"TR4","基準点名":"足久","ワンストップ可否":"○","成果状態":"正常","北緯":"32°42′50″.3092","東経":"131°42′36″.9550","標高":"241.57","現況状態":"正常","年月日":"20030613","_sourceFile":"20260505_202421_Base.geojson","_sourceKind":"Base"}},{"type":"Feature","geometry":{"type":"Point","coordinates":[131.72923113888888,32.70906569444445]},"properties":{"_markerType":"Icon","_iconUrl":"https://service.gsi.go.jp/kijunten/contents/screen/point/images/Base/TR4.png","_iconSize":[20,20],"name":"田ノ原","基準点コード":"TR44931055801","等級種別":"TR4","基準点名":"田ノ原","ワンストップ可否":"○","成果状態":"正常","北緯":"32°42′32″.6365","東経":"131°43′45″.2321","標高":"381.00","現況状態":"報告なし","年月日":"19810711","_sourceFile":"20260505_202421_Base.geojson","_sourceKind":"Base"}},{"type":"Feature","geometry":{"type":"Point","coordinates":[131.74552913888888,32.70968969444445]},"properties":{"_markerType":"Icon","_iconUrl":"https://service.gsi.go.jp/kijunten/contents/screen/point/images/Base/TR4.png","_iconSize":[20,20],"name":"黒猪","基準点コード":"TR44931055901","等級種別":"TR4","基準点名":"黒猪","ワンストップ可否":"○","成果状態":"正常","北緯":"32°42′34″.8829","東経":"131°44′43″.9049","標高":"512.23","現況状態":"報告なし","年月日":"19970820","_sourceFile":"20260505_202421_Base.geojson","_sourceKind":"Base"}},{"type":"Feature","geometry":{"type":"Point","coordinates":[131.62829227777777,32.72391211111111]},"properties":{"_markerType":"Icon","_iconUrl":"https://service.gsi.go.jp/kijunten/contents/screen/point/images/Base/TR4.png","_iconSize":[20,20],"name":"椎葉谷山","基準点コード":"TR44931056001","等級種別":"TR4","基準点名":"椎葉谷山","ワンストップ可否":"○","成果状態":"正常","北緯":"32°43′26″.0836","東経":"131°37′41″.8522","標高":"487.29","現況状態":"報告なし","年月日":"20011220","_sourceFile":"20260505_202421_Base.geojson","_sourceKind":"Base"}},{"type":"Feature","geometry":{"type":"Point","coordinates":[131.69174116666667,32.72127019444444]},"properties":{"_markerType":"Icon","_iconUrl":"https://service.gsi.go.jp/kijunten/contents/screen/point/images/Base/TR4.png","_iconSize":[20,20],"name":"深瀬","基準点コード":"TR44931056501","等級種別":"TR4","基準点名":"深瀬","ワンストップ可否":"○","成果状態":"正常","北緯":"32°43′16″.5727","東経":"131°41′30″.2682","標高":"427.52","現況状態":"報告なし","年月日":"19810714","_sourceFile":"20260505_202421_Base.geojson","_sourceKind":"Base"}},{"type":"Feature","geometry":{"type":"Point","coordinates":[131.6582608611111,32.732248444444444]},"properties":{"_markerType":"Icon","_iconUrl":"https://service.gsi.go.jp/kijunten/contents/screen/point/images/Base/TR4.png","_iconSize":[20,20],"name":"河原ヶ内山","基準点コード":"TR44931057201","等級種別":"TR4","基準点名":"河原ヶ内山","ワンストップ可否":"○","成果状態":"正常","北緯":"32°43′56″.0944","東経":"131°39′29″.7391","標高":"234.04","現況状態":"正常","年月日":"20120823","_sourceFile":"20260505_202421_Base.geojson","_sourceKind":"Base"}},{"type":"Feature","geometry":{"type":"Point","coordinates":[131.67388477777777,32.72567605555556]},"properties":{"_markerType":"Icon","_iconUrl":"https://service.gsi.go.jp/kijunten/contents/screen/point/images/Base/TR4.png","_iconSize":[20,20],"name":"木和田山","基準点コード":"TR44931057301","等級種別":"TR4","基準点名":"木和田山","ワンストップ可否":"○","成果状態":"正常","北緯":"32°43′32″.4338","東経":"131°40′25″.9852","標高":"332.68","現況状態":"正常","年月日":"20031031","_sourceFile":"20260505_202421_Base.geojson","_sourceKind":"Base"}},{"type":"Feature","geometry":{"type":"Point","coordinates":[131.7170418611111,32.730124833333335]},"properties":{"_markerType":"Icon","_iconUrl":"https://service.gsi.go.jp/kijunten/contents/screen/point/images/Base/TR4.png","_iconSize":[20,20],"name":"石原山","基準点コード":"TR44931057701","等級種別":"TR4","基準点名":"石原山","ワンストップ可否":"○","成果状態":"正常","北緯":"32°43′48″.4494","東経":"131°43′01″.3507","標高":"186.60","現況状態":"報告なし","年月日":"19850622","_sourceFile":"20260505_202421_Base.geojson","_sourceKind":"Base"}},{"type":"Feature","geometry":{"type":"Point","coordinates":[131.72849244444444,32.72526911111111]},"properties":{"_markerType":"Icon","_iconUrl":"https://service.gsi.go.jp/kijunten/contents/screen/point/images/Base/TR4.png","_iconSize":[20,20],"name":"西ノ脇","基準点コード":"TR44931057801","等級種別":"TR4","基準点名":"西ノ脇","ワンストップ可否":"○","成果状態":"正常","北緯":"32°43′30″.9688","東経":"131°43′42″.5728","標高":"218.00","現況状態":"正常","年月日":"20120823","_sourceFile":"20260505_202421_Base.geojson","_sourceKind":"Base"}},{"type":"Feature","geometry":{"type":"Point","coordinates":[131.64093908333334,32.73438461111111]},"properties":{"_markerType":"Icon","_iconUrl":"https://service.gsi.go.jp/kijunten/contents/screen/point/images/Base/TR4.png","_iconSize":[20,20],"name":"杖突山","基準点コード":"TR44931058101","等級種別":"TR4","基準点名":"杖突山","ワンストップ可否":"○","成果状態":"正常","北緯":"32°44′03″.7846","東経":"131°38′27″.3807","標高":"196.83","現況状態":"報告なし","年月日":"20011220","_sourceFile":"20260505_202421_Base.geojson","_sourceKind":"Base"}},{"type":"Feature","geometry":{"type":"Point","coordinates":[131.68950080555555,32.733845055555555]},"properties":{"_markerType":"Icon","_iconUrl":"https://service.gsi.go.jp/kijunten/contents/screen/point/images/Base/TR4.png","_iconSize":[20,20],"name":"惣下","基準点コード":"TR44931058501","等級種別":"TR4","基準点名":"惣下","ワンストップ可否":"○","成果状態":"正常","北緯":"32°44′01″.8422","東経":"131°41′22″.2029","標高":"442.57","現況状態":"報告なし","年月日":"19850622","_sourceFile":"20260505_202421_Base.geojson","_sourceKind":"Base"}},{"type":"Feature","geometry":{"type":"Point","coordinates":[131.72127458333333,32.741024333333336]},"properties":{"_markerType":"Icon","_iconUrl":"https://service.gsi.go.jp/kijunten/contents/screen/point/images/Base/TR4.png","_iconSize":[20,20],"name":"尾平","基準点コード":"TR44931058701","等級種別":"TR4","基準点名":"尾平","ワンストップ可否":"○","成果状態":"正常","北緯":"32°44′27″.6876","東経":"131°43′16″.5885","標高":"328.91","現況状態":"報告なし","年月日":"19810708","_sourceFile":"20260505_202421_Base.geojson","_sourceKind":"Base"}},{"type":"Feature","geometry":{"type":"Point","coordinates":[131.74487213888887,32.73729652777778]},"properties":{"_markerType":"Icon","_iconUrl":"https://service.gsi.go.jp/kijunten/contents/screen/point/images/Base/TR4.png","_iconSize":[20,20],"name":"小橋","基準点コード":"TR44931058901","等級種別":"TR4","基準点名":"小橋","ワンストップ可否":"○","成果状態":"正常","北緯":"32°44′14″.2675","東経":"131°44′41″.5397","標高":"373.52","現況状態":"報告なし","年月日":"19810711","_sourceFile":"20260505_202421_Base.geojson","_sourceKind":"Base"}},{"type":"Feature","geometry":{"type":"Point","coordinates":[131.64487888888888,32.744020444444445]},"properties":{"_markerType":"Icon","_iconUrl":"https://service.gsi.go.jp/kijunten/contents/screen/point/images/Base/TR4.png","_iconSize":[20,20],"name":"清蔵ヶ内山","基準点コード":"TR44931059101","等級種別":"TR4","基準点名":"清蔵ヶ内山","ワンストップ可否":"○","成果状態":"正常","北緯":"32°44′38″.4736","東経":"131°38′41″.5640","標高":"425.60","現況状態":"報告なし","年月日":"20011220","_sourceFile":"20260505_202421_Base.geojson","_sourceKind":"Base"}},{"type":"Feature","geometry":{"type":"Point","coordinates":[131.6942358888889,32.744275972222226]},"properties":{"_markerType":"Icon","_iconUrl":"https://service.gsi.go.jp/kijunten/contents/screen/point/images/Base/TR4.png","_iconSize":[20,20],"name":"桑ヶ内","基準点コード":"TR44931059501","等級種別":"TR4","基準点名":"桑ヶ内","ワンストップ可否":"○","成果状態":"正常","北緯":"32°44′39″.3935","東経":"131°41′39″.2492","標高":"446.13","現況状態":"報告なし","年月日":"19980830","_sourceFile":"20260505_202421_Base.geojson","_sourceKind":"Base"}},{"type":"Feature","geometry":{"type":"Point","coordinates":[131.76979158333336,32.673734027777776]},"properties":{"_markerType":"Icon","_iconUrl":"https://service.gsi.go.jp/kijunten/contents/screen/point/images/Base/TR4.png","_iconSize":[20,20],"name":"塔ノ内","基準点コード":"TR44931060101","等級種別":"TR4","基準点名":"塔ノ内","ワンストップ可否":"○","成果状態":"正常","北緯":"32°40′25″.4425","東経":"131°46′11″.2497","標高":"185.50","現況状態":"報告なし","年月日":"19640701","_sourceFile":"20260505_202421_Base.geojson","_sourceKind":"Base"}},{"type":"Feature","geometry":{"type":"Point","coordinates":[131.7832955,32.676929611111106]},"properties":{"_markerType":"Icon","_iconUrl":"https://service.gsi.go.jp/kijunten/contents/screen/point/images/Base/TR4.png","_iconSize":[20,20],"name":"中学校","基準点コード":"TR44931061201","等級種別":"TR4","基準点名":"中学校","ワンストップ可否":"○","成果状態":"正常","北緯":"32°40′36″.9466","東経":"131°46′59″.8638","標高":"2.66","現況状態":"不明","年月日":"19990205","_sourceFile":"20260505_202421_Base.geojson","_sourceKind":"Base"}},{"type":"Feature","geometry":{"type":"Point","coordinates":[131.76126694444446,32.68700036111111]},"properties":{"_markerType":"Icon","_iconUrl":"https://service.gsi.go.jp/kijunten/contents/screen/point/images/Base/TR4.png","_iconSize":[20,20],"name":"須美江","基準点コード":"TR44931062001","等級種別":"TR4","基準点名":"須美江","ワンストップ可否":"○","成果状態":"正常","北緯":"32°41′13″.2013","東経":"131°45′40″.5610","標高":"268.18","現況状態":"報告なし","年月日":"19941031","_sourceFile":"20260505_202421_Base.geojson","_sourceKind":"Base"}},{"type":"Feature","geometry":{"type":"Point","coordinates":[131.7743885277778,32.689595527777776]},"properties":{"_markerType":"Icon","_iconUrl":"https://service.gsi.go.jp/kijunten/contents/screen/point/images/Base/TR4.png","_iconSize":[20,20],"name":"中村","基準点コード":"TR44931062101","等級種別":"TR4","基準点名":"中村","ワンストップ可否":"○","成果状態":"正常","北緯":"32°41′22″.5439","東経":"131°46′27″.7987","標高":"173.99","現況状態":"報告なし","年月日":"19941031","_sourceFile":"20260505_202421_Base.geojson","_sourceKind":"Base"}},{"type":"Feature","geometry":{"type":"Point","coordinates":[131.78658158333334,32.68456283333333]},"properties":{"_markerType":"Icon","_iconUrl":"https://service.gsi.go.jp/kijunten/contents/screen/point/images/Base/TR4.png","_iconSize":[20,20],"name":"熊野江","基準点コード":"TR44931062201","等級種別":"TR4","基準点名":"熊野江","ワンストップ可否":"○","成果状態":"正常","北緯":"32°41′04″.4262","東経":"131°47′11″.6937","標高":"4.22","現況状態":"正常","年月日":"20031031","_sourceFile":"20260505_202421_Base.geojson","_sourceKind":"Base"}},{"type":"Feature","geometry":{"type":"Point","coordinates":[131.81267125000002,32.69164269444444]},"properties":{"_markerType":"Icon","_iconUrl":"https://service.gsi.go.jp/kijunten/contents/screen/point/images/Base/TR4.png","_iconSize":[20,20],"name":"阿蘇東谷","基準点コード":"TR44931062501","等級種別":"TR4","基準点名":"阿蘇東谷","ワンストップ可否":"○","成果状態":"正常","北緯":"32°41′29″.9137","東経":"131°48′45″.6165","標高":"127.97","現況状態":"正常","年月日":"20040806","_sourceFile":"20260505_202421_Base.geojson","_sourceKind":"Base"}},{"type":"Feature","geometry":{"type":"Point","coordinates":[131.78431088888888,32.69365141666666]},"properties":{"_markerType":"Icon","_iconUrl":"https://service.gsi.go.jp/kijunten/contents/screen/point/images/Base/TR4.png","_iconSize":[20,20],"name":"別府","基準点コード":"TR44931063201","等級種別":"TR4","基準点名":"別府","ワンストップ可否":"○","成果状態":"正常","北緯":"32°41′37″.1451","東経":"131°47′03″.5192","標高":"70.53","現況状態":"報告なし","年月日":"19900910","_sourceFile":"20260505_202421_Base.geojson","_sourceKind":"Base"}},{"type":"Feature","geometry":{"type":"Point","coordinates":[131.8081965,32.70090705555556]},"properties":{"_markerType":"Icon","_iconUrl":"https://service.gsi.go.jp/kijunten/contents/screen/point/images/Base/TR4.png","_iconSize":[20,20],"name":"鶴山","基準点コード":"TR44931064401","等級種別":"TR4","基準点名":"鶴山","ワンストップ可否":"○","成果状態":"正常","北緯":"32°42′03″.2654","東経":"131°48′29″.5074","標高":"222.45","現況状態":"報告なし","年月日":"19790719","_sourceFile":"20260505_202421_Base.geojson","_sourceKind":"Base"}},{"type":"Feature","geometry":{"type":"Point","coordinates":[131.77731722222222,32.71066530555556]},"properties":{"_markerType":"Icon","_iconUrl":"https://service.gsi.go.jp/kijunten/contents/screen/point/images/Base/TR4.png","_iconSize":[20,20],"name":"黒岩峠","基準点コード":"TR44931065201","等級種別":"TR4","基準点名":"黒岩峠","ワンストップ可否":"○","成果状態":"正常","北緯":"32°42′38″.3951","東経":"131°46′38″.3420","標高":"512.12","現況状態":"報告なし","年月日":"19980830","_sourceFile":"20260505_202421_Base.geojson","_sourceKind":"Base"}},{"type":"Feature","geometry":{"type":"Point","coordinates":[131.79873419444445,32.71632547222222]},"properties":{"_markerType":"Icon","_iconUrl":"https://service.gsi.go.jp/kijunten/contents/screen/point/images/Base/TR4.png","_iconSize":[20,20],"name":"蝉谷","基準点コード":"TR44931065301","等級種別":"TR4","基準点名":"蝉谷","ワンストップ可否":"○","成果状態":"正常","北緯":"32°42′58″.7717","東経":"131°47′55″.4431","標高":"399.21","現況状態":"正常","年月日":"20031031","_sourceFile":"20260505_202421_Base.geojson","_sourceKind":"Base"}},{"type":"Feature","geometry":{"type":"Point","coordinates":[131.8214981388889,32.70963183333333]},"properties":{"_markerType":"Icon","_iconUrl":"https://service.gsi.go.jp/kijunten/contents/screen/point/images/Base/TR4.png","_iconSize":[20,20],"name":"役場","基準点コード":"TR44931065501","等級種別":"TR4","基準点名":"役場","ワンストップ可否":"○","成果状態":"正常","北緯":"32°42′34″.6746","東経":"131°49′17″.3933","標高":"23.70","現況状態":"正常","年月日":"20040806","_sourceFile":"20260505_202421_Base.geojson","_sourceKind":"Base"}},{"type":"Feature","geometry":{"type":"Point","coordinates":[131.76559425,32.724306722222224]},"properties":{"_markerType":"Icon","_iconUrl":"https://service.gsi.go.jp/kijunten/contents/screen/point/images/Base/TR4.png","_iconSize":[20,20],"name":"惣別当","基準点コード":"TR44931066101","等級種別":"TR4","基準点名":"惣別当","ワンストップ可否":"○","成果状態":"正常","北緯":"32°43′27″.5042","東経":"131°45′56″.1393","標高":"141.97","現況状態":"報告なし","年月日":"19980830","_sourceFile":"20260505_202421_Base.geojson","_sourceKind":"Base"}},{"type":"Feature","geometry":{"type":"Point","coordinates":[131.8154141388889,32.72012452777778]},"properties":{"_markerType":"Icon","_iconUrl":"https://service.gsi.go.jp/kijunten/contents/screen/point/images/Base/TR4.png","_iconSize":[20,20],"name":"中野内","基準点コード":"TR44931066501","等級種別":"TR4","基準点名":"中野内","ワンストップ可否":"○","成果状態":"正常","北緯":"32°43′12″.4483","東経":"131°48′55″.4909","標高":"234.50","現況状態":"報告なし","年月日":"19810911","_sourceFile":"20260505_202421_Base.geojson","_sourceKind":"Base"}},{"type":"Feature","geometry":{"type":"Point","coordinates":[131.83103777777777,32.717457833333334]},"properties":{"_markerType":"Icon","_iconUrl":"https://service.gsi.go.jp/kijunten/contents/screen/point/images/Base/TR4.png","_iconSize":[20,20],"name":"市振","基準点コード":"TR44931066601","等級種別":"TR4","基準点名":"市振","ワンストップ可否":"○","成果状態":"正常","北緯":"32°43′02″.8482","東経":"131°49′51″.7360","標高":"161.17","現況状態":"正常","年月日":"20040806","_sourceFile":"20260505_202421_Base.geojson","_sourceKind":"Base"}},{"type":"Feature","geometry":{"type":"Point","coordinates":[131.86199961111112,32.71988283333334]},"properties":{"_markerType":"Icon","_iconUrl":"https://service.gsi.go.jp/kijunten/contents/screen/point/images/Base/TR4.png","_iconSize":[20,20],"name":"展望台","基準点コード":"TR44931066801","等級種別":"TR4","基準点名":"展望台","ワンストップ可否":"○","成果状態":"正常","北緯":"32°43′11″.5782","東経":"131°51′43″.1986","標高":"187.21","現況状態":"報告なし","年月日":"19810911","_sourceFile":"20260505_202421_Base.geojson","_sourceKind":"Base"}},{"type":"Feature","geometry":{"type":"Point","coordinates":[131.8045025,32.72595033333334]},"properties":{"_markerType":"Icon","_iconUrl":"https://service.gsi.go.jp/kijunten/contents/screen/point/images/Base/TR4.png","_iconSize":[20,20],"name":"本村","基準点コード":"TR44931067401","等級種別":"TR4","基準点名":"本村","ワンストップ可否":"○","成果状態":"正常","北緯":"32°43′33″.4212","東経":"131°48′16″.2090","標高":"571.29","現況状態":"報告なし","年月日":"19810911","_sourceFile":"20260505_202421_Base.geojson","_sourceKind":"Base"}},{"type":"Feature","geometry":{"type":"Point","coordinates":[131.83949700000002,32.72690702777778]},"properties":{"_markerType":"Icon","_iconUrl":"https://service.gsi.go.jp/kijunten/contents/screen/point/images/Base/TR4.png","_iconSize":[20,20],"name":"地下２","基準点コード":"TR44931067701","等級種別":"TR4","基準点名":"地下２","ワンストップ可否":"○","成果状態":"正常","北緯":"32°43′36″.8653","東経":"131°50′22″.1892","標高":"321.97","現況状態":"報告なし","年月日":"19810911","_sourceFile":"20260505_202421_Base.geojson","_sourceKind":"Base"}},{"type":"Feature","geometry":{"type":"Point","coordinates":[131.8545623611111,32.72805647222222]},"properties":{"_markerType":"Icon","_iconUrl":"https://service.gsi.go.jp/kijunten/contents/screen/point/images/Base/TR4.png","_iconSize":[20,20],"name":"直海","基準点コード":"TR44931067801","等級種別":"TR4","基準点名":"直海","ワンストップ可否":"○","成果状態":"正常","北緯":"32°43′41″.0033","東経":"131°51′16″.4245","標高":"208.77","現況状態":"報告なし","年月日":"19810911","_sourceFile":"20260505_202421_Base.geojson","_sourceKind":"Base"}},{"type":"Feature","geometry":{"type":"Point","coordinates":[131.79013591666666,32.73846786111111]},"properties":{"_markerType":"Icon","_iconUrl":"https://service.gsi.go.jp/kijunten/contents/screen/point/images/Base/TR4.png","_iconSize":[20,20],"name":"歌糸","基準点コード":"TR44931068301","等級種別":"TR4","基準点名":"歌糸","ワンストップ可否":"○","成果状態":"正常","北緯":"32°44′18″.4843","東経":"131°47′24″.4893","標高":"443.72","現況状態":"報告なし","年月日":"19810911","_sourceFile":"20260505_202421_Base.geojson","_sourceKind":"Base"}},{"type":"Feature","geometry":{"type":"Point","coordinates":[131.75189569444444,32.74607138888889]},"properties":{"_markerType":"Icon","_iconUrl":"https://service.gsi.go.jp/kijunten/contents/screen/point/images/Base/TR4.png","_iconSize":[20,20],"name":"市ノ内山","基準点コード":"TR44931069001","等級種別":"TR4","基準点名":"市ノ内山","ワンストップ可否":"○","成果状態":"正常","北緯":"32°44′45″.8570","東経":"131°45′06″.8245","標高":"510.78","現況状態":"正常","年月日":"20031031","_sourceFile":"20260505_202421_Base.geojson","_sourceKind":"Base"}},{"type":"Feature","geometry":{"type":"Point","coordinates":[131.78017680555556,32.74716455555556]},"properties":{"_markerType":"Icon","_iconUrl":"https://service.gsi.go.jp/kijunten/contents/screen/point/images/Base/TR4.png","_iconSize":[20,20],"name":"内谷","基準点コード":"TR44931069201","等級種別":"TR4","基準点名":"内谷","ワンストップ可否":"○","成果状態":"正常","北緯":"32°44′49″.7924","東経":"131°46′48″.6365","標高":"511.68","現況状態":"報告なし","年月日":"19810911","_sourceFile":"20260505_202421_Base.geojson","_sourceKind":"Base"}},{"type":"Feature","geometry":{"type":"Point","coordinates":[131.80420644444445,32.74474736111111]},"properties":{"_markerType":"Icon","_iconUrl":"https://service.gsi.go.jp/kijunten/contents/screen/point/images/Base/TR4.png","_iconSize":[20,20],"name":"池田","基準点コード":"TR44931069401","等級種別":"TR4","基準点名":"池田","ワンストップ可否":"○","成果状態":"正常","北緯":"32°44′41″.0905","東経":"131°48′15″.1432","標高":"220.28","現況状態":"正常","年月日":"20111115","_sourceFile":"20260505_202421_Base.geojson","_sourceKind":"Base"}},{"type":"Feature","geometry":{"type":"Point","coordinates":[131.823217,32.749066166666665]},"properties":{"_markerType":"Icon","_iconUrl":"https://service.gsi.go.jp/kijunten/contents/screen/point/images/Base/TR4.png","_iconSize":[20,20],"name":"蓬原","基準点コード":"TR44931069501","等級種別":"TR4","基準点名":"蓬原","ワンストップ可否":"○","成果状態":"正常","北緯":"32°44′56″.6382","東経":"131°49′23″.5812","標高":"281.24","現況状態":"正常","年月日":"20111115","_sourceFile":"20260505_202421_Base.geojson","_sourceKind":"Base"}},{"type":"Feature","geometry":{"type":"Point","coordinates":[131.81549458333333,32.74421980555556]},"properties":{"_markerType":"Icon","_iconUrl":"https://service.gsi.go.jp/kijunten/contents/screen/point/images/Base/TR4.png","_iconSize":[20,20],"name":"竹ノ水流","基準点コード":"TR44931069502","等級種別":"TR4","基準点名":"竹ノ水流","ワンストップ可否":"○","成果状態":"正常","北緯":"32°44′39″.1913","東経":"131°48′55″.7805","標高":"186.35","現況状態":"正常","年月日":"20111024","_sourceFile":"20260505_202421_Base.geojson","_sourceKind":"Base"}},{"type":"Feature","geometry":{"type":"Point","coordinates":[131.83479202777778,32.74274388888889]},"properties":{"_markerType":"Icon","_iconUrl":"https://service.gsi.go.jp/kijunten/contents/screen/point/images/Base/TR4.png","_iconSize":[20,20],"name":"橋ケ谷","基準点コード":"TR44931069601","等級種別":"TR4","基準点名":"橋ケ谷","ワンストップ可否":"○","成果状態":"正常","北緯":"32°44′33″.8780","東経":"131°50′05″.2513","標高":"295.06","現況状態":"正常","年月日":"20111115","_sourceFile":"20260505_202421_Base.geojson","_sourceKind":"Base"}},{"type":"Feature","geometry":{"type":"Point","coordinates":[131.5918068888889,32.75384788888889]},"properties":{"_markerType":"Icon","_iconUrl":"https://service.gsi.go.jp/kijunten/contents/screen/point/images/Base/TR4.png","_iconSize":[20,20],"name":"井手ノ谷山","基準点コード":"TR44931140701","等級種別":"TR4","基準点名":"井手ノ谷山","ワンストップ可否":"○","成果状態":"正常","北緯":"32°45′13″.8524","東経":"131°35′30″.5048","標高":"768.62","現況状態":"報告なし","年月日":"20040818","_sourceFile":"20260505_202421_Base.geojson","_sourceKind":"Base"}},{"type":"Feature","geometry":{"type":"Point","coordinates":[131.58795530555557,32.76258794444445]},"properties":{"_markerType":"Icon","_iconUrl":"https://service.gsi.go.jp/kijunten/contents/screen/point/images/Base/TR4.png","_iconSize":[20,20],"name":"北ノ平山","基準点コード":"TR44931141701","等級種別":"TR4","基準点名":"北ノ平山","ワンストップ可否":"○","成果状態":"正常","北緯":"32°45′45″.3166","東経":"131°35′16″.6391","標高":"570.08","現況状態":"正常","年月日":"20060809","_sourceFile":"20260505_202421_Base.geojson","_sourceKind":"Base"}},{"type":"Feature","geometry":{"type":"Point","coordinates":[131.6227538611111,32.77101227777778]},"properties":{"_markerType":"Icon","_iconUrl":"https://service.gsi.go.jp/kijunten/contents/screen/point/images/Base/TR4.png","_iconSize":[20,20],"name":"飛瀬山","基準点コード":"TR44931142901","等級種別":"TR4","基準点名":"飛瀬山","ワンストップ可否":"○","成果状態":"正常","北緯":"32°46′15″.6442","東経":"131°37′21″.9139","標高":"279.09","現況状態":"報告なし","年月日":"20040818","_sourceFile":"20260505_202421_Base.geojson","_sourceKind":"Base"}},{"type":"Feature","geometry":{"type":"Point","coordinates":[131.63524627777778,32.75798527777778]},"properties":{"_markerType":"Icon","_iconUrl":"https://service.gsi.go.jp/kijunten/contents/screen/point/images/Base/TR4.png","_iconSize":[20,20],"name":"躑躅谷山","基準点コード":"TR44931150001","等級種別":"TR4","基準点名":"躑躅谷山","ワンストップ可否":"○","成果状態":"正常","北緯":"32°45′28″.7470","東経":"131°38′06″.8866","標高":"373.17","現況状態":"正常","年月日":"20040630","_sourceFile":"20260505_202421_Base.geojson","_sourceKind":"Base"}},{"type":"Feature","geometry":{"type":"Point","coordinates":[131.671752,32.75243238888889]},"properties":{"_markerType":"Icon","_iconUrl":"https://service.gsi.go.jp/kijunten/contents/screen/point/images/Base/TR4.png","_iconSize":[20,20],"name":"畑葉山","基準点コード":"TR44931150301","等級種別":"TR4","基準点名":"畑葉山","ワンストップ可否":"○","成果状態":"正常","北緯":"32°45′08″.7566","東経":"131°40′18″.3072","標高":"639.42","現況状態":"正常","年月日":"20031031","_sourceFile":"20260505_202421_Base.geojson","_sourceKind":"Base"}},{"type":"Feature","geometry":{"type":"Point","coordinates":[131.68758408333335,32.75532063888889]},"properties":{"_markerType":"Icon","_iconUrl":"https://service.gsi.go.jp/kijunten/contents/screen/point/images/Base/TR4.png","_iconSize":[20,20],"name":"十亀山","基準点コード":"TR44931150501","等級種別":"TR4","基準点名":"十亀山","ワンストップ可否":"○","成果状態":"正常","北緯":"32°45′19″.1543","東経":"131°41′15″.3027","標高":"560.84","現況状態":"報告なし","年月日":"20011220","_sourceFile":"20260505_202421_Base.geojson","_sourceKind":"Base"}},{"type":"Feature","geometry":{"type":"Point","coordinates":[131.72635466666668,32.75747636111111]},"properties":{"_markerType":"Icon","_iconUrl":"https://service.gsi.go.jp/kijunten/contents/screen/point/images/Base/TR4.png","_iconSize":[20,20],"name":"松瀬","基準点コード":"TR44931150801","等級種別":"TR4","基準点名":"松瀬","ワンストップ可否":"○","成果状態":"正常","北緯":"32°45′26″.9149","東経":"131°43′34″.8768","標高":"222.10","現況状態":"報告なし","年月日":"19810627","_sourceFile":"20260505_202421_Base.geojson","_sourceKind":"Base"}},{"type":"Feature","geometry":{"type":"Point","coordinates":[131.69988558333333,32.76805088888889]},"properties":{"_markerType":"Icon","_iconUrl":"https://service.gsi.go.jp/kijunten/contents/screen/point/images/Base/TR4.png","_iconSize":[20,20],"name":"鐙","基準点コード":"TR44931152501","等級種別":"TR4","基準点名":"鐙","ワンストップ可否":"○","成果状態":"正常","北緯":"32°46′04″.9832","東経":"131°41′59″.5881","標高":"179.27","現況状態":"正常","年月日":"20031216","_sourceFile":"20260505_202421_Base.geojson","_sourceKind":"Base"}},{"type":"Feature","geometry":{"type":"Point","coordinates":[131.71773097222223,32.771007166666664]},"properties":{"_markerType":"Icon","_iconUrl":"https://service.gsi.go.jp/kijunten/contents/screen/point/images/Base/TR4.png","_iconSize":[20,20],"name":"池ノ原","基準点コード":"TR44931152701","等級種別":"TR4","基準点名":"池ノ原","ワンストップ可否":"○","成果状態":"正常","北緯":"32°46′15″.6258","東経":"131°43′03″.8315","標高":"415.19","現況状態":"報告なし","年月日":"19810709","_sourceFile":"20260505_202421_Base.geojson","_sourceKind":"Base"}},{"type":"Feature","geometry":{"type":"Point","coordinates":[131.74102352777777,32.76815641666666]},"properties":{"_markerType":"Icon","_iconUrl":"https://service.gsi.go.jp/kijunten/contents/screen/point/images/Base/TR4.png","_iconSize":[20,20],"name":"抱石","基準点コード":"TR44931152901","等級種別":"TR4","基準点名":"抱石","ワンストップ可否":"○","成果状態":"正常","北緯":"32°46′05″.3631","東経":"131°44′27″.6847","標高":"191.99","現況状態":"正常","年月日":"20121026","_sourceFile":"20260505_202421_Base.geojson","_sourceKind":"Base"}},{"type":"Feature","geometry":{"type":"Point","coordinates":[131.73313755555554,32.77919713888889]},"properties":{"_markerType":"Icon","_iconUrl":"https://service.gsi.go.jp/kijunten/contents/screen/point/images/Base/TR4.png","_iconSize":[20,20],"name":"下塚","基準点コード":"TR44931153801","等級種別":"TR4","基準点名":"下塚","ワンストップ可否":"○","成果状態":"正常","北緯":"32°46′45″.1097","東経":"131°43′59″.2952","標高":"325.81","現況状態":"正常","年月日":"20121027","_sourceFile":"20260505_202421_Base.geojson","_sourceKind":"Base"}},{"type":"Feature","geometry":{"type":"Point","coordinates":[131.71507491666665,32.785555305555555]},"properties":{"_markerType":"Icon","_iconUrl":"https://service.gsi.go.jp/kijunten/contents/screen/point/images/Base/TR4.png","_iconSize":[20,20],"name":"松葉","基準点コード":"TR44931154701","等級種別":"TR4","基準点名":"松葉","ワンストップ可否":"○","成果状態":"正常","北緯":"32°47′07″.9991","東経":"131°42′54″.2697","標高":"361.20","現況状態":"正常","年月日":"20031216","_sourceFile":"20260505_202421_Base.geojson","_sourceKind":"Base"}},{"type":"Feature","geometry":{"type":"Point","coordinates":[131.73038622222222,32.78883511111111]},"properties":{"_markerType":"Icon","_iconUrl":"https://service.gsi.go.jp/kijunten/contents/screen/point/images/Base/TR4.png","_iconSize":[20,20],"name":"船ケ内山","基準点コード":"TR44931154801","等級種別":"TR4","基準点名":"船ケ内山","ワンストップ可否":"○","成果状態":"正常","北緯":"32°47′19″.8064","東経":"131°43′49″.3904","標高":"206.99","現況状態":"正常","年月日":"20120930","_sourceFile":"20260505_202421_Base.geojson","_sourceKind":"Base"}},{"type":"Feature","geometry":{"type":"Point","coordinates":[131.79106477777776,32.75621233333333]},"properties":{"_markerType":"Icon","_iconUrl":"https://service.gsi.go.jp/kijunten/contents/screen/point/images/Base/TR4.png","_iconSize":[20,20],"name":"日知屋","基準点コード":"TR44931160301","等級種別":"TR4","基準点名":"日知屋","ワンストップ可否":"○","成果状態":"正常","北緯":"32°45′22″.3644","東経":"131°47′27″.8332","標高":"365.37","現況状態":"正常","年月日":"20111115","_sourceFile":"20260505_202421_Base.geojson","_sourceKind":"Base"}},{"type":"Feature","geometry":{"type":"Point","coordinates":[131.80662922222223,32.7566]},"properties":{"_markerType":"Icon","_iconUrl":"https://service.gsi.go.jp/kijunten/contents/screen/point/images/Base/TR4.png","_iconSize":[20,20],"name":"黒沢","基準点コード":"TR44931160401","等級種別":"TR4","基準点名":"黒沢","ワンストップ可否":"○","成果状態":"正常","北緯":"32°45′23″.7600","東経":"131°48′23″.8652","標高":"279.80","現況状態":"正常","年月日":"20111024","_sourceFile":"20260505_202421_Base.geojson","_sourceKind":"Base"}},{"type":"Feature","geometry":{"type":"Point","coordinates":[131.83420733333335,32.75649027777778]},"properties":{"_markerType":"Icon","_iconUrl":"https://service.gsi.go.jp/kijunten/contents/screen/point/images/Base/TR4.png","_iconSize":[20,20],"name":"土々呂","基準点コード":"TR44931160601","等級種別":"TR4","基準点名":"土々呂","ワンストップ可否":"○","成果状態":"正常","北緯":"32°45′23″.3650","東経":"131°50′03″.1464","標高":"484.74","現況状態":"報告なし","年月日":"19810909","_sourceFile":"20260505_202421_Base.geojson","_sourceKind":"Base"}},{"type":"Feature","geometry":{"type":"Point","coordinates":[131.77356033333334,32.764528416666664]},"properties":{"_markerType":"Icon","_iconUrl":"https://service.gsi.go.jp/kijunten/contents/screen/point/images/Base/TR4.png","_iconSize":[20,20],"name":"走水","基準点コード":"TR44931161101","等級種別":"TR4","基準点名":"走水","ワンストップ可否":"○","成果状態":"正常","北緯":"32°45′52″.3023","東経":"131°46′24″.8172","標高":"173.82","現況状態":"報告なし","年月日":"19810912","_sourceFile":"20260505_202421_Base.geojson","_sourceKind":"Base"}},{"type":"Feature","geometry":{"type":"Point","coordinates":[131.76282133333333,32.75850263888889]},"properties":{"_markerType":"Icon","_iconUrl":"https://service.gsi.go.jp/kijunten/contents/screen/point/images/Base/TR4.png","_iconSize":[20,20],"name":"下塚","基準点コード":"TR44931161102","等級種別":"TR4","基準点名":"下塚","ワンストップ可否":"○","成果状態":"正常","北緯":"32°45′30″.6095","東経":"131°45′46″.1568","標高":"323.09","現況状態":"報告なし","年月日":"19810911","_sourceFile":"20260505_202421_Base.geojson","_sourceKind":"Base"}},{"type":"Feature","geometry":{"type":"Point","coordinates":[131.7998066388889,32.76336805555555]},"properties":{"_markerType":"Icon","_iconUrl":"https://service.gsi.go.jp/kijunten/contents/screen/point/images/Base/TR4.png","_iconSize":[20,20],"name":"仏の越","基準点コード":"TR44931161301","等級種別":"TR4","基準点名":"仏の越","ワンストップ可否":"○","成果状態":"正常","北緯":"32°45′48″.1250","東経":"131°47′59″.3039","標高":"221.79","現況状態":"報告なし","年月日":"19810912","_sourceFile":"20260505_202421_Base.geojson","_sourceKind":"Base"}},{"type":"Feature","geometry":{"type":"Point","coordinates":[131.81124975,32.77286458333333]},"properties":{"_markerType":"Icon","_iconUrl":"https://service.gsi.go.jp/kijunten/contents/screen/point/images/Base/TR4.png","_iconSize":[20,20],"name":"丸山","基準点コード":"TR44931162401","等級種別":"TR4","基準点名":"丸山","ワンストップ可否":"○","成果状態":"正常","北緯":"32°46′22″.3125","東経":"131°48′40″.4991","標高":"177.00","現況状態":"報告なし","年月日":"19790727","_sourceFile":"20260505_202421_Base.geojson","_sourceKind":"Base"}},{"type":"Feature","geometry":{"type":"Point","coordinates":[131.82629816666667,32.767369]},"properties":{"_markerType":"Icon","_iconUrl":"https://service.gsi.go.jp/kijunten/contents/screen/point/images/Base/TR4.png","_iconSize":[20,20],"name":"赤木","基準点コード":"TR44931162601","等級種別":"TR4","基準点名":"赤木","ワンストップ可否":"○","成果状態":"正常","北緯":"32°46′02″.5284","東経":"131°49′34″.6734","標高":"354.96","現況状態":"報告なし","年月日":"19790724","_sourceFile":"20260505_202421_Base.geojson","_sourceKind":"Base"}},{"type":"Feature","geometry":{"type":"Point","coordinates":[131.84654166666667,32.766943]},"properties":{"_markerType":"Icon","_iconUrl":"https://service.gsi.go.jp/kijunten/contents/screen/point/images/Base/TR4.png","_iconSize":[20,20],"name":"市尾内","基準点コード":"TR44931162701","等級種別":"TR4","基準点名":"市尾内","ワンストップ可否":"○","成果状態":"正常","北緯":"32°46′00″.9948","東経":"131°50′47″.5500","標高":"383.59","現況状態":"報告なし","年月日":"19810912","_sourceFile":"20260505_202421_Base.geojson","_sourceKind":"Base"}},{"type":"Feature","geometry":{"type":"Point","coordinates":[131.76765666666668,32.776971555555555]},"properties":{"_markerType":"Icon","_iconUrl":"https://service.gsi.go.jp/kijunten/contents/screen/point/images/Base/TR4.png","_iconSize":[20,20],"name":"小長谷","基準点コード":"TR44931163101","等級種別":"TR4","基準点名":"小長谷","ワンストップ可否":"○","成果状態":"正常","北緯":"32°46′37″.0976","東経":"131°46′03″.5640","標高":"404.17","現況状態":"報告なし","年月日":"19810912","_sourceFile":"20260505_202421_Base.geojson","_sourceKind":"Base"}},{"type":"Feature","geometry":{"type":"Point","coordinates":[131.80196633333335,32.77893091666667]},"properties":{"_markerType":"Icon","_iconUrl":"https://service.gsi.go.jp/kijunten/contents/screen/point/images/Base/TR4.png","_iconSize":[20,20],"name":"奥川内","基準点コード":"TR44931163401","等級種別":"TR4","基準点名":"奥川内","ワンストップ可否":"○","成果状態":"正常","北緯":"32°46′44″.1513","東経":"131°48′07″.0788","標高":"252.00","現況状態":"報告なし","年月日":"19790724","_sourceFile":"20260505_202421_Base.geojson","_sourceKind":"Base"}},{"type":"Feature","geometry":{"type":"Point","coordinates":[131.75432630555557,32.79043327777777]},"properties":{"_markerType":"Icon","_iconUrl":"https://service.gsi.go.jp/kijunten/contents/screen/point/images/Base/TR4.png","_iconSize":[20,20],"name":"波帰ノ内山","基準点コード":"TR44931164001","等級種別":"TR4","基準点名":"波帰ノ内山","ワンストップ可否":"○","成果状態":"正常","北緯":"32°47′25″.5598","東経":"131°45′15″.5747","標高":"562.62","現況状態":"正常","年月日":"20121001","_sourceFile":"20260505_202421_Base.geojson","_sourceKind":"Base"}},{"type":"Feature","geometry":{"type":"Point","coordinates":[131.81434225,32.788652444444445]},"properties":{"_markerType":"Icon","_iconUrl":"https://service.gsi.go.jp/kijunten/contents/screen/point/images/Base/TR4.png","_iconSize":[20,20],"name":"笛ノ水流","基準点コード":"TR44931164501","等級種別":"TR4","基準点名":"笛ノ水流","ワンストップ可否":"○","成果状態":"正常","北緯":"32°47′19″.1488","東経":"131°48′51″.6321","標高":"253.44","現況状態":"報告なし","年月日":"19790727","_sourceFile":"20260505_202421_Base.geojson","_sourceKind":"Base"}},{"type":"Feature","geometry":{"type":"Point","coordinates":[131.84947430555556,32.78652094444444]},"properties":{"_markerType":"Icon","_iconUrl":"https://service.gsi.go.jp/kijunten/contents/screen/point/images/Base/TR4.png","_iconSize":[20,20],"name":"樋掛","基準点コード":"TR44931164701","等級種別":"TR4","基準点名":"樋掛","ワンストップ可否":"○","成果状態":"正常","北緯":"32°47′11″.4754","東経":"131°50′58″.1075","標高":"381.09","現況状態":"報告なし","年月日":"20020926","_sourceFile":"20260505_202421_Base.geojson","_sourceKind":"Base"}},{"type":"Feature","geometry":{"type":"Point","coordinates":[131.79279266666666,32.792072527777776]},"properties":{"_markerType":"Icon","_iconUrl":"https://service.gsi.go.jp/kijunten/contents/screen/point/images/Base/TR4.png","_iconSize":[20,20],"name":"小原","基準点コード":"TR44931165301","等級種別":"TR4","基準点名":"小原","ワンストップ可否":"○","成果状態":"正常","北緯":"32°47′31″.4611","東経":"131°47′34″.0536","標高":"496.61","現況状態":"報告なし","年月日":"19810911","_sourceFile":"20260505_202421_Base.geojson","_sourceKind":"Base"}},{"type":"Feature","geometry":{"type":"Point","coordinates":[131.83597822222222,32.79333688888889]},"properties":{"_markerType":"Icon","_iconUrl":"https://service.gsi.go.jp/kijunten/contents/screen/point/images/Base/TR4.png","_iconSize":[20,20],"name":"椎木谷","基準点コード":"TR44931165601","等級種別":"TR4","基準点名":"椎木谷","ワンストップ可否":"○","成果状態":"正常","北緯":"32°47′36″.0128","東経":"131°50′09″.5216","標高":"442.78","現況状態":"報告なし","年月日":"20020926","_sourceFile":"20260505_202421_Base.geojson","_sourceKind":"Base"}},{"type":"Feature","geometry":{"type":"Point","coordinates":[131.80694936111112,32.80502647222222]},"properties":{"_markerType":"Icon","_iconUrl":"https://service.gsi.go.jp/kijunten/contents/screen/point/images/Base/TR4.png","_iconSize":[20,20],"name":"白樫窪","基準点コード":"TR44931166401","等級種別":"TR4","基準点名":"白樫窪","ワンストップ可否":"○","成果状態":"正常","北緯":"32°48′18″.0953","東経":"131°48′25″.0177","標高":"443.05","現況状態":"報告なし","年月日":"20000125","_sourceFile":"20260505_202421_Base.geojson","_sourceKind":"Base"}},{"type":"Feature","geometry":{"type":"Point","coordinates":[131.78906608333332,32.81170969444444]},"properties":{"_markerType":"Icon","_iconUrl":"https://service.gsi.go.jp/kijunten/contents/screen/point/images/Base/TR4.png","_iconSize":[20,20],"name":"勘掛","基準点コード":"TR44931167301","等級種別":"TR4","基準点名":"勘掛","ワンストップ可否":"○","成果状態":"正常","北緯":"32°48′42″.1549","東経":"131°47′20″.6379","標高":"510.75","現況状態":"報告なし","年月日":"20000125","_sourceFile":"20260505_202421_Base.geojson","_sourceKind":"Base"}},{"type":"Feature","geometry":{"type":"Point","coordinates":[131.80776258333336,32.815182916666664]},"properties":{"_markerType":"Icon","_iconUrl":"https://service.gsi.go.jp/kijunten/contents/screen/point/images/Base/TR4.png","_iconSize":[20,20],"name":"荒内","基準点コード":"TR44931167401","等級種別":"TR4","基準点名":"荒内","ワンストップ可否":"○","成果状態":"正常","北緯":"32°48′54″.6585","東経":"131°48′27″.9453","標高":"495.11","現況状態":"報告なし","年月日":"20000125","_sourceFile":"20260505_202421_Base.geojson","_sourceKind":"Base"}},{"type":"Feature","geometry":{"type":"Point","coordinates":[131.82944855555556,32.81062111111111]},"properties":{"_markerType":"Icon","_iconUrl":"https://service.gsi.go.jp/kijunten/contents/screen/point/images/Base/TR4.png","_iconSize":[20,20],"name":"木内山","基準点コード":"TR44931167601","等級種別":"TR4","基準点名":"木内山","ワンストップ可否":"○","成果状態":"正常","北緯":"32°48′38″.2360","東経":"131°49′46″.0148","標高":"436.44","現況状態":"報告なし","年月日":"20020926","_sourceFile":"20260505_202421_Base.geojson","_sourceKind":"Base"}},{"type":"Feature","geometry":{"type":"Point","coordinates":[131.84517794444446,32.81003633333333]},"properties":{"_markerType":"Icon","_iconUrl":"https://service.gsi.go.jp/kijunten/contents/screen/point/images/Base/TR4.png","_iconSize":[20,20],"name":"三川内","基準点コード":"TR44931167701","等級種別":"TR4","基準点名":"三川内","ワンストップ可否":"○","成果状態":"正常","北緯":"32°48′36″.1308","東経":"131°50′42″.6406","標高":"552.07","現況状態":"報告なし","年月日":"20020926","_sourceFile":"20260505_202421_Base.geojson","_sourceKind":"Base"}},{"type":"Feature","geometry":{"type":"Point","coordinates":[131.85965116666665,32.811330749999996]},"properties":{"_markerType":"Icon","_iconUrl":"https://service.gsi.go.jp/kijunten/contents/screen/point/images/Base/TR4.png","_iconSize":[20,20],"name":"塩見山","基準点コード":"TR44931167801","等級種別":"TR4","基準点名":"塩見山","ワンストップ可否":"○","成果状態":"正常","北緯":"32°48′40″.7907","東経":"131°51′34″.7442","標高":"554.43","現況状態":"報告なし","年月日":"20020926","_sourceFile":"20260505_202421_Base.geojson","_sourceKind":"Base"}},{"type":"Feature","geometry":{"type":"Point","coordinates":[131.83369858333333,32.82023758333334]},"properties":{"_markerType":"Icon","_iconUrl":"https://service.gsi.go.jp/kijunten/contents/screen/point/images/Base/TR4.png","_iconSize":[20,20],"name":"木和田","基準点コード":"TR44931168601","等級種別":"TR4","基準点名":"木和田","ワンストップ可否":"○","成果状態":"正常","北緯":"32°49′12″.8553","東経":"131°50′01″.3149","標高":"572.12","現況状態":"報告なし","年月日":"20020926","_sourceFile":"20260505_202421_Base.geojson","_sourceKind":"Base"}},{"type":"Feature","geometry":{"type":"Point","coordinates":[131.8153724166667,32.828057]},"properties":{"_markerType":"Icon","_iconUrl":"https://service.gsi.go.jp/kijunten/contents/screen/point/images/Base/TR4.png","_iconSize":[20,20],"name":"祝楠","基準点コード":"TR44931169501","等級種別":"TR4","基準点名":"祝楠","ワンストップ可否":"○","成果状態":"正常","北緯":"32°49′41″.0052","東経":"131°48′55″.3407","標高":"604.70","現況状態":"正常","年月日":"20031031","_sourceFile":"20260505_202421_Base.geojson","_sourceKind":"Base"}},{"type":"Feature","geometry":{"type":"Point","coordinates":[131.61570922222222,32.49082305555556]},"properties":{"_markerType":"Icon","_iconUrl":"https://service.gsi.go.jp/kijunten/contents/screen/point/images/Base/TR2.png","_iconSize":[20,20],"name":"唐松山","基準点コード":"TR24831548901","等級種別":"TR2","基準点名":"唐松山","ワンストップ可否":"○","成果状態":"正常","北緯":"32°29′26″.9630","東経":"131°36′56″.5532","標高":"428.18","現況状態":"報告なし","年月日":"19901020","_sourceFile":"20260505_202555_Base.geojson","_sourceKind":"Base"}},{"type":"Feature","geometry":{"type":"Point","coordinates":[131.70688513888888,32.48913844444444]},"properties":{"_markerType":"Icon","_iconUrl":"https://service.gsi.go.jp/kijunten/contents/screen/point/images/Base/TR2.png","_iconSize":[20,20],"name":"遠見山","基準点コード":"TR24831558601","等級種別":"TR2","基準点名":"遠見山","ワンストップ可否":"○","成果状態":"正常","北緯":"32°29′20″.8984","東経":"131°42′24″.7865","標高":"307.83","現況状態":"正常","年月日":"20110310","_sourceFile":"20260505_202555_Base.geojson","_sourceKind":"Base"}},{"type":"Feature","geometry":{"type":"Point","coordinates":[131.54655319444444,32.46903925]},"properties":{"_markerType":"Icon","_iconUrl":"https://service.gsi.go.jp/kijunten/contents/screen/point/images/Base/TR3.png","_iconSize":[20,20],"name":"江子","基準点コード":"TR34831546301","等級種別":"TR3","基準点名":"江子","ワンストップ可否":"○","成果状態":"正常","北緯":"32°28′08″.5413","東経":"131°32′47″.5915","標高":"351.47","現況状態":"報告なし","年月日":"19730819","_sourceFile":"20260505_202555_Base.geojson","_sourceKind":"Base"}},{"type":"Feature","geometry":{"type":"Point","coordinates":[131.5302748888889,32.49228019444445]},"properties":{"_markerType":"Icon","_iconUrl":"https://service.gsi.go.jp/kijunten/contents/screen/point/images/Base/TR3.png","_iconSize":[20,20],"name":"仁九士","基準点コード":"TR34831549201","等級種別":"TR3","基準点名":"仁九士","ワンストップ可否":"○","成果状態":"正常","北緯":"32°29′32″.2087","東経":"131°31′48″.9896","標高":"651.92","現況状態":"報告なし","年月日":"19901020","_sourceFile":"20260505_202555_Base.geojson","_sourceKind":"Base"}},{"type":"Feature","geometry":{"type":"Point","coordinates":[131.6684613888889,32.46525466666667]},"properties":{"_markerType":"Icon","_iconUrl":"https://service.gsi.go.jp/kijunten/contents/screen/point/images/Base/TR3.png","_iconSize":[20,20],"name":"乙島","基準点コード":"TR34831555301","等級種別":"TR3","基準点名":"乙島","ワンストップ可否":"○","成果状態":"正常","北緯":"32°27′54″.9168","東経":"131°40′06″.4610","標高":"79.24","現況状態":"正常","年月日":"20091021","_sourceFile":"20260505_202555_Base.geojson","_sourceKind":"Base"}},{"type":"Feature","geometry":{"type":"Point","coordinates":[131.7308348888889,32.46531130555556]},"properties":{"_markerType":"Icon","_iconUrl":"https://service.gsi.go.jp/kijunten/contents/screen/point/images/Base/TR3.png","_iconSize":[20,20],"name":"枇榔島","基準点コード":"TR34831555801","等級種別":"TR3","基準点名":"枇榔島","ワンストップ可否":"○","成果状態":"正常","北緯":"32°27′55″.1207","東経":"131°43′51″.0056","標高":"75.14","現況状態":"報告なし","年月日":"00000000","_sourceFile":"20260505_202555_Base.geojson","_sourceKind":"Base"}},{"type":"Feature","geometry":{"type":"Point","coordinates":[131.64730747222222,32.48684327777778]},"properties":{"_markerType":"Icon","_iconUrl":"https://service.gsi.go.jp/kijunten/contents/screen/point/images/Base/TR3.png","_iconSize":[20,20],"name":"竹名","基準点コード":"TR34831558101","等級種別":"TR3","基準点名":"竹名","ワンストップ可否":"○","成果状態":"正常","北緯":"32°29′12″.6358","東経":"131°38′50″.3069","標高":"66.07","現況状態":"正常","年月日":"20091102","_sourceFile":"20260505_202555_Base.geojson","_sourceKind":"Base"}},{"type":"Feature","geometry":{"type":"Point","coordinates":[131.6808734722222,32.48832888888889]},"properties":{"_markerType":"Icon","_iconUrl":"https://service.gsi.go.jp/kijunten/contents/screen/point/images/Base/TR3.png","_iconSize":[20,20],"name":"黒岩","基準点コード":"TR34831558401","等級種別":"TR3","基準点名":"黒岩","ワンストップ可否":"○","成果状態":"正常","北緯":"32°29′17″.9840","東経":"131°40′51″.1445","標高":"95.68","現況状態":"正常","年月日":"20091102","_sourceFile":"20260505_202555_Base.geojson","_sourceKind":"Base"}},{"type":"Feature","geometry":{"type":"Point","coordinates":[131.57270294444444,32.51487202777778]},"properties":{"_markerType":"Icon","_iconUrl":"https://service.gsi.go.jp/kijunten/contents/screen/point/images/Base/TR3.png","_iconSize":[20,20],"name":"下庭谷","基準点コード":"TR34831641501","等級種別":"TR3","基準点名":"下庭谷","ワンストップ可否":"○","成果状態":"正常","北緯":"32°30′53″.5393","東経":"131°34′21″.7306","標高":"463.31","現況状態":"報告なし","年月日":"19730802","_sourceFile":"20260505_202555_Base.geojson","_sourceKind":"Base"}},{"type":"Feature","geometry":{"type":"Point","coordinates":[131.58192452777777,32.52292311111111]},"properties":{"_markerType":"Icon","_iconUrl":"https://service.gsi.go.jp/kijunten/contents/screen/point/images/Base/TR3.png","_iconSize":[20,20],"name":"茶屋ノ本","基準点コード":"TR34831642601","等級種別":"TR3","基準点名":"茶屋ノ本","ワンストップ可否":"○","成果状態":"正常","北緯":"32°31′22″.5232","東経":"131°34′54″.9283","標高":"437.19","現況状態":"報告なし","年月日":"19730807","_sourceFile":"20260505_202555_Base.geojson","_sourceKind":"Base"}},{"type":"Feature","geometry":{"type":"Point","coordinates":[131.5299478888889,32.444619805555554]},"properties":{"_markerType":"Icon","_iconUrl":"https://service.gsi.go.jp/kijunten/contents/screen/point/images/Base/TR4.png","_iconSize":[20,20],"name":"山中峠","基準点コード":"TR44831543201","等級種別":"TR4","基準点名":"山中峠","ワンストップ可否":"○","成果状態":"正常","北緯":"32°26′40″.6313","東経":"131°31′47″.8124","標高":"466.60","現況状態":"報告なし","年月日":"19730823","_sourceFile":"20260505_202555_Base.geojson","_sourceKind":"Base"}},{"type":"Feature","geometry":{"type":"Point","coordinates":[131.53054586111114,32.45591738888889]},"properties":{"_markerType":"Icon","_iconUrl":"https://service.gsi.go.jp/kijunten/contents/screen/point/images/Base/TR4.png","_iconSize":[20,20],"name":"土々呂平","基準点コード":"TR44831544201","等級種別":"TR4","基準点名":"土々呂平","ワンストップ可否":"○","成果状態":"正常","北緯":"32°27′21″.3026","東経":"131°31′49″.9651","標高":"272.41","現況状態":"報告なし","年月日":"19730826","_sourceFile":"20260505_202555_Base.geojson","_sourceKind":"Base"}},{"type":"Feature","geometry":{"type":"Point","coordinates":[131.54680547222222,32.451792833333336]},"properties":{"_markerType":"Icon","_iconUrl":"https://service.gsi.go.jp/kijunten/contents/screen/point/images/Base/TR4.png","_iconSize":[20,20],"name":"甲口谷","基準点コード":"TR44831544301","等級種別":"TR4","基準点名":"甲口谷","ワンストップ可否":"○","成果状態":"正常","北緯":"32°27′06″.4542","東経":"131°32′48″.4997","標高":"388.07","現況状態":"正常","年月日":"20030328","_sourceFile":"20260505_202555_Base.geojson","_sourceKind":"Base"}},{"type":"Feature","geometry":{"type":"Point","coordinates":[131.5603933888889,32.45666480555556]},"properties":{"_markerType":"Icon","_iconUrl":"https://service.gsi.go.jp/kijunten/contents/screen/point/images/Base/TR4.png","_iconSize":[20,20],"name":"芹谷","基準点コード":"TR44831544401","等級種別":"TR4","基準点名":"芹谷","ワンストップ可否":"○","成果状態":"正常","北緯":"32°27′23″.9933","東経":"131°33′37″.4162","標高":"265.95","現況状態":"報告なし","年月日":"19730823","_sourceFile":"20260505_202555_Base.geojson","_sourceKind":"Base"}},{"type":"Feature","geometry":{"type":"Point","coordinates":[131.56686811111112,32.46640008333333]},"properties":{"_markerType":"Icon","_iconUrl":"https://service.gsi.go.jp/kijunten/contents/screen/point/images/Base/TR4.png","_iconSize":[20,20],"name":"三ヶ瀬","基準点コード":"TR44831545501","等級種別":"TR4","基準点名":"三ヶ瀬","ワンストップ可否":"○","成果状態":"正常","北緯":"32°27′59″.0403","東経":"131°34′00″.7252","標高":"213.22","現況状態":"正常","年月日":"20030328","_sourceFile":"20260505_202555_Base.geojson","_sourceKind":"Base"}},{"type":"Feature","geometry":{"type":"Point","coordinates":[131.52334455555558,32.46974052777778]},"properties":{"_markerType":"Icon","_iconUrl":"https://service.gsi.go.jp/kijunten/contents/screen/point/images/Base/TR4.png","_iconSize":[20,20],"name":"いぬち","基準点コード":"TR44831546101","等級種別":"TR4","基準点名":"いぬち","ワンストップ可否":"○","成果状態":"正常","北緯":"32°28′11″.0659","東経":"131°31′24″.0404","標高":"424.23","現況状態":"報告なし","年月日":"19730824","_sourceFile":"20260505_202555_Base.geojson","_sourceKind":"Base"}},{"type":"Feature","geometry":{"type":"Point","coordinates":[131.6205105,32.46686033333334]},"properties":{"_markerType":"Icon","_iconUrl":"https://service.gsi.go.jp/kijunten/contents/screen/point/images/Base/TR4.png","_iconSize":[20,20],"name":"分蔵","基準点コード":"TR44831546901","等級種別":"TR4","基準点名":"分蔵","ワンストップ可否":"○","成果状態":"正常","北緯":"32°28′00″.6972","東経":"131°37′13″.8378","標高":"137.72","現況状態":"正常","年月日":"20050715","_sourceFile":"20260505_202555_Base.geojson","_sourceKind":"Base"}},{"type":"Feature","geometry":{"type":"Point","coordinates":[131.55984091666667,32.48324213888889]},"properties":{"_markerType":"Icon","_iconUrl":"https://service.gsi.go.jp/kijunten/contents/screen/point/images/Base/TR4.png","_iconSize":[20,20],"name":"大原","基準点コード":"TR44831547401","等級種別":"TR4","基準点名":"大原","ワンストップ可否":"○","成果状態":"正常","北緯":"32°28′59″.6717","東経":"131°33′35″.4273","標高":"209.21","現況状態":"報告なし","年月日":"19730821","_sourceFile":"20260505_202555_Base.geojson","_sourceKind":"Base"}},{"type":"Feature","geometry":{"type":"Point","coordinates":[131.57389419444445,32.47921]},"properties":{"_markerType":"Icon","_iconUrl":"https://service.gsi.go.jp/kijunten/contents/screen/point/images/Base/TR4.png","_iconSize":[20,20],"name":"阿仙原","基準点コード":"TR44831547501","等級種別":"TR4","基準点名":"阿仙原","ワンストップ可否":"○","成果状態":"正常","北緯":"32°28′45″.1560","東経":"131°34′26″.0191","標高":"279.50","現況状態":"報告なし","年月日":"19730821","_sourceFile":"20260505_202555_Base.geojson","_sourceKind":"Base"}},{"type":"Feature","geometry":{"type":"Point","coordinates":[131.58951119444444,32.475939555555556]},"properties":{"_markerType":"Icon","_iconUrl":"https://service.gsi.go.jp/kijunten/contents/screen/point/images/Base/TR4.png","_iconSize":[20,20],"name":"上津流","基準点コード":"TR44831547701","等級種別":"TR4","基準点名":"上津流","ワンストップ可否":"○","成果状態":"正常","北緯":"32°28′33″.3824","東経":"131°35′22″.2403","標高":"256.21","現況状態":"正常","年月日":"20030328","_sourceFile":"20260505_202555_Base.geojson","_sourceKind":"Base"}},{"type":"Feature","geometry":{"type":"Point","coordinates":[131.62167180555556,32.47565766666667]},"properties":{"_markerType":"Icon","_iconUrl":"https://service.gsi.go.jp/kijunten/contents/screen/point/images/Base/TR4.png","_iconSize":[20,20],"name":"宮川内","基準点コード":"TR44831547901","等級種別":"TR4","基準点名":"宮川内","ワンストップ可否":"○","成果状態":"正常","北緯":"32°28′32″.3676","東経":"131°37′18″.0185","標高":"221.72","現況状態":"正常","年月日":"20030328","_sourceFile":"20260505_202555_Base.geojson","_sourceKind":"Base"}},{"type":"Feature","geometry":{"type":"Point","coordinates":[131.5196356388889,32.48633925]},"properties":{"_markerType":"Icon","_iconUrl":"https://service.gsi.go.jp/kijunten/contents/screen/point/images/Base/TR4.png","_iconSize":[20,20],"name":"尾平峠","基準点コード":"TR44831548101","等級種別":"TR4","基準点名":"尾平峠","ワンストップ可否":"○","成果状態":"正常","北緯":"32°29′10″.8213","東経":"131°31′10″.6883","標高":"456.64","現況状態":"報告なし","年月日":"00000000","_sourceFile":"20260505_202555_Base.geojson","_sourceKind":"Base"}},{"type":"Feature","geometry":{"type":"Point","coordinates":[131.54427411111112,32.48737641666667]},"properties":{"_markerType":"Icon","_iconUrl":"https://service.gsi.go.jp/kijunten/contents/screen/point/images/Base/TR4.png","_iconSize":[20,20],"name":"市の原","基準点コード":"TR44831548301","等級種別":"TR4","基準点名":"市の原","ワンストップ可否":"○","成果状態":"正常","北緯":"32°29′14″.5551","東経":"131°32′39″.3868","標高":"332.71","現況状態":"報告なし","年月日":"19730818","_sourceFile":"20260505_202555_Base.geojson","_sourceKind":"Base"}},{"type":"Feature","geometry":{"type":"Point","coordinates":[131.56108519444444,32.49307241666667]},"properties":{"_markerType":"Icon","_iconUrl":"https://service.gsi.go.jp/kijunten/contents/screen/point/images/Base/TR4.png","_iconSize":[20,20],"name":"神舞","基準点コード":"TR44831549401","等級種別":"TR4","基準点名":"神舞","ワンストップ可否":"○","成果状態":"正常","北緯":"32°29′35″.0607","東経":"131°33′39″.9067","標高":"190.44","現況状態":"報告なし","年月日":"19730816","_sourceFile":"20260505_202555_Base.geojson","_sourceKind":"Base"}},{"type":"Feature","geometry":{"type":"Point","coordinates":[131.58309875,32.49991055555556]},"properties":{"_markerType":"Icon","_iconUrl":"https://service.gsi.go.jp/kijunten/contents/screen/point/images/Base/TR4.png","_iconSize":[20,20],"name":"茶円平","基準点コード":"TR44831549601","等級種別":"TR4","基準点名":"茶円平","ワンストップ可否":"○","成果状態":"正常","北緯":"32°29′59″.6780","東経":"131°34′59″.1555","標高":"234.67","現況状態":"報告なし","年月日":"00000000","_sourceFile":"20260505_202555_Base.geojson","_sourceKind":"Base"}},{"type":"Feature","geometry":{"type":"Point","coordinates":[131.59101041666668,32.492443111111115]},"properties":{"_markerType":"Icon","_iconUrl":"https://service.gsi.go.jp/kijunten/contents/screen/point/images/Base/TR4.png","_iconSize":[20,20],"name":"川内","基準点コード":"TR44831549701","等級種別":"TR4","基準点名":"川内","ワンストップ可否":"○","成果状態":"正常","北緯":"32°29′32″.7952","東経":"131°35′27″.6375","標高":"213.29","現況状態":"報告なし","年月日":"00000000","_sourceFile":"20260505_202555_Base.geojson","_sourceKind":"Base"}},{"type":"Feature","geometry":{"type":"Point","coordinates":[131.68556133333334,32.47921541666667]},"properties":{"_markerType":"Icon","_iconUrl":"https://service.gsi.go.jp/kijunten/contents/screen/point/images/Base/TR4.png","_iconSize":[20,20],"name":"牧山","基準点コード":"TR44831557401","等級種別":"TR4","基準点名":"牧山","ワンストップ可否":"○","成果状態":"正常","北緯":"32°28′45″.1755","東経":"131°41′08″.0208","標高":"135.16","現況状態":"正常","年月日":"20091102","_sourceFile":"20260505_202555_Base.geojson","_sourceKind":"Base"}},{"type":"Feature","geometry":{"type":"Point","coordinates":[131.70034330555555,32.47991158333333]},"properties":{"_markerType":"Icon","_iconUrl":"https://service.gsi.go.jp/kijunten/contents/screen/point/images/Base/TR4.png","_iconSize":[20,20],"name":"烏帽子","基準点コード":"TR44831557601","等級種別":"TR4","基準点名":"烏帽子","ワンストップ可否":"○","成果状態":"正常","北緯":"32°28′47″.6817","東経":"131°42′01″.2359","標高":"260.03","現況状態":"正常","年月日":"20091102","_sourceFile":"20260505_202555_Base.geojson","_sourceKind":"Base"}},{"type":"Feature","geometry":{"type":"Point","coordinates":[131.6326206388889,32.48558386111111]},"properties":{"_markerType":"Icon","_iconUrl":"https://service.gsi.go.jp/kijunten/contents/screen/point/images/Base/TR4.png","_iconSize":[20,20],"name":"黒岩谷","基準点コード":"TR44831558001","等級種別":"TR4","基準点名":"黒岩谷","ワンストップ可否":"○","成果状態":"正常","北緯":"32°29′08″.1019","東経":"131°37′57″.4343","標高":"125.12","現況状態":"正常","年月日":"20050715","_sourceFile":"20260505_202555_Base.geojson","_sourceKind":"Base"}},{"type":"Feature","geometry":{"type":"Point","coordinates":[131.54547094444445,32.50036047222222]},"properties":{"_markerType":"Icon","_iconUrl":"https://service.gsi.go.jp/kijunten/contents/screen/point/images/Base/TR4.png","_iconSize":[20,20],"name":"安者","基準点コード":"TR44831640301","等級種別":"TR4","基準点名":"安者","ワンストップ可否":"○","成果状態":"正常","北緯":"32°30′01″.2977","東経":"131°32′43″.6954","標高":"538.67","現況状態":"報告なし","年月日":"19730813","_sourceFile":"20260505_202555_Base.geojson","_sourceKind":"Base"}},{"type":"Feature","geometry":{"type":"Point","coordinates":[131.6042112222222,32.504210694444446]},"properties":{"_markerType":"Icon","_iconUrl":"https://service.gsi.go.jp/kijunten/contents/screen/point/images/Base/TR4.png","_iconSize":[20,20],"name":"津々良","基準点コード":"TR44831640801","等級種別":"TR4","基準点名":"津々良","ワンストップ可否":"○","成果状態":"正常","北緯":"32°30′15″.1585","東経":"131°36′15″.1604","標高":"326.26","現況状態":"報告なし","年月日":"19640704","_sourceFile":"20260505_202555_Base.geojson","_sourceKind":"Base"}},{"type":"Feature","geometry":{"type":"Point","coordinates":[131.61504875,32.50309925]},"properties":{"_markerType":"Icon","_iconUrl":"https://service.gsi.go.jp/kijunten/contents/screen/point/images/Base/TR4.png","_iconSize":[20,20],"name":"二子山","基準点コード":"TR44831640901","等級種別":"TR4","基準点名":"二子山","ワンストップ可否":"○","成果状態":"正常","北緯":"32°30′11″.1573","東経":"131°36′54″.1755","標高":"398.10","現況状態":"報告なし","年月日":"00000000","_sourceFile":"20260505_202555_Base.geojson","_sourceKind":"Base"}},{"type":"Feature","geometry":{"type":"Point","coordinates":[131.5579626388889,32.51237275]},"properties":{"_markerType":"Icon","_iconUrl":"https://service.gsi.go.jp/kijunten/contents/screen/point/images/Base/TR4.png","_iconSize":[20,20],"name":"庭谷","基準点コード":"TR44831641401","等級種別":"TR4","基準点名":"庭谷","ワンストップ可否":"○","成果状態":"正常","北緯":"32°30′44″.5419","東経":"131°33′28″.6655","標高":"203.83","現況状態":"報告なし","年月日":"19730820","_sourceFile":"20260505_202555_Base.geojson","_sourceKind":"Base"}},{"type":"Feature","geometry":{"type":"Point","coordinates":[131.59128905555556,32.50912847222222]},"properties":{"_markerType":"Icon","_iconUrl":"https://service.gsi.go.jp/kijunten/contents/screen/point/images/Base/TR4.png","_iconSize":[20,20],"name":"長平野","基準点コード":"TR44831641701","等級種別":"TR4","基準点名":"長平野","ワンストップ可否":"○","成果状態":"正常","北緯":"32°30′32″.8625","東経":"131°35′28″.6406","標高":"216.10","現況状態":"正常","年月日":"20020512","_sourceFile":"20260505_202555_Base.geojson","_sourceKind":"Base"}},{"type":"Feature","geometry":{"type":"Point","coordinates":[131.54070408333334,32.51688655555555]},"properties":{"_markerType":"Icon","_iconUrl":"https://service.gsi.go.jp/kijunten/contents/screen/point/images/Base/TR4.png","_iconSize":[20,20],"name":"五十鈴","基準点コード":"TR44831642301","等級種別":"TR4","基準点名":"五十鈴","ワンストップ可否":"○","成果状態":"正常","北緯":"32°31′00″.7916","東経":"131°32′26″.5347","標高":"282.35","現況状態":"報告なし","年月日":"19730818","_sourceFile":"20260505_202555_Base.geojson","_sourceKind":"Base"}},{"type":"Feature","geometry":{"type":"Point","coordinates":[131.60378016666667,32.51718808333333]},"properties":{"_markerType":"Icon","_iconUrl":"https://service.gsi.go.jp/kijunten/contents/screen/point/images/Base/TR4.png","_iconSize":[20,20],"name":"津々良東","基準点コード":"TR44831642801","等級種別":"TR4","基準点名":"津々良東","ワンストップ可否":"○","成果状態":"正常","北緯":"32°31′01″.8771","東経":"131°36′13″.6086","標高":"236.52","現況状態":"報告なし","年月日":"19730804","_sourceFile":"20260505_202555_Base.geojson","_sourceKind":"Base"}},{"type":"Feature","geometry":{"type":"Point","coordinates":[131.54652808333333,32.52816825]},"properties":{"_markerType":"Icon","_iconUrl":"https://service.gsi.go.jp/kijunten/contents/screen/point/images/Base/TR4.png","_iconSize":[20,20],"name":"中山谷","基準点コード":"TR44831643301","等級種別":"TR4","基準点名":"中山谷","ワンストップ可否":"○","成果状態":"正常","北緯":"32°31′41″.4057","東経":"131°32′47″.5011","標高":"259.99","現況状態":"報告なし","年月日":"19730809","_sourceFile":"20260505_202555_Base.geojson","_sourceKind":"Base"}},{"type":"Feature","geometry":{"type":"Point","coordinates":[131.56582444444444,32.52980358333333]},"properties":{"_markerType":"Icon","_iconUrl":"https://service.gsi.go.jp/kijunten/contents/screen/point/images/Base/TR4.png","_iconSize":[20,20],"name":"上庭谷","基準点コード":"TR44831643501","等級種別":"TR4","基準点名":"上庭谷","ワンストップ可否":"○","成果状態":"正常","北緯":"32°31′47″.2929","東経":"131°33′56″.9680","標高":"381.72","現況状態":"報告なし","年月日":"19730807","_sourceFile":"20260505_202555_Base.geojson","_sourceKind":"Base"}},{"type":"Feature","geometry":{"type":"Point","coordinates":[131.5958505,32.52633633333333]},"properties":{"_markerType":"Icon","_iconUrl":"https://service.gsi.go.jp/kijunten/contents/screen/point/images/Base/TR4.png","_iconSize":[20,20],"name":"津々良北","基準点コード":"TR44831643701","等級種別":"TR4","基準点名":"津々良北","ワンストップ可否":"○","成果状態":"正常","北緯":"32°31′34″.8108","東経":"131°35′45″.0618","標高":"278.52","現況状態":"報告なし","年月日":"19730804","_sourceFile":"20260505_202555_Base.geojson","_sourceKind":"Base"}},{"type":"Feature","geometry":{"type":"Point","coordinates":[131.54075319444445,32.537919055555555]},"properties":{"_markerType":"Icon","_iconUrl":"https://service.gsi.go.jp/kijunten/contents/screen/point/images/Base/TR4.png","_iconSize":[20,20],"name":"松瀬","基準点コード":"TR44831644301","等級種別":"TR4","基準点名":"松瀬","ワンストップ可否":"○","成果状態":"正常","北緯":"32°32′16″.5086","東経":"131°32′26″.7115","標高":"219.27","現況状態":"報告なし","年月日":"19730808","_sourceFile":"20260505_202555_Base.geojson","_sourceKind":"Base"}},{"type":"Feature","geometry":{"type":"Point","coordinates":[131.58001855555554,32.535883138888885]},"properties":{"_markerType":"Icon","_iconUrl":"https://service.gsi.go.jp/kijunten/contents/screen/point/images/Base/TR4.png","_iconSize":[20,20],"name":"赤沢","基準点コード":"TR44831644601","等級種別":"TR4","基準点名":"赤沢","ワンストップ可否":"○","成果状態":"正常","北緯":"32°32′09″.1793","東経":"131°34′48″.0668","標高":"293.40","現況状態":"報告なし","年月日":"19730807","_sourceFile":"20260505_202555_Base.geojson","_sourceKind":"Base"}},{"type":"Feature","geometry":{"type":"Point","coordinates":[131.6329946388889,32.50428161111111]},"properties":{"_markerType":"Icon","_iconUrl":"https://service.gsi.go.jp/kijunten/contents/screen/point/images/Base/TR4.png","_iconSize":[20,20],"name":"受","基準点コード":"TR44831650001","等級種別":"TR4","基準点名":"受","ワンストップ可否":"○","成果状態":"正常","北緯":"32°30′15″.4138","東経":"131°37′58″.7807","標高":"260.07","現況状態":"正常","年月日":"20050715","_sourceFile":"20260505_202555_Base.geojson","_sourceKind":"Base"}},{"type":"Feature","geometry":{"type":"Point","coordinates":[131.64947955555556,32.50188538888889]},"properties":{"_markerType":"Icon","_iconUrl":"https://service.gsi.go.jp/kijunten/contents/screen/point/images/Base/TR4.png","_iconSize":[20,20],"name":"小田","基準点コード":"TR44831650101","等級種別":"TR4","基準点名":"小田","ワンストップ可否":"○","成果状態":"正常","北緯":"32°30′06″.7874","東経":"131°38′58″.1264","標高":"108.34","現況状態":"報告なし","年月日":"00000000","_sourceFile":"20260505_202555_Base.geojson","_sourceKind":"Base"}}]}